Splitting the commandline.
Reading option '-hide_banner' ... matched as option 'hide_banner' (do not show program banner) with argument '1'.
Reading option '-loglevel' ... matched as option 'loglevel' (set logging level) with argument 'debug'.
Reading option '-nostdin' ... matched as option 'stdin' (enable or disable interaction on standard input) with argument 0.
Reading option '-y' ... matched as option 'y' (overwrite output files) with argument '1'.
Reading option '-xerror' ... matched as option 'xerror' (exit on error) with argument '1'.
Reading option '-benchmark' ... matched as option 'benchmark' (add timings for benchmarking) with argument '1'.
Reading option '-nostats' ... matched as option 'stats' (print progress report during encoding) with argument 0.
Reading option '-threads' ... matched as AVOption 'threads' with argument '1'.
Reading option '-filter_threads' ... matched as option 'filter_threads' (number of non-complex filter threads) with argument '1'.
Reading option '-filter_complex_threads' ... matched as option 'filter_complex_threads' (number of threads for -filter_complex) with argument '1'.
Reading option '-i' ... matched as input url with argument '/tmp/video-estimation-research/bunny.mp4'.
Reading option '-map' ... matched as option 'map' (set input stream mapping) with argument '0:1'.
Reading option '-an' ... matched as option 'an' (disable audio) with argument '1'.
Reading option '-sn' ... matched as option 'sn' (disable subtitle) with argument '1'.
Reading option '-dn' ... matched as option 'dn' (disable data) with argument '1'.
Reading option '-map_metadata' ... matched as option 'map_metadata' (set metadata information of outfile from infile) with argument '-1'.
Reading option '-vf' ... matched as option 'vf' (alias for -filter:v (apply filters to video streams)) with argument 'fps=24,trim=start_frame=1440:end_frame=1442,setpts=PTS-STARTPTS'.
Reading option '-fps_mode' ... matched as option 'fps_mode' (set framerate mode for matching video streams; overrides vsync) with argument 'cfr'.
Reading option '-r' ... matched as option 'r' (override input framerate/convert to given output framerate (Hz value, fraction or abbreviation)) with argument '24'.
Reading option '-c:v' ... matched as option 'c' (select encoder/decoder ('copy' to copy stream without reencoding)) with argument 'libx264'.
Reading option '-crf' ... matched as AVOption 'crf' with argument '23'.
Reading option '-preset' ... matched as AVOption 'preset' with argument 'medium'.
Reading option '-threads' ... matched as AVOption 'threads' with argument '1'.
Reading option '-pix_fmt' ... matched as option 'pix_fmt' (set pixel format) with argument 'yuv420p'.
Reading option '-x264-params' ... matched as AVOption 'x264-params' with argument 'open-gop=0:keyint=250:min-keyint=1'.
Reading option '-movflags' ... matched as AVOption 'movflags' with argument '+faststart'.
Reading option '-benchmark_all' ... matched as option 'benchmark_all' (add timings for each task) with argument '1'.
Reading option '/workspace/video-export-size-estimation/artifacts/decoder-cost-study-2026-10-03/bunny-fps24-segment30-original-debug.mp4' ... matched as output url.
Finished splitting the commandline.
Parsing a group of options: global .
Applying option hide_banner (do not show program banner) with argument 1.
Applying option loglevel (set logging level) with argument debug.
Applying option nostdin (enable or disable interaction on standard input) with argument 0.
Applying option y (overwrite output files) with argument 1.
Applying option xerror (exit on error) with argument 1.
Applying option benchmark (add timings for benchmarking) with argument 1.
Applying option nostats (print progress report during encoding) with argument 0.
Applying option filter_threads (number of non-complex filter threads) with argument 1.
Applying option filter_complex_threads (number of threads for -filter_complex) with argument 1.
Applying option benchmark_all (add timings for each task) with argument 1.
Successfully parsed a group of options.
Parsing a group of options: input url /tmp/video-estimation-research/bunny.mp4.
Successfully parsed a group of options.
Opening an input file: /tmp/video-estimation-research/bunny.mp4.
[AVFormatContext @ 0x55694770a780] Opening '/tmp/video-estimation-research/bunny.mp4' for reading
[file @ 0x55694770ad80] Setting default whitelist 'file,crypto,data'
[mov,mp4,m4a,3gp,3g2,mj2 @ 0x55694770a780] Format mov,mp4,m4a,3gp,3g2,mj2 probed with size=2048 and score=100
[mov,mp4,m4a,3gp,3g2,mj2 @ 0x55694770a780] ISO: File Type Major Brand: mp42
[mov,mp4,m4a,3gp,3g2,mj2 @ 0x55694770a780] Unknown dref type 0x206c7275 size 12
[mov,mp4,m4a,3gp,3g2,mj2 @ 0x55694770a780] Processing st: 0, edit list 0 - media time: 0, duration: 1325095
[mov,mp4,m4a,3gp,3g2,mj2 @ 0x55694770a780] Unknown dref type 0x206c7275 size 12
[mov,mp4,m4a,3gp,3g2,mj2 @ 0x55694770a780] Processing st: 1, edit list 0 - media time: 0, duration: 36057
[mov,mp4,m4a,3gp,3g2,mj2 @ 0x55694770a780] Unknown dref type 0x206c7275 size 12
[mov,mp4,m4a,3gp,3g2,mj2 @ 0x55694770a780] Processing st: 2, edit list 0 - media time: 0, duration: 5408550
[mov,mp4,m4a,3gp,3g2,mj2 @ 0x55694770a780] Unknown dref type 0x206c7275 size 12
[mov,mp4,m4a,3gp,3g2,mj2 @ 0x55694770a780] Processing st: 3, edit list 0 - media time: 0, duration: 1325095
[mov,mp4,m4a,3gp,3g2,mj2 @ 0x55694770a780] Before avformat_find_stream_info() pos: 37114 bytes read:65536 seeks:0 nb_streams:4
Transform tree:
    mdct_inv_float_avx2 - type: mdct_float, len: 64, factors[2]: [2, any], flags: [aligned, out_of_place, inv_only]
        fft32_asm_float_fma3 - type: fft_float, len: 32, factor: 2, flags: [aligned, inplace, out_of_place, preshuf, asm_call]
Transform tree:
    mdct_inv_float_avx2 - type: mdct_float, len: 64, factors[2]: [2, any], flags: [aligned, out_of_place, inv_only]
        fft32_asm_float_fma3 - type: fft_float, len: 32, factor: 2, flags: [aligned, inplace, out_of_place, preshuf, asm_call]
Transform tree:
    mdct_pfa_3xM_inv_float_c - type: mdct_float, len: 96, factors[2]: [3, any], flags: [unaligned, out_of_place, inv_only]
        fft16_ns_float_fma3 - type: fft_float, len: 16, factor: 2, flags: [aligned, inplace, out_of_place, preshuf]
Transform tree:
    mdct_inv_float_avx2 - type: mdct_float, len: 120, factors[2]: [2, any], flags: [aligned, out_of_place, inv_only]
        fft_pfa_15xM_asm_float_avx2 - type: fft_float, len: 60, factors[2]: [15, 2], flags: [aligned, inplace, out_of_place, preshuf, asm_call]
            fft4_fwd_asm_float_sse2 - type: fft_float, len: 4, factor: 2, flags: [aligned, inplace, out_of_place, preshuf, asm_call]
Transform tree:
    mdct_inv_float_avx2 - type: mdct_float, len: 128, factors[2]: [2, any], flags: [aligned, out_of_place, inv_only]
        fft_sr_asm_float_avx2 - type: fft_float, len: 64, factor: 2, flags: [aligned, inplace, out_of_place, preshuf, asm_call]
Transform tree:
    mdct_inv_float_avx2 - type: mdct_float, len: 480, factors[2]: [2, any], flags: [aligned, out_of_place, inv_only]
        fft_pfa_15xM_asm_float_avx2 - type: fft_float, len: 240, factors[2]: [15, 2], flags: [aligned, inplace, out_of_place, preshuf, asm_call]
            fft16_asm_float_fma3 - type: fft_float, len: 16, factor: 2, flags: [aligned, inplace, out_of_place, preshuf, asm_call]
Transform tree:
    mdct_inv_float_avx2 - type: mdct_float, len: 512, factors[2]: [2, any], flags: [aligned, out_of_place, inv_only]
        fft_sr_asm_float_avx2 - type: fft_float, len: 256, factor: 2, flags: [aligned, inplace, out_of_place, preshuf, asm_call]
Transform tree:
    mdct_pfa_3xM_inv_float_c - type: mdct_float, len: 768, factors[2]: [3, any], flags: [unaligned, out_of_place, inv_only]
        fft_sr_ns_float_avx2 - type: fft_float, len: 128, factor: 2, flags: [aligned, inplace, out_of_place, preshuf]
Transform tree:
    mdct_inv_float_avx2 - type: mdct_float, len: 960, factors[2]: [2, any], flags: [aligned, out_of_place, inv_only]
        fft_pfa_15xM_asm_float_avx2 - type: fft_float, len: 480, factors[2]: [15, 2], flags: [aligned, inplace, out_of_place, preshuf, asm_call]
            fft32_asm_float_fma3 - type: fft_float, len: 32, factor: 2, flags: [aligned, inplace, out_of_place, preshuf, asm_call]
Transform tree:
    mdct_inv_float_avx2 - type: mdct_float, len: 1024, factors[2]: [2, any], flags: [aligned, out_of_place, inv_only]
        fft_sr_asm_float_avx2 - type: fft_float, len: 512, factor: 2, flags: [aligned, inplace, out_of_place, preshuf, asm_call]
Transform tree:
    mdct_fwd_float_c - type: mdct_float, len: 1024, factors[2]: [2, any], flags: [unaligned, out_of_place, fwd_only]
        fft_sr_ns_float_avx2 - type: fft_float, len: 512, factor: 2, flags: [aligned, inplace, out_of_place, preshuf]
[h264 @ 0x55694770d240] nal_unit_type: 7(SPS), nal_ref_idc: 1
[h264 @ 0x55694770d240] Decoding VUI
[h264 @ 0x55694770d240] nal_unit_type: 8(PPS), nal_ref_idc: 1
[h264 @ 0x55694770d240] nal_unit_type: 7(SPS), nal_ref_idc: 1
[h264 @ 0x55694770d240] Decoding VUI
[h264 @ 0x55694770d240] nal_unit_type: 8(PPS), nal_ref_idc: 1
[h264 @ 0x55694770d240] nal_unit_type: 6(SEI), nal_ref_idc: 0
    Last message repeated 1 times
[h264 @ 0x55694770d240] nal_unit_type: 5(IDR), nal_ref_idc: 1
    Last message repeated 4 times
[h264 @ 0x55694770d240] Format yuv420p chosen by get_format().
[h264 @ 0x55694770d240] Reinit context to 640x368, pix_fmt: yuv420p
[mov,mp4,m4a,3gp,3g2,mj2 @ 0x55694770a780] All info found
[mov,mp4,m4a,3gp,3g2,mj2 @ 0x55694770a780] After avformat_find_stream_info() pos: 73594 bytes read:98304 seeks:0 frames:12
Input #0, mov,mp4,m4a,3gp,3g2,mj2, from '/tmp/video-estimation-research/bunny.mp4':
  Metadata:
    major_brand     : mp42
    minor_version   : 1
    compatible_brands: mp42avc1
    creation_time   : 2010-02-09T01:55:39.000000Z
  Duration: 00:01:00.10, start: 0.000000, bitrate: 733 kb/s
  Stream #0:0[0x1](eng), 11, 1/22050: Audio: aac (LC) (mp4a / 0x6134706D), 22050 Hz, stereo, fltp, 65 kb/s (default)
      Metadata:
        creation_time   : 2010-02-09T01:55:39.000000Z
        handler_name    : Apple Sound Media Handler
        vendor_id       : [0][0][0][0]
  Stream #0:1[0x2](eng), 1, 1/600: Video: h264 (Constrained Baseline), 1 reference frame (avc1 / 0x31637661), yuv420p(tv, smpte170m/smpte170m/bt709, progressive, topleft), 640x360, 0/1, 612 kb/s, 23.96 fps, 24 tbr, 600 tbn (default)
      Metadata:
        creation_time   : 2010-02-09T01:55:39.000000Z
        handler_name    : Apple Video Media Handler
        vendor_id       : [0][0][0][0]
  Stream #0:2[0x3](eng), 0, 1/90000: Data: none (rtp  / 0x20707472), 0/1, 45 kb/s
      Metadata:
        creation_time   : 2010-02-09T01:55:39.000000Z
        handler_name    : hint media handler
  Stream #0:3[0x4](eng), 0, 1/22050: Data: none (rtp  / 0x20707472), 0/1, 5 kb/s
      Metadata:
        creation_time   : 2010-02-09T01:55:39.000000Z
        handler_name    : hint media handler
Successfully opened the file.
Parsing a group of options: output url /workspace/video-export-size-estimation/artifacts/decoder-cost-study-2026-10-03/bunny-fps24-segment30-original-debug.mp4.
Applying option map (set input stream mapping) with argument 0:1.
Applying option an (disable audio) with argument 1.
Applying option sn (disable subtitle) with argument 1.
Applying option dn (disable data) with argument 1.
Applying option map_metadata (set metadata information of outfile from infile) with argument -1.
Applying option vf (alias for -filter:v (apply filters to video streams)) with argument fps=24,trim=start_frame=1440:end_frame=1442,setpts=PTS-STARTPTS.
Applying option fps_mode (set framerate mode for matching video streams; overrides vsync) with argument cfr.
Applying option r (override input framerate/convert to given output framerate (Hz value, fraction or abbreviation)) with argument 24.
Applying option c:v (select encoder/decoder ('copy' to copy stream without reencoding)) with argument libx264.
Applying option pix_fmt (set pixel format) with argument yuv420p.
Successfully parsed a group of options.
Opening an output file: /workspace/video-export-size-estimation/artifacts/decoder-cost-study-2026-10-03/bunny-fps24-segment30-original-debug.mp4.
[out#0/mp4 @ 0x556947720600] Adding streams from explicit maps...
[vost#0:0/libx264 @ 0x55694772c640] Created video stream from input stream 0:1
[AVFilterGraph @ 0x55694775b640] Setting 'fps' to value '24'
[AVFilterGraph @ 0x55694775b640] Setting 'start_frame' to value '1440'
[AVFilterGraph @ 0x55694775b640] Setting 'end_frame' to value '1442'
[AVFilterGraph @ 0x55694775b640] Setting 'expr' to value 'PTS-STARTPTS'
[Parsed_fps_0 @ 0x5569477db040] 0 frames in, 0 frames out; 0 frames dropped, 0 frames duplicated.
[h264 @ 0x5569477d9300] nal_unit_type: 7(SPS), nal_ref_idc: 1
[h264 @ 0x5569477d9300] Decoding VUI
[h264 @ 0x5569477d9300] nal_unit_type: 8(PPS), nal_ref_idc: 1
[file @ 0x55694776e340] Setting default whitelist 'file,crypto,data'
Successfully opened the file.
Stream mapping:
  Stream #0:1 -> #0:0 (h264 (native) -> h264 (libx264))
[vost#0:0/libx264 @ 0x55694772c640] Starting thread...
[vf#0:0 @ 0x55694775b580] Starting thread...
[vist#0:1/h264 @ 0x556947720480] [dec:h264 @ 0x5569477d6340] Starting thread...
[in#0/mov,mp4,m4a,3gp,3g2,mj2 @ 0x55694770a580] Starting thread...
[h264 @ 0x5569477d9300] nal_unit_type: 6(SEI), nal_ref_idc: 0
    Last message repeated 1 times
[h264 @ 0x5569477d9300] nal_unit_type: 5(IDR), nal_ref_idc: 1
    Last message repeated 4 times
[h264 @ 0x5569477d9300] Format yuv420p chosen by get_format().
[h264 @ 0x5569477d9300] Reinit context to 640x368, pix_fmt: yuv420p
bench:        5 user        0 sys       37 real decode_video 0:1 
bench:        1 user        0 sys        1 real decode_video 0:1 
[h264 @ 0x5569477d9300] nal_unit_type: 6(SEI), nal_ref_idc: 0
[h264 @ 0x5569477d9300] nal_unit_type: 1(Coded slice of a non-IDR picture), nal_ref_idc: 1
    Last message repeated 4 times
[AVFilterGraph @ 0x7fb3e0001000] Setting 'fps' to value '24'
[AVFilterGraph @ 0x7fb3e0001000] Setting 'start_frame' to value '1440'
[AVFilterGraph @ 0x7fb3e0001000] Setting 'end_frame' to value '1442'
[AVFilterGraph @ 0x7fb3e0001000] Setting 'expr' to value 'PTS-STARTPTS'
[graph -1 input from stream 0:1 @ 0x7fb3e00027c0] Setting 'video_size' to value '640x360'
[graph -1 input from stream 0:1 @ 0x7fb3e00027c0] Setting 'pix_fmt' to value '0'
[graph -1 input from stream 0:1 @ 0x7fb3e00027c0] Setting 'time_base' to value '1/600'
[graph -1 input from stream 0:1 @ 0x7fb3e00027c0] Setting 'pixel_aspect' to value '0/1'
[graph -1 input from stream 0:1 @ 0x7fb3e00027c0] Setting 'colorspace' to value '6'
[graph -1 input from stream 0:1 @ 0x7fb3e00027c0] Setting 'range' to value '1'
[graph -1 input from stream 0:1 @ 0x7fb3e00027c0] Setting 'frame_rate' to value '24/1'
[graph -1 input from stream 0:1 @ 0x7fb3e00027c0] w:640 h:360 pixfmt:yuv420p tb:1/600 fr:24/1 sar:0/1 csp:smpte170m range:tv
[format @ 0x7fb3e0002c40] Setting 'pix_fmts' to value 'yuv420p'
[format @ 0x7fb3e0002c40] Setting 'color_ranges' to value 'tv|pc'
[AVFilterGraph @ 0x7fb3e0001000] query_formats: 6 queried, 15 merged, 0 already done, 0 delayed
[Parsed_fps_0 @ 0x7fb3e0001980] fps=24/1
[Parsed_trim_1 @ 0x7fb3e0001c00] TB:0.041667 FRAME_RATE:24.000000 SAMPLE_RATE:nan
[graph -1 input from stream 0:1 @ 0x7fb3e00027c0] video frame properties congruent with link at pts_time: 0
[Parsed_fps_0 @ 0x7fb3e0001980] Read frame with in pts 0, out pts 0
bench:        1 user        0 sys        2 real decode_video 0:1 
bench:        1 user        0 sys        1 real decode_video 0:1 
[Parsed_fps_0 @ 0x7fb3e0001980] Read frame with in pts 25, out pts 1
[Parsed_fps_0 @ 0x7fb3e0001980] Set first pts to 0
[Parsed_fps_0 @ 0x7fb3e0001980] Writing frame with pts 0 to pts 0
[h264 @ 0x5569477d9300] nal_unit_type: 6(SEI), nal_ref_idc: 0
[h264 @ 0x5569477d9300] nal_unit_type: 1(Coded slice of a non-IDR picture), nal_ref_idc: 1
    Last message repeated 4 times
bench:        1 user        0 sys        2 real decode_video 0:1 
bench:        1 user        0 sys        1 real decode_video 0:1 
[h264 @ 0x5569477d9300] nal_unit_type: 6(SEI), nal_ref_idc: 0
[h264 @ 0x5569477d9300] nal_unit_type: 1(Coded slice of a non-IDR picture), nal_ref_idc: 1
    Last message repeated 4 times
[Parsed_fps_0 @ 0x7fb3e0001980] Read frame with in pts 50, out pts 2
[Parsed_fps_0 @ 0x7fb3e0001980] Writing frame with pts 1 to pts 1
bench:        2 user        0 sys        4 real decode_video 0:1 
bench:        0 user        1 sys        1 real decode_video 0:1 
[h264 @ 0x5569477d9300] nal_unit_type: 6(SEI), nal_ref_idc: 0
[h264 @ 0x5569477d9300] nal_unit_type: 1(Coded slice of a non-IDR picture), nal_ref_idc: 1
    Last message repeated 4 times
[Parsed_fps_0 @ 0x7fb3e0001980] Read frame with in pts 75, out pts 3
[Parsed_fps_0 @ 0x7fb3e0001980] Writing frame with pts 2 to pts 2
bench:        0 user        0 sys        2 real decode_video 0:1 
bench:        1 user        1 sys        0 real decode_video 0:1 
[h264 @ 0x5569477d9300] nal_unit_type: 6(SEI), nal_ref_idc: 0
[h264 @ 0x5569477d9300] nal_unit_type: 1(Coded slice of a non-IDR picture), nal_ref_idc: 1
    Last message repeated 4 times
[Parsed_fps_0 @ 0x7fb3e0001980] Read frame with in pts 100, out pts 4
[Parsed_fps_0 @ 0x7fb3e0001980] Writing frame with pts 3 to pts 3
bench:        1 user        0 sys        3 real decode_video 0:1 
bench:        0 user        0 sys        1 real decode_video 0:1 
[h264 @ 0x5569477d9300] nal_unit_type: 6(SEI), nal_ref_idc: 0
[h264 @ 0x5569477d9300] nal_unit_type: 1(Coded slice of a non-IDR picture), nal_ref_idc: 1
    Last message repeated 4 times
[Parsed_fps_0 @ 0x7fb3e0001980] Read frame with in pts 125, out pts 5
[Parsed_fps_0 @ 0x7fb3e0001980] Writing frame with pts 4 to pts 4
bench:        5 user        0 sys       42 real decode_video 0:1 
bench:        1 user        0 sys        1 real decode_video 0:1 
[h264 @ 0x5569477d9300] nal_unit_type: 6(SEI), nal_ref_idc: 0
[h264 @ 0x5569477d9300] nal_unit_type: 1(Coded slice of a non-IDR picture), nal_ref_idc: 1
    Last message repeated 4 times
[Parsed_fps_0 @ 0x7fb3e0001980] Read frame with in pts 150, out pts 6
[Parsed_fps_0 @ 0x7fb3e0001980] Writing frame with pts 5 to pts 5
bench:        1 user        0 sys        3 real decode_video 0:1 
bench:        1 user        0 sys        1 real decode_video 0:1 
[h264 @ 0x5569477d9300] nal_unit_type: 6(SEI), nal_ref_idc: 0
[h264 @ 0x5569477d9300] nal_unit_type: 1(Coded slice of a non-IDR picture), nal_ref_idc: 1
    Last message repeated 4 times
[Parsed_fps_0 @ 0x7fb3e0001980] Read frame with in pts 175, out pts 7
[Parsed_fps_0 @ 0x7fb3e0001980] Writing frame with pts 6 to pts 6
bench:        3 user        0 sys        4 real decode_video 0:1 
bench:        1 user        0 sys        1 real decode_video 0:1 
[h264 @ 0x5569477d9300] nal_unit_type: 6(SEI), nal_ref_idc: 0
[h264 @ 0x5569477d9300] nal_unit_type: 1(Coded slice of a non-IDR picture), nal_ref_idc: 1
    Last message repeated 4 times
[Parsed_fps_0 @ 0x7fb3e0001980] Read frame with in pts 200, out pts 8
[Parsed_fps_0 @ 0x7fb3e0001980] Writing frame with pts 7 to pts 7
bench:        2 user        1 sys        5 real decode_video 0:1 
bench:        1 user        1 sys        2 real decode_video 0:1 
[h264 @ 0x5569477d9300] nal_unit_type: 6(SEI), nal_ref_idc: 0
[h264 @ 0x5569477d9300] nal_unit_type: 1(Coded slice of a non-IDR picture), nal_ref_idc: 1
    Last message repeated 3 times
[Parsed_fps_0 @ 0x7fb3e0001980] Read frame with in pts 225, out pts 9
[Parsed_fps_0 @ 0x7fb3e0001980] Writing frame with pts 8 to pts 8
[h264 @ 0x5569477d9300] nal_unit_type: 1(Coded slice of a non-IDR picture), nal_ref_idc: 1
bench:        2 user        0 sys        2 real decode_video 0:1 
bench:        0 user        0 sys        0 real decode_video 0:1 
[h264 @ 0x5569477d9300] nal_unit_type: 6(SEI), nal_ref_idc: 0
[h264 @ 0x5569477d9300] nal_unit_type: 1(Coded slice of a non-IDR picture), nal_ref_idc: 1
    Last message repeated 4 times
[Parsed_fps_0 @ 0x7fb3e0001980] Read frame with in pts 250, out pts 10
[Parsed_fps_0 @ 0x7fb3e0001980] Writing frame with pts 9 to pts 9
bench:        2 user        0 sys        4 real decode_video 0:1 
bench:        1 user        0 sys        1 real decode_video 0:1 
[h264 @ 0x5569477d9300] nal_unit_type: 6(SEI), nal_ref_idc: 0
[h264 @ 0x5569477d9300] nal_unit_type: 1(Coded slice of a non-IDR picture), nal_ref_idc: 1
    Last message repeated 4 times
[Parsed_fps_0 @ 0x7fb3e0001980] Read frame with in pts 275, out pts 11
[Parsed_fps_0 @ 0x7fb3e0001980] Writing frame with pts 10 to pts 10
bench:        0 user        0 sys        1 real decode_video 0:1 
    Last message repeated 1 times
[h264 @ 0x5569477d9300] nal_unit_type: 6(SEI), nal_ref_idc: 0
[h264 @ 0x5569477d9300] nal_unit_type: 1(Coded slice of a non-IDR picture), nal_ref_idc: 1
    Last message repeated 4 times
[Parsed_fps_0 @ 0x7fb3e0001980] Read frame with in pts 300, out pts 12
[Parsed_fps_0 @ 0x7fb3e0001980] Writing frame with pts 11 to pts 11
bench:        1 user        0 sys        1 real decode_video 0:1 
bench:        0 user        0 sys        0 real decode_video 0:1 
[h264 @ 0x5569477d9300] nal_unit_type: 6(SEI), nal_ref_idc: 0
[h264 @ 0x5569477d9300] nal_unit_type: 1(Coded slice of a non-IDR picture), nal_ref_idc: 1
    Last message repeated 3 times
[Parsed_fps_0 @ 0x7fb3e0001980] Read frame with in pts 325, out pts 13
[Parsed_fps_0 @ 0x7fb3e0001980] Writing frame with pts 12 to pts 12
[h264 @ 0x5569477d9300] nal_unit_type: 1(Coded slice of a non-IDR picture), nal_ref_idc: 1
bench:        1 user        0 sys        2 real decode_video 0:1 
bench:        1 user        0 sys        1 real decode_video 0:1 
[h264 @ 0x5569477d9300] nal_unit_type: 6(SEI), nal_ref_idc: 0
[h264 @ 0x5569477d9300] nal_unit_type: 1(Coded slice of a non-IDR picture), nal_ref_idc: 1
    Last message repeated 1 times
[Parsed_fps_0 @ 0x7fb3e0001980] Read frame with in pts 350, out pts 14
[Parsed_fps_0 @ 0x7fb3e0001980] Writing frame with pts 13 to pts 13
[h264 @ 0x5569477d9300] nal_unit_type: 1(Coded slice of a non-IDR picture), nal_ref_idc: 1
    Last message repeated 2 times
bench:        2 user        0 sys        4 real decode_video 0:1 
bench:        1 user        1 sys        1 real decode_video 0:1 
[h264 @ 0x5569477d9300] nal_unit_type: 6(SEI), nal_ref_idc: 0
[h264 @ 0x5569477d9300] nal_unit_type: 1(Coded slice of a non-IDR picture), nal_ref_idc: 1
    Last message repeated 4 times
[Parsed_fps_0 @ 0x7fb3e0001980] Read frame with in pts 375, out pts 15
[Parsed_fps_0 @ 0x7fb3e0001980] Writing frame with pts 14 to pts 14
bench:        0 user        0 sys        1 real decode_video 0:1 
bench:        1 user        0 sys        1 real decode_video 0:1 
[h264 @ 0x5569477d9300] nal_unit_type: 6(SEI), nal_ref_idc: 0
[h264 @ 0x5569477d9300] nal_unit_type: 1(Coded slice of a non-IDR picture), nal_ref_idc: 1
    Last message repeated 4 times
[Parsed_fps_0 @ 0x7fb3e0001980] Read frame with in pts 400, out pts 16
[Parsed_fps_0 @ 0x7fb3e0001980] Writing frame with pts 15 to pts 15
bench:        1 user        0 sys        1 real decode_video 0:1 
bench:        0 user        0 sys        0 real decode_video 0:1 
[h264 @ 0x5569477d9300] nal_unit_type: 6(SEI), nal_ref_idc: 0
[h264 @ 0x5569477d9300] nal_unit_type: 1(Coded slice of a non-IDR picture), nal_ref_idc: 1
    Last message repeated 4 times
[Parsed_fps_0 @ 0x7fb3e0001980] Read frame with in pts 425, out pts 17
[Parsed_fps_0 @ 0x7fb3e0001980] Writing frame with pts 16 to pts 16
bench:        1 user        1 sys        3 real decode_video 0:1 
bench:        1 user        0 sys        0 real decode_video 0:1 
[h264 @ 0x5569477d9300] nal_unit_type: 6(SEI), nal_ref_idc: 0
[h264 @ 0x5569477d9300] nal_unit_type: 1(Coded slice of a non-IDR picture), nal_ref_idc: 1
    Last message repeated 4 times
[Parsed_fps_0 @ 0x7fb3e0001980] Read frame with in pts 450, out pts 18
[Parsed_fps_0 @ 0x7fb3e0001980] Writing frame with pts 17 to pts 17
bench:        1 user        0 sys        1 real decode_video 0:1 
    Last message repeated 1 times
[h264 @ 0x5569477d9300] nal_unit_type: 6(SEI), nal_ref_idc: 0
[h264 @ 0x5569477d9300] nal_unit_type: 1(Coded slice of a non-IDR picture), nal_ref_idc: 1
    Last message repeated 4 times
[Parsed_fps_0 @ 0x7fb3e0001980] Read frame with in pts 475, out pts 19
[Parsed_fps_0 @ 0x7fb3e0001980] Writing frame with pts 18 to pts 18
bench:        1 user        0 sys        1 real decode_video 0:1 
bench:        0 user        0 sys        0 real decode_video 0:1 
[h264 @ 0x5569477d9300] nal_unit_type: 6(SEI), nal_ref_idc: 0
[h264 @ 0x5569477d9300] nal_unit_type: 1(Coded slice of a non-IDR picture), nal_ref_idc: 1
    Last message repeated 4 times
[Parsed_fps_0 @ 0x7fb3e0001980] Read frame with in pts 500, out pts 20
[Parsed_fps_0 @ 0x7fb3e0001980] Writing frame with pts 19 to pts 19
bench:        1 user        0 sys        1 real decode_video 0:1 
    Last message repeated 1 times
[h264 @ 0x5569477d9300] nal_unit_type: 6(SEI), nal_ref_idc: 0
[h264 @ 0x5569477d9300] nal_unit_type: 1(Coded slice of a non-IDR picture), nal_ref_idc: 1
    Last message repeated 4 times
[Parsed_fps_0 @ 0x7fb3e0001980] Read frame with in pts 525, out pts 21
[Parsed_fps_0 @ 0x7fb3e0001980] Writing frame with pts 20 to pts 20
bench:        2 user        0 sys        5 real decode_video 0:1 
bench:        1 user        0 sys        1 real decode_video 0:1 
[Parsed_fps_0 @ 0x7fb3e0001980] Read frame with in pts 550, out pts 22
[Parsed_fps_0 @ 0x7fb3e0001980] Writing frame with pts 21 to pts 21
[h264 @ 0x5569477d9300] nal_unit_type: 6(SEI), nal_ref_idc: 0
[h264 @ 0x5569477d9300] nal_unit_type: 1(Coded slice of a non-IDR picture), nal_ref_idc: 1
    Last message repeated 4 times
bench:        2 user        0 sys        2 real decode_video 0:1 
bench:        0 user        0 sys        0 real decode_video 0:1 
[Parsed_fps_0 @ 0x7fb3e0001980] Read frame with in pts 575, out pts 23
[Parsed_fps_0 @ 0x7fb3e0001980] Writing frame with pts 22 to pts 22
[h264 @ 0x5569477d9300] nal_unit_type: 6(SEI), nal_ref_idc: 0
[h264 @ 0x5569477d9300] nal_unit_type: 1(Coded slice of a non-IDR picture), nal_ref_idc: 1
    Last message repeated 4 times
bench:        1 user        0 sys        2 real decode_video 0:1 
bench:        1 user        0 sys        0 real decode_video 0:1 
[Parsed_fps_0 @ 0x7fb3e0001980] Read frame with in pts 600, out pts 24
[Parsed_fps_0 @ 0x7fb3e0001980] Writing frame with pts 23 to pts 23
[h264 @ 0x5569477d9300] nal_unit_type: 6(SEI), nal_ref_idc: 0
[h264 @ 0x5569477d9300] nal_unit_type: 1(Coded slice of a non-IDR picture), nal_ref_idc: 1
    Last message repeated 4 times
bench:        2 user        0 sys        3 real decode_video 0:1 
bench:        1 user        0 sys        1 real decode_video 0:1 
[h264 @ 0x5569477d9300] nal_unit_type: 6(SEI), nal_ref_idc: 0
[h264 @ 0x5569477d9300] nal_unit_type: 1(Coded slice of a non-IDR picture), nal_ref_idc: 1
    Last message repeated 4 times
[Parsed_fps_0 @ 0x7fb3e0001980] Read frame with in pts 625, out pts 25
[Parsed_fps_0 @ 0x7fb3e0001980] Writing frame with pts 24 to pts 24
bench:        0 user        0 sys        1 real decode_video 0:1 
    Last message repeated 1 times
[h264 @ 0x5569477d9300] nal_unit_type: 6(SEI), nal_ref_idc: 0
[h264 @ 0x5569477d9300] nal_unit_type: 1(Coded slice of a non-IDR picture), nal_ref_idc: 1
    Last message repeated 4 times
[Parsed_fps_0 @ 0x7fb3e0001980] Read frame with in pts 650, out pts 26
[Parsed_fps_0 @ 0x7fb3e0001980] Writing frame with pts 25 to pts 25
bench:        1 user        0 sys        1 real decode_video 0:1 
    Last message repeated 1 times
[h264 @ 0x5569477d9300] nal_unit_type: 6(SEI), nal_ref_idc: 0
[h264 @ 0x5569477d9300] nal_unit_type: 1(Coded slice of a non-IDR picture), nal_ref_idc: 1
    Last message repeated 4 times
[Parsed_fps_0 @ 0x7fb3e0001980] Read frame with in pts 675, out pts 27
[Parsed_fps_0 @ 0x7fb3e0001980] Writing frame with pts 26 to pts 26
bench:        2 user        0 sys        3 real decode_video 0:1 
bench:        1 user        0 sys        1 real decode_video 0:1 
[Parsed_fps_0 @ 0x7fb3e0001980] Read frame with in pts 700, out pts 28
[Parsed_fps_0 @ 0x7fb3e0001980] Writing frame with pts 27 to pts 27
[h264 @ 0x5569477d9300] nal_unit_type: 6(SEI), nal_ref_idc: 0
[h264 @ 0x5569477d9300] nal_unit_type: 1(Coded slice of a non-IDR picture), nal_ref_idc: 1
    Last message repeated 4 times
bench:        3 user        0 sys       24 real decode_video 0:1 
bench:        0 user        0 sys        1 real decode_video 0:1 
[Parsed_fps_0 @ 0x7fb3e0001980] Read frame with in pts 725, out pts 29
[Parsed_fps_0 @ 0x7fb3e0001980] Writing frame with pts 28 to pts 28
[h264 @ 0x5569477d9300] nal_unit_type: 6(SEI), nal_ref_idc: 0
[h264 @ 0x5569477d9300] nal_unit_type: 1(Coded slice of a non-IDR picture), nal_ref_idc: 1
    Last message repeated 4 times
bench:        1 user        0 sys        2 real decode_video 0:1 
bench:        0 user        0 sys        0 real decode_video 0:1 
[h264 @ 0x5569477d9300] nal_unit_type: 6(SEI), nal_ref_idc: 0
[h264 @ 0x5569477d9300] nal_unit_type: 1(Coded slice of a non-IDR picture), nal_ref_idc: 1
    Last message repeated 4 times
[Parsed_fps_0 @ 0x7fb3e0001980] Read frame with in pts 750, out pts 30
[Parsed_fps_0 @ 0x7fb3e0001980] Writing frame with pts 29 to pts 29
bench:        2 user        0 sys        3 real decode_video 0:1 
bench:        1 user        0 sys        0 real decode_video 0:1 
[h264 @ 0x5569477d9300] nal_unit_type: 6(SEI), nal_ref_idc: 0
[h264 @ 0x5569477d9300] nal_unit_type: 1(Coded slice of a non-IDR picture), nal_ref_idc: 1
    Last message repeated 4 times
[Parsed_fps_0 @ 0x7fb3e0001980] Read frame with in pts 775, out pts 31
[Parsed_fps_0 @ 0x7fb3e0001980] Writing frame with pts 30 to pts 30
bench:        1 user        0 sys        1 real decode_video 0:1 
bench:        0 user        0 sys        0 real decode_video 0:1 
[h264 @ 0x5569477d9300] nal_unit_type: 6(SEI), nal_ref_idc: 0
[h264 @ 0x5569477d9300] nal_unit_type: 1(Coded slice of a non-IDR picture), nal_ref_idc: 1
    Last message repeated 4 times
[Parsed_fps_0 @ 0x7fb3e0001980] Read frame with in pts 800, out pts 32
[Parsed_fps_0 @ 0x7fb3e0001980] Writing frame with pts 31 to pts 31
bench:        1 user        0 sys        1 real decode_video 0:1 
bench:        0 user        0 sys        1 real decode_video 0:1 
[h264 @ 0x5569477d9300] nal_unit_type: 6(SEI), nal_ref_idc: 0
[h264 @ 0x5569477d9300] nal_unit_type: 1(Coded slice of a non-IDR picture), nal_ref_idc: 1
    Last message repeated 4 times
[Parsed_fps_0 @ 0x7fb3e0001980] Read frame with in pts 825, out pts 33
[Parsed_fps_0 @ 0x7fb3e0001980] Writing frame with pts 32 to pts 32
bench:        1 user        0 sys        2 real decode_video 0:1 
bench:        1 user        0 sys        1 real decode_video 0:1 
[h264 @ 0x5569477d9300] nal_unit_type: 6(SEI), nal_ref_idc: 0
[h264 @ 0x5569477d9300] nal_unit_type: 1(Coded slice of a non-IDR picture), nal_ref_idc: 1
    Last message repeated 4 times
[Parsed_fps_0 @ 0x7fb3e0001980] Read frame with in pts 850, out pts 34
[Parsed_fps_0 @ 0x7fb3e0001980] Writing frame with pts 33 to pts 33
bench:        1 user        0 sys        1 real decode_video 0:1 
bench:        0 user        0 sys        1 real decode_video 0:1 
[Parsed_fps_0 @ 0x7fb3e0001980] Read frame with in pts 875, out pts 35
[Parsed_fps_0 @ 0x7fb3e0001980] Writing frame with pts 34 to pts 34
[h264 @ 0x5569477d9300] nal_unit_type: 6(SEI), nal_ref_idc: 0
[h264 @ 0x5569477d9300] nal_unit_type: 1(Coded slice of a non-IDR picture), nal_ref_idc: 1
    Last message repeated 4 times
bench:        1 user        0 sys        1 real decode_video 0:1 
bench:        1 user        0 sys        0 real decode_video 0:1 
[h264 @ 0x5569477d9300] nal_unit_type: 6(SEI), nal_ref_idc: 0
[h264 @ 0x5569477d9300] nal_unit_type: 1(Coded slice of a non-IDR picture), nal_ref_idc: 1
    Last message repeated 4 times
[Parsed_fps_0 @ 0x7fb3e0001980] Read frame with in pts 900, out pts 36
[Parsed_fps_0 @ 0x7fb3e0001980] Writing frame with pts 35 to pts 35
bench:        1 user        0 sys        1 real decode_video 0:1 
    Last message repeated 1 times
[h264 @ 0x5569477d9300] nal_unit_type: 6(SEI), nal_ref_idc: 0
[h264 @ 0x5569477d9300] nal_unit_type: 1(Coded slice of a non-IDR picture), nal_ref_idc: 1
    Last message repeated 4 times
[Parsed_fps_0 @ 0x7fb3e0001980] Read frame with in pts 925, out pts 37
[Parsed_fps_0 @ 0x7fb3e0001980] Writing frame with pts 36 to pts 36
bench:        3 user        0 sys        5 real decode_video 0:1 
bench:        1 user        0 sys        1 real decode_video 0:1 
[h264 @ 0x5569477d9300] nal_unit_type: 6(SEI), nal_ref_idc: 0
[h264 @ 0x5569477d9300] nal_unit_type: 1(Coded slice of a non-IDR picture), nal_ref_idc: 1
    Last message repeated 4 times
[Parsed_fps_0 @ 0x7fb3e0001980] Read frame with in pts 950, out pts 38
[Parsed_fps_0 @ 0x7fb3e0001980] Writing frame with pts 37 to pts 37
bench:        0 user        0 sys        1 real decode_video 0:1 
bench:        1 user        0 sys        1 real decode_video 0:1 
[h264 @ 0x5569477d9300] nal_unit_type: 6(SEI), nal_ref_idc: 0
[h264 @ 0x5569477d9300] nal_unit_type: 1(Coded slice of a non-IDR picture), nal_ref_idc: 1
    Last message repeated 4 times
[Parsed_fps_0 @ 0x7fb3e0001980] Read frame with in pts 975, out pts 39
[Parsed_fps_0 @ 0x7fb3e0001980] Writing frame with pts 38 to pts 38
bench:        7 user        0 sys       32 real decode_video 0:1 
bench:        1 user        0 sys        2 real decode_video 0:1 
[Parsed_fps_0 @ 0x7fb3e0001980] Read frame with in pts 1000, out pts 40
[Parsed_fps_0 @ 0x7fb3e0001980] Writing frame with pts 39 to pts 39
[h264 @ 0x5569477d9300] nal_unit_type: 6(SEI), nal_ref_idc: 0
[h264 @ 0x5569477d9300] nal_unit_type: 1(Coded slice of a non-IDR picture), nal_ref_idc: 1
    Last message repeated 4 times
bench:        0 user        1 sys        2 real decode_video 0:1 
bench:        0 user        0 sys        0 real decode_video 0:1 
[h264 @ 0x5569477d9300] nal_unit_type: 6(SEI), nal_ref_idc: 0
[h264 @ 0x5569477d9300] nal_unit_type: 1(Coded slice of a non-IDR picture), nal_ref_idc: 1
[Parsed_fps_0 @ 0x7fb3e0001980] Read frame with in pts 1025, out pts 41
[Parsed_fps_0 @ 0x7fb3e0001980] Writing frame with pts 40 to pts 40
[h264 @ 0x5569477d9300] nal_unit_type: 1(Coded slice of a non-IDR picture), nal_ref_idc: 1
    Last message repeated 3 times
bench:        0 user        1 sys        2 real decode_video 0:1 
bench:        0 user        1 sys        0 real decode_video 0:1 
[h264 @ 0x5569477d9300] nal_unit_type: 6(SEI), nal_ref_idc: 0
[h264 @ 0x5569477d9300] nal_unit_type: 1(Coded slice of a non-IDR picture), nal_ref_idc: 1
    Last message repeated 4 times
[Parsed_fps_0 @ 0x7fb3e0001980] Read frame with in pts 1050, out pts 42
[Parsed_fps_0 @ 0x7fb3e0001980] Writing frame with pts 41 to pts 41
bench:        0 user        1 sys        1 real decode_video 0:1 
    Last message repeated 1 times
[h264 @ 0x5569477d9300] nal_unit_type: 6(SEI), nal_ref_idc: 0
[h264 @ 0x5569477d9300] nal_unit_type: 1(Coded slice of a non-IDR picture), nal_ref_idc: 1
    Last message repeated 4 times
[Parsed_fps_0 @ 0x7fb3e0001980] Read frame with in pts 1075, out pts 43
[Parsed_fps_0 @ 0x7fb3e0001980] Writing frame with pts 42 to pts 42
bench:        0 user        1 sys        2 real decode_video 0:1 
bench:        0 user        0 sys        0 real decode_video 0:1 
[h264 @ 0x5569477d9300] nal_unit_type: 6(SEI), nal_ref_idc: 0
[h264 @ 0x5569477d9300] nal_unit_type: 1(Coded slice of a non-IDR picture), nal_ref_idc: 1
    Last message repeated 4 times
[Parsed_fps_0 @ 0x7fb3e0001980] Read frame with in pts 1100, out pts 44
[Parsed_fps_0 @ 0x7fb3e0001980] Writing frame with pts 43 to pts 43
bench:        0 user        1 sys        1 real decode_video 0:1 
bench:        0 user        0 sys        1 real decode_video 0:1 
[h264 @ 0x5569477d9300] nal_unit_type: 6(SEI), nal_ref_idc: 0
[h264 @ 0x5569477d9300] nal_unit_type: 1(Coded slice of a non-IDR picture), nal_ref_idc: 1
    Last message repeated 4 times
[Parsed_fps_0 @ 0x7fb3e0001980] Read frame with in pts 1125, out pts 45
[Parsed_fps_0 @ 0x7fb3e0001980] Writing frame with pts 44 to pts 44
bench:        0 user        5 sys       29 real decode_video 0:1 
bench:        0 user        1 sys        1 real decode_video 0:1 
[Parsed_fps_0 @ 0x7fb3e0001980] Read frame with in pts 1150, out pts 46
[Parsed_fps_0 @ 0x7fb3e0001980] Writing frame with pts 45 to pts 45
[h264 @ 0x5569477d9300] nal_unit_type: 6(SEI), nal_ref_idc: 0
[h264 @ 0x5569477d9300] nal_unit_type: 1(Coded slice of a non-IDR picture), nal_ref_idc: 1
    Last message repeated 4 times
bench:        0 user        2 sys        3 real decode_video 0:1 
bench:        0 user        1 sys        1 real decode_video 0:1 
[h264 @ 0x5569477d9300] nal_unit_type: 6(SEI), nal_ref_idc: 0
[h264 @ 0x5569477d9300] nal_unit_type: 1(Coded slice of a non-IDR picture), nal_ref_idc: 1
    Last message repeated 4 times
[Parsed_fps_0 @ 0x7fb3e0001980] Read frame with in pts 1175, out pts 47
[Parsed_fps_0 @ 0x7fb3e0001980] Writing frame with pts 46 to pts 46
bench:        0 user        1 sys        1 real decode_video 0:1 
    Last message repeated 1 times
[h264 @ 0x5569477d9300] nal_unit_type: 6(SEI), nal_ref_idc: 0
[h264 @ 0x5569477d9300] nal_unit_type: 1(Coded slice of a non-IDR picture), nal_ref_idc: 1
    Last message repeated 4 times
[Parsed_fps_0 @ 0x7fb3e0001980] Read frame with in pts 1200, out pts 48
[Parsed_fps_0 @ 0x7fb3e0001980] Writing frame with pts 47 to pts 47
bench:        0 user        1 sys        1 real decode_video 0:1 
bench:        0 user        1 sys        0 real decode_video 0:1 
[h264 @ 0x5569477d9300] nal_unit_type: 6(SEI), nal_ref_idc: 0
[h264 @ 0x5569477d9300] nal_unit_type: 1(Coded slice of a non-IDR picture), nal_ref_idc: 1
    Last message repeated 4 times
[Parsed_fps_0 @ 0x7fb3e0001980] Read frame with in pts 1225, out pts 49
[Parsed_fps_0 @ 0x7fb3e0001980] Writing frame with pts 48 to pts 48
bench:        0 user        4 sys       26 real decode_video 0:1 
bench:        0 user        1 sys        1 real decode_video 0:1 
[Parsed_fps_0 @ 0x7fb3e0001980] Read frame with in pts 1250, out pts 50
[Parsed_fps_0 @ 0x7fb3e0001980] Writing frame with pts 49 to pts 49
[h264 @ 0x5569477d9300] nal_unit_type: 6(SEI), nal_ref_idc: 0
[h264 @ 0x5569477d9300] nal_unit_type: 1(Coded slice of a non-IDR picture), nal_ref_idc: 1
    Last message repeated 4 times
bench:        1 user        1 sys        2 real decode_video 0:1 
bench:        0 user        0 sys        1 real decode_video 0:1 
[h264 @ 0x5569477d9300] nal_unit_type: 6(SEI), nal_ref_idc: 0
[h264 @ 0x5569477d9300] nal_unit_type: 1(Coded slice of a non-IDR picture), nal_ref_idc: 1
    Last message repeated 4 times
[Parsed_fps_0 @ 0x7fb3e0001980] Read frame with in pts 1275, out pts 51
[Parsed_fps_0 @ 0x7fb3e0001980] Writing frame with pts 50 to pts 50
bench:        1 user        1 sys        1 real decode_video 0:1 
bench:        1 user        0 sys        0 real decode_video 0:1 
[h264 @ 0x5569477d9300] nal_unit_type: 6(SEI), nal_ref_idc: 0
[h264 @ 0x5569477d9300] nal_unit_type: 1(Coded slice of a non-IDR picture), nal_ref_idc: 1
    Last message repeated 2 times
[Parsed_fps_0 @ 0x7fb3e0001980] Read frame with in pts 1300, out pts 52
[Parsed_fps_0 @ 0x7fb3e0001980] Writing frame with pts 51 to pts 51
[h264 @ 0x5569477d9300] nal_unit_type: 1(Coded slice of a non-IDR picture), nal_ref_idc: 1
    Last message repeated 1 times
bench:        2 user        0 sys        3 real decode_video 0:1 
bench:        0 user        0 sys        1 real decode_video 0:1 
[Parsed_fps_0 @ 0x7fb3e0001980] Read frame with in pts 1325, out pts 53
[Parsed_fps_0 @ 0x7fb3e0001980] Writing frame with pts 52 to pts 52
[h264 @ 0x5569477d9300] nal_unit_type: 6(SEI), nal_ref_idc: 0
[h264 @ 0x5569477d9300] nal_unit_type: 1(Coded slice of a non-IDR picture), nal_ref_idc: 1
    Last message repeated 4 times
bench:        1 user        0 sys        2 real decode_video 0:1 
bench:        1 user        0 sys        0 real decode_video 0:1 
[h264 @ 0x5569477d9300] nal_unit_type: 6(SEI), nal_ref_idc: 0
[h264 @ 0x5569477d9300] nal_unit_type: 1(Coded slice of a non-IDR picture), nal_ref_idc: 1
[Parsed_fps_0 @ 0x7fb3e0001980] Read frame with in pts 1350, out pts 54
[Parsed_fps_0 @ 0x7fb3e0001980] Writing frame with pts 53 to pts 53
[h264 @ 0x5569477d9300] nal_unit_type: 1(Coded slice of a non-IDR picture), nal_ref_idc: 1
    Last message repeated 3 times
bench:        0 user        0 sys        1 real decode_video 0:1 
bench:        0 user        0 sys        2 real decode_video 0:1 
[Parsed_fps_0 @ 0x7fb3e0001980] Read frame with in pts 1375, out pts 55
[Parsed_fps_0 @ 0x7fb3e0001980] Writing frame with pts 54 to pts 54
[h264 @ 0x5569477d9300] nal_unit_type: 6(SEI), nal_ref_idc: 0
[h264 @ 0x5569477d9300] nal_unit_type: 1(Coded slice of a non-IDR picture), nal_ref_idc: 1
    Last message repeated 4 times
bench:        1 user        0 sys        3 real decode_video 0:1 
bench:        1 user        1 sys        1 real decode_video 0:1 
[h264 @ 0x5569477d9300] nal_unit_type: 6(SEI), nal_ref_idc: 0
[h264 @ 0x5569477d9300] nal_unit_type: 1(Coded slice of a non-IDR picture), nal_ref_idc: 1
    Last message repeated 4 times
[Parsed_fps_0 @ 0x7fb3e0001980] Read frame with in pts 1400, out pts 56
[Parsed_fps_0 @ 0x7fb3e0001980] Writing frame with pts 55 to pts 55
bench:        1 user        1 sys        1 real decode_video 0:1 
bench:        1 user        0 sys        0 real decode_video 0:1 
[h264 @ 0x5569477d9300] nal_unit_type: 6(SEI), nal_ref_idc: 0
[h264 @ 0x5569477d9300] nal_unit_type: 1(Coded slice of a non-IDR picture), nal_ref_idc: 1
    Last message repeated 3 times
[Parsed_fps_0 @ 0x7fb3e0001980] Read frame with in pts 1425, out pts 57
[Parsed_fps_0 @ 0x7fb3e0001980] Writing frame with pts 56 to pts 56
[h264 @ 0x5569477d9300] nal_unit_type: 1(Coded slice of a non-IDR picture), nal_ref_idc: 1
bench:        0 user        0 sys        1 real decode_video 0:1 
bench:        0 user        1 sys        1 real decode_video 0:1 
[Parsed_fps_0 @ 0x7fb3e0001980] Read frame with in pts 1450, out pts 58
[Parsed_fps_0 @ 0x7fb3e0001980] Writing frame with pts 57 to pts 57
[h264 @ 0x5569477d9300] nal_unit_type: 6(SEI), nal_ref_idc: 0
[h264 @ 0x5569477d9300] nal_unit_type: 1(Coded slice of a non-IDR picture), nal_ref_idc: 1
    Last message repeated 4 times
bench:        1 user        0 sys        2 real decode_video 0:1 
bench:        0 user        1 sys        0 real decode_video 0:1 
[h264 @ 0x5569477d9300] nal_unit_type: 6(SEI), nal_ref_idc: 0
[h264 @ 0x5569477d9300] nal_unit_type: 1(Coded slice of a non-IDR picture), nal_ref_idc: 1
    Last message repeated 4 times
[Parsed_fps_0 @ 0x7fb3e0001980] Read frame with in pts 1475, out pts 59
[Parsed_fps_0 @ 0x7fb3e0001980] Writing frame with pts 58 to pts 58
bench:        1 user        1 sys        1 real decode_video 0:1 
bench:        0 user        0 sys        1 real decode_video 0:1 
[h264 @ 0x5569477d9300] nal_unit_type: 6(SEI), nal_ref_idc: 0
[h264 @ 0x5569477d9300] nal_unit_type: 1(Coded slice of a non-IDR picture), nal_ref_idc: 1
    Last message repeated 4 times
[Parsed_fps_0 @ 0x7fb3e0001980] Read frame with in pts 1500, out pts 60
[Parsed_fps_0 @ 0x7fb3e0001980] Writing frame with pts 59 to pts 59
bench:        1 user        0 sys        1 real decode_video 0:1 
bench:        0 user        0 sys        1 real decode_video 0:1 
[h264 @ 0x5569477d9300] nal_unit_type: 6(SEI), nal_ref_idc: 0
[h264 @ 0x5569477d9300] nal_unit_type: 1(Coded slice of a non-IDR picture), nal_ref_idc: 1
    Last message repeated 4 times
[Parsed_fps_0 @ 0x7fb3e0001980] Read frame with in pts 1525, out pts 61
[Parsed_fps_0 @ 0x7fb3e0001980] Writing frame with pts 60 to pts 60
bench:        0 user        0 sys        2 real decode_video 0:1 
bench:        1 user        0 sys        0 real decode_video 0:1 
[h264 @ 0x5569477d9300] nal_unit_type: 6(SEI), nal_ref_idc: 0
[h264 @ 0x5569477d9300] nal_unit_type: 1(Coded slice of a non-IDR picture), nal_ref_idc: 1
    Last message repeated 4 times
[Parsed_fps_0 @ 0x7fb3e0001980] Read frame with in pts 1550, out pts 62
[Parsed_fps_0 @ 0x7fb3e0001980] Writing frame with pts 61 to pts 61
bench:        0 user        0 sys        1 real decode_video 0:1 
bench:        1 user        0 sys        0 real decode_video 0:1 
[h264 @ 0x5569477d9300] nal_unit_type: 6(SEI), nal_ref_idc: 0
[h264 @ 0x5569477d9300] nal_unit_type: 5(IDR), nal_ref_idc: 1
    Last message repeated 1 times
[Parsed_fps_0 @ 0x7fb3e0001980] Read frame with in pts 1575, out pts 63
[Parsed_fps_0 @ 0x7fb3e0001980] Writing frame with pts 62 to pts 62
[h264 @ 0x5569477d9300] nal_unit_type: 5(IDR), nal_ref_idc: 1
    Last message repeated 2 times
bench:        1 user        0 sys        2 real decode_video 0:1 
bench:        2 user        1 sys        3 real decode_video 0:1 
[Parsed_fps_0 @ 0x7fb3e0001980] Read frame with in pts 1600, out pts 64
[Parsed_fps_0 @ 0x7fb3e0001980] Writing frame with pts 63 to pts 63
[h264 @ 0x5569477d9300] nal_unit_type: 6(SEI), nal_ref_idc: 0
[h264 @ 0x5569477d9300] nal_unit_type: 1(Coded slice of a non-IDR picture), nal_ref_idc: 1
    Last message repeated 4 times
bench:        1 user        0 sys        2 real decode_video 0:1 
bench:        1 user        0 sys        1 real decode_video 0:1 
[h264 @ 0x5569477d9300] nal_unit_type: 6(SEI), nal_ref_idc: 0
[h264 @ 0x5569477d9300] nal_unit_type: 1(Coded slice of a non-IDR picture), nal_ref_idc: 1
    Last message repeated 4 times
[Parsed_fps_0 @ 0x7fb3e0001980] Read frame with in pts 1625, out pts 65
[Parsed_fps_0 @ 0x7fb3e0001980] Writing frame with pts 64 to pts 64
bench:        1 user        0 sys        1 real decode_video 0:1 
bench:        1 user        0 sys        0 real decode_video 0:1 
[h264 @ 0x5569477d9300] nal_unit_type: 6(SEI), nal_ref_idc: 0
[h264 @ 0x5569477d9300] nal_unit_type: 1(Coded slice of a non-IDR picture), nal_ref_idc: 1
    Last message repeated 4 times
[Parsed_fps_0 @ 0x7fb3e0001980] Read frame with in pts 1650, out pts 66
[Parsed_fps_0 @ 0x7fb3e0001980] Writing frame with pts 65 to pts 65
bench:        1 user        0 sys        1 real decode_video 0:1 
bench:        0 user        0 sys        0 real decode_video 0:1 
[h264 @ 0x5569477d9300] nal_unit_type: 6(SEI), nal_ref_idc: 0
[h264 @ 0x5569477d9300] nal_unit_type: 1(Coded slice of a non-IDR picture), nal_ref_idc: 1
    Last message repeated 4 times
[Parsed_fps_0 @ 0x7fb3e0001980] Read frame with in pts 1675, out pts 67
[Parsed_fps_0 @ 0x7fb3e0001980] Writing frame with pts 66 to pts 66
bench:        1 user        0 sys        1 real decode_video 0:1 
    Last message repeated 1 times
[h264 @ 0x5569477d9300] nal_unit_type: 6(SEI), nal_ref_idc: 0
[h264 @ 0x5569477d9300] nal_unit_type: 1(Coded slice of a non-IDR picture), nal_ref_idc: 1
    Last message repeated 4 times
bench:        1 user        0 sys        1 real decode_video 0:1 
    Last message repeated 1 times
[h264 @ 0x5569477d9300] nal_unit_type: 6(SEI), nal_ref_idc: 0
[h264 @ 0x5569477d9300] nal_unit_type: 1(Coded slice of a non-IDR picture), nal_ref_idc: 1
    Last message repeated 4 times
bench:        3 user        0 sys        3 real decode_video 0:1 
bench:        0 user        0 sys        1 real decode_video 0:1 
[h264 @ 0x5569477d9300] nal_unit_type: 6(SEI), nal_ref_idc: 0
[h264 @ 0x5569477d9300] nal_unit_type: 1(Coded slice of a non-IDR picture), nal_ref_idc: 1
    Last message repeated 4 times
[Parsed_fps_0 @ 0x7fb3e0001980] Read frame with in pts 1700, out pts 68
[Parsed_fps_0 @ 0x7fb3e0001980] Writing frame with pts 67 to pts 67
[Parsed_fps_0 @ 0x7fb3e0001980] Read frame with in pts 1725, out pts 69
[Parsed_fps_0 @ 0x7fb3e0001980] Writing frame with pts 68 to pts 68
[Parsed_fps_0 @ 0x7fb3e0001980] Read frame with in pts 1750, out pts 70
[Parsed_fps_0 @ 0x7fb3e0001980] Writing frame with pts 69 to pts 69
bench:        4 user        0 sys       25 real decode_video 0:1 
bench:        1 user        0 sys        1 real decode_video 0:1 
[h264 @ 0x5569477d9300] nal_unit_type: 6(SEI), nal_ref_idc: 0
[h264 @ 0x5569477d9300] nal_unit_type: 1(Coded slice of a non-IDR picture), nal_ref_idc: 1
    Last message repeated 4 times
[Parsed_fps_0 @ 0x7fb3e0001980] Read frame with in pts 1775, out pts 71
[Parsed_fps_0 @ 0x7fb3e0001980] Writing frame with pts 70 to pts 70
bench:        2 user        0 sys        2 real decode_video 0:1 
bench:        1 user        0 sys        0 real decode_video 0:1 
[Parsed_fps_0 @ 0x7fb3e0001980] Read frame with in pts 1800, out pts 72
[Parsed_fps_0 @ 0x7fb3e0001980] Writing frame with pts 71 to pts 71
[h264 @ 0x5569477d9300] nal_unit_type: 6(SEI), nal_ref_idc: 0
[h264 @ 0x5569477d9300] nal_unit_type: 1(Coded slice of a non-IDR picture), nal_ref_idc: 1
    Last message repeated 4 times
bench:        1 user        0 sys        1 real decode_video 0:1 
    Last message repeated 1 times
[h264 @ 0x5569477d9300] nal_unit_type: 6(SEI), nal_ref_idc: 0
[h264 @ 0x5569477d9300] nal_unit_type: 1(Coded slice of a non-IDR picture), nal_ref_idc: 1
    Last message repeated 4 times
[Parsed_fps_0 @ 0x7fb3e0001980] Read frame with in pts 1825, out pts 73
[Parsed_fps_0 @ 0x7fb3e0001980] Writing frame with pts 72 to pts 72
bench:        1 user        1 sys        2 real decode_video 0:1 
bench:        0 user        0 sys        1 real decode_video 0:1 
[h264 @ 0x5569477d9300] nal_unit_type: 6(SEI), nal_ref_idc: 0
[h264 @ 0x5569477d9300] nal_unit_type: 1(Coded slice of a non-IDR picture), nal_ref_idc: 1
    Last message repeated 4 times
[Parsed_fps_0 @ 0x7fb3e0001980] Read frame with in pts 1850, out pts 74
[Parsed_fps_0 @ 0x7fb3e0001980] Writing frame with pts 73 to pts 73
bench:        1 user        1 sys        2 real decode_video 0:1 
bench:        0 user        0 sys        1 real decode_video 0:1 
[h264 @ 0x5569477d9300] nal_unit_type: 6(SEI), nal_ref_idc: 0
[h264 @ 0x5569477d9300] nal_unit_type: 1(Coded slice of a non-IDR picture), nal_ref_idc: 1
    Last message repeated 2 times
[Parsed_fps_0 @ 0x7fb3e0001980] Read frame with in pts 1875, out pts 75
[Parsed_fps_0 @ 0x7fb3e0001980] Writing frame with pts 74 to pts 74
[h264 @ 0x5569477d9300] nal_unit_type: 1(Coded slice of a non-IDR picture), nal_ref_idc: 1
    Last message repeated 1 times
bench:        1 user        0 sys        2 real decode_video 0:1 
bench:        1 user        0 sys        1 real decode_video 0:1 
[h264 @ 0x5569477d9300] nal_unit_type: 6(SEI), nal_ref_idc: 0
[h264 @ 0x5569477d9300] nal_unit_type: 1(Coded slice of a non-IDR picture), nal_ref_idc: 1
    Last message repeated 4 times
[Parsed_fps_0 @ 0x7fb3e0001980] Read frame with in pts 1900, out pts 76
[Parsed_fps_0 @ 0x7fb3e0001980] Writing frame with pts 75 to pts 75
bench:        1 user        0 sys        1 real decode_video 0:1 
bench:        1 user        0 sys        2 real decode_video 0:1 
[Parsed_fps_0 @ 0x7fb3e0001980] Read frame with in pts 1925, out pts 77
[Parsed_fps_0 @ 0x7fb3e0001980] Writing frame with pts 76 to pts 76
[h264 @ 0x5569477d9300] nal_unit_type: 6(SEI), nal_ref_idc: 0
[h264 @ 0x5569477d9300] nal_unit_type: 1(Coded slice of a non-IDR picture), nal_ref_idc: 1
    Last message repeated 4 times
bench:        1 user        0 sys        1 real decode_video 0:1 
    Last message repeated 1 times
[h264 @ 0x5569477d9300] nal_unit_type: 6(SEI), nal_ref_idc: 0
[h264 @ 0x5569477d9300] nal_unit_type: 1(Coded slice of a non-IDR picture), nal_ref_idc: 1
    Last message repeated 4 times
[Parsed_fps_0 @ 0x7fb3e0001980] Read frame with in pts 1950, out pts 78
[Parsed_fps_0 @ 0x7fb3e0001980] Writing frame with pts 77 to pts 77
bench:        1 user        0 sys        2 real decode_video 0:1 
bench:        0 user        0 sys        0 real decode_video 0:1 
[h264 @ 0x5569477d9300] nal_unit_type: 6(SEI), nal_ref_idc: 0
[h264 @ 0x5569477d9300] nal_unit_type: 1(Coded slice of a non-IDR picture), nal_ref_idc: 1
    Last message repeated 4 times
[Parsed_fps_0 @ 0x7fb3e0001980] Read frame with in pts 1975, out pts 79
[Parsed_fps_0 @ 0x7fb3e0001980] Writing frame with pts 78 to pts 78
bench:        0 user        0 sys        2 real decode_video 0:1 
bench:        1 user        0 sys        1 real decode_video 0:1 
[h264 @ 0x5569477d9300] nal_unit_type: 6(SEI), nal_ref_idc: 0
[h264 @ 0x5569477d9300] nal_unit_type: 1(Coded slice of a non-IDR picture), nal_ref_idc: 1
    Last message repeated 4 times
[Parsed_fps_0 @ 0x7fb3e0001980] Read frame with in pts 2000, out pts 80
[Parsed_fps_0 @ 0x7fb3e0001980] Writing frame with pts 79 to pts 79
bench:        0 user        0 sys        1 real decode_video 0:1 
bench:        1 user        0 sys        0 real decode_video 0:1 
[h264 @ 0x5569477d9300] nal_unit_type: 6(SEI), nal_ref_idc: 0
[h264 @ 0x5569477d9300] nal_unit_type: 1(Coded slice of a non-IDR picture), nal_ref_idc: 1
    Last message repeated 4 times
[Parsed_fps_0 @ 0x7fb3e0001980] Read frame with in pts 2025, out pts 81
[Parsed_fps_0 @ 0x7fb3e0001980] Writing frame with pts 80 to pts 80
bench:        1 user        0 sys        2 real decode_video 0:1 
bench:        1 user        0 sys        1 real decode_video 0:1 
[h264 @ 0x5569477d9300] nal_unit_type: 6(SEI), nal_ref_idc: 0
[h264 @ 0x5569477d9300] nal_unit_type: 1(Coded slice of a non-IDR picture), nal_ref_idc: 1
    Last message repeated 2 times
[Parsed_fps_0 @ 0x7fb3e0001980] Read frame with in pts 2050, out pts 82
[Parsed_fps_0 @ 0x7fb3e0001980] Writing frame with pts 81 to pts 81
[h264 @ 0x5569477d9300] nal_unit_type: 1(Coded slice of a non-IDR picture), nal_ref_idc: 1
    Last message repeated 1 times
bench:        1 user        0 sys        1 real decode_video 0:1 
    Last message repeated 1 times
[h264 @ 0x5569477d9300] nal_unit_type: 6(SEI), nal_ref_idc: 0
[h264 @ 0x5569477d9300] nal_unit_type: 1(Coded slice of a non-IDR picture), nal_ref_idc: 1
    Last message repeated 4 times
[Parsed_fps_0 @ 0x7fb3e0001980] Read frame with in pts 2075, out pts 83
[Parsed_fps_0 @ 0x7fb3e0001980] Writing frame with pts 82 to pts 82
bench:        1 user        0 sys        3 real decode_video 0:1 
bench:        1 user        0 sys        1 real decode_video 0:1 
[Parsed_fps_0 @ 0x7fb3e0001980] Read frame with in pts 2100, out pts 84
[Parsed_fps_0 @ 0x7fb3e0001980] Writing frame with pts 83 to pts 83
[h264 @ 0x5569477d9300] nal_unit_type: 6(SEI), nal_ref_idc: 0
[h264 @ 0x5569477d9300] nal_unit_type: 1(Coded slice of a non-IDR picture), nal_ref_idc: 1
    Last message repeated 4 times
bench:        1 user        0 sys        2 real decode_video 0:1 
bench:        1 user        0 sys        1 real decode_video 0:1 
[Parsed_fps_0 @ 0x7fb3e0001980] Read frame with in pts 2125, out pts 85
[Parsed_fps_0 @ 0x7fb3e0001980] Writing frame with pts 84 to pts 84
[h264 @ 0x5569477d9300] nal_unit_type: 6(SEI), nal_ref_idc: 0
[h264 @ 0x5569477d9300] nal_unit_type: 1(Coded slice of a non-IDR picture), nal_ref_idc: 1
    Last message repeated 4 times
bench:        1 user        0 sys        2 real decode_video 0:1 
bench:        1 user        0 sys        1 real decode_video 0:1 
[h264 @ 0x5569477d9300] nal_unit_type: 6(SEI), nal_ref_idc: 0
[h264 @ 0x5569477d9300] nal_unit_type: 1(Coded slice of a non-IDR picture), nal_ref_idc: 1
    Last message repeated 2 times
[Parsed_fps_0 @ 0x7fb3e0001980] Read frame with in pts 2150, out pts 86
[Parsed_fps_0 @ 0x7fb3e0001980] Writing frame with pts 85 to pts 85
[h264 @ 0x5569477d9300] nal_unit_type: 1(Coded slice of a non-IDR picture), nal_ref_idc: 1
    Last message repeated 1 times
bench:        1 user        0 sys        1 real decode_video 0:1 
    Last message repeated 1 times
[h264 @ 0x5569477d9300] nal_unit_type: 6(SEI), nal_ref_idc: 0
[h264 @ 0x5569477d9300] nal_unit_type: 1(Coded slice of a non-IDR picture), nal_ref_idc: 1
    Last message repeated 1 times
[Parsed_fps_0 @ 0x7fb3e0001980] Read frame with in pts 2175, out pts 87
[Parsed_fps_0 @ 0x7fb3e0001980] Writing frame with pts 86 to pts 86
[h264 @ 0x5569477d9300] nal_unit_type: 1(Coded slice of a non-IDR picture), nal_ref_idc: 1
    Last message repeated 2 times
bench:        1 user        0 sys        2 real decode_video 0:1 
bench:        1 user        0 sys        1 real decode_video 0:1 
[h264 @ 0x5569477d9300] nal_unit_type: 6(SEI), nal_ref_idc: 0
[h264 @ 0x5569477d9300] nal_unit_type: 1(Coded slice of a non-IDR picture), nal_ref_idc: 1
    Last message repeated 4 times
[Parsed_fps_0 @ 0x7fb3e0001980] Read frame with in pts 2200, out pts 88
[Parsed_fps_0 @ 0x7fb3e0001980] Writing frame with pts 87 to pts 87
bench:        1 user        0 sys        1 real decode_video 0:1 
bench:        0 user        0 sys        1 real decode_video 0:1 
[h264 @ 0x5569477d9300] nal_unit_type: 6(SEI), nal_ref_idc: 0
[h264 @ 0x5569477d9300] nal_unit_type: 1(Coded slice of a non-IDR picture), nal_ref_idc: 1
    Last message repeated 4 times
[Parsed_fps_0 @ 0x7fb3e0001980] Read frame with in pts 2225, out pts 89
[Parsed_fps_0 @ 0x7fb3e0001980] Writing frame with pts 88 to pts 88
bench:        1 user        0 sys        2 real decode_video 0:1 
bench:        1 user        0 sys        1 real decode_video 0:1 
[h264 @ 0x5569477d9300] nal_unit_type: 6(SEI), nal_ref_idc: 0
[h264 @ 0x5569477d9300] nal_unit_type: 1(Coded slice of a non-IDR picture), nal_ref_idc: 1
    Last message repeated 4 times
[Parsed_fps_0 @ 0x7fb3e0001980] Read frame with in pts 2250, out pts 90
[Parsed_fps_0 @ 0x7fb3e0001980] Writing frame with pts 89 to pts 89
bench:        1 user        0 sys        1 real decode_video 0:1 
bench:        0 user        0 sys        0 real decode_video 0:1 
[h264 @ 0x5569477d9300] nal_unit_type: 6(SEI), nal_ref_idc: 0
[h264 @ 0x5569477d9300] nal_unit_type: 1(Coded slice of a non-IDR picture), nal_ref_idc: 1
    Last message repeated 4 times
[Parsed_fps_0 @ 0x7fb3e0001980] Read frame with in pts 2275, out pts 91
[Parsed_fps_0 @ 0x7fb3e0001980] Writing frame with pts 90 to pts 90
bench:        1 user        0 sys        1 real decode_video 0:1 
bench:        0 user        0 sys        1 real decode_video 0:1 
[h264 @ 0x5569477d9300] nal_unit_type: 6(SEI), nal_ref_idc: 0
[h264 @ 0x5569477d9300] nal_unit_type: 1(Coded slice of a non-IDR picture), nal_ref_idc: 1
    Last message repeated 1 times
[Parsed_fps_0 @ 0x7fb3e0001980] Read frame with in pts 2300, out pts 92
[Parsed_fps_0 @ 0x7fb3e0001980] Writing frame with pts 91 to pts 91
[h264 @ 0x5569477d9300] nal_unit_type: 1(Coded slice of a non-IDR picture), nal_ref_idc: 1
    Last message repeated 2 times
bench:        2 user        0 sys        2 real decode_video 0:1 
bench:        1 user        0 sys        1 real decode_video 0:1 
[Parsed_fps_0 @ 0x7fb3e0001980] Read frame with in pts 2325, out pts 93
[Parsed_fps_0 @ 0x7fb3e0001980] Writing frame with pts 92 to pts 92
[h264 @ 0x5569477d9300] nal_unit_type: 6(SEI), nal_ref_idc: 0
[h264 @ 0x5569477d9300] nal_unit_type: 1(Coded slice of a non-IDR picture), nal_ref_idc: 1
    Last message repeated 4 times
bench:        1 user        0 sys        2 real decode_video 0:1 
bench:        1 user        0 sys        1 real decode_video 0:1 
[h264 @ 0x5569477d9300] nal_unit_type: 6(SEI), nal_ref_idc: 0
[h264 @ 0x5569477d9300] nal_unit_type: 1(Coded slice of a non-IDR picture), nal_ref_idc: 1
    Last message repeated 4 times
[Parsed_fps_0 @ 0x7fb3e0001980] Read frame with in pts 2350, out pts 94
[Parsed_fps_0 @ 0x7fb3e0001980] Writing frame with pts 93 to pts 93
bench:        1 user        0 sys        2 real decode_video 0:1 
bench:        0 user        0 sys        1 real decode_video 0:1 
[h264 @ 0x5569477d9300] nal_unit_type: 6(SEI), nal_ref_idc: 0
[h264 @ 0x5569477d9300] nal_unit_type: 1(Coded slice of a non-IDR picture), nal_ref_idc: 1
    Last message repeated 4 times
[Parsed_fps_0 @ 0x7fb3e0001980] Read frame with in pts 2375, out pts 95
[Parsed_fps_0 @ 0x7fb3e0001980] Writing frame with pts 94 to pts 94
bench:        1 user        0 sys        1 real decode_video 0:1 
    Last message repeated 1 times
[h264 @ 0x5569477d9300] nal_unit_type: 6(SEI), nal_ref_idc: 0
[h264 @ 0x5569477d9300] nal_unit_type: 1(Coded slice of a non-IDR picture), nal_ref_idc: 1
    Last message repeated 3 times
[Parsed_fps_0 @ 0x7fb3e0001980] Read frame with in pts 2400, out pts 96
[Parsed_fps_0 @ 0x7fb3e0001980] Writing frame with pts 95 to pts 95
[h264 @ 0x5569477d9300] nal_unit_type: 1(Coded slice of a non-IDR picture), nal_ref_idc: 1
bench:        1 user        0 sys        1 real decode_video 0:1 
bench:        0 user        0 sys        0 real decode_video 0:1 
[h264 @ 0x5569477d9300] nal_unit_type: 6(SEI), nal_ref_idc: 0
[h264 @ 0x5569477d9300] nal_unit_type: 1(Coded slice of a non-IDR picture), nal_ref_idc: 1
    Last message repeated 4 times
[Parsed_fps_0 @ 0x7fb3e0001980] Read frame with in pts 2425, out pts 97
[Parsed_fps_0 @ 0x7fb3e0001980] Writing frame with pts 96 to pts 96
bench:        2 user        0 sys        4 real decode_video 0:1 
bench:        1 user        0 sys        2 real decode_video 0:1 
[Parsed_fps_0 @ 0x7fb3e0001980] Read frame with in pts 2450, out pts 98
[Parsed_fps_0 @ 0x7fb3e0001980] Writing frame with pts 97 to pts 97
[h264 @ 0x5569477d9300] nal_unit_type: 6(SEI), nal_ref_idc: 0
[h264 @ 0x5569477d9300] nal_unit_type: 1(Coded slice of a non-IDR picture), nal_ref_idc: 1
    Last message repeated 4 times
bench:        1 user        0 sys        1 real decode_video 0:1 
bench:        0 user        0 sys        1 real decode_video 0:1 
[Parsed_fps_0 @ 0x7fb3e0001980] Read frame with in pts 2475, out pts 99
[Parsed_fps_0 @ 0x7fb3e0001980] Writing frame with pts 98 to pts 98
[h264 @ 0x5569477d9300] nal_unit_type: 6(SEI), nal_ref_idc: 0
[h264 @ 0x5569477d9300] nal_unit_type: 1(Coded slice of a non-IDR picture), nal_ref_idc: 1
    Last message repeated 4 times
bench:        2 user        0 sys        5 real decode_video 0:1 
bench:        1 user        0 sys        1 real decode_video 0:1 
[h264 @ 0x5569477d9300] nal_unit_type: 6(SEI), nal_ref_idc: 0
[h264 @ 0x5569477d9300] nal_unit_type: 1(Coded slice of a non-IDR picture), nal_ref_idc: 1
    Last message repeated 4 times
[Parsed_fps_0 @ 0x7fb3e0001980] Read frame with in pts 2500, out pts 100
[Parsed_fps_0 @ 0x7fb3e0001980] Writing frame with pts 99 to pts 99
bench:        1 user        0 sys        1 real decode_video 0:1 
    Last message repeated 1 times
[Parsed_fps_0 @ 0x7fb3e0001980] Read frame with in pts 2525, out pts 101
[h264 @ 0x5569477d9300] nal_unit_type: 6(SEI), nal_ref_idc: 0
[h264 @ 0x5569477d9300] nal_unit_type: 1(Coded slice of a non-IDR picture), nal_ref_idc: 1
    Last message repeated 4 times
[Parsed_fps_0 @ 0x7fb3e0001980] Writing frame with pts 100 to pts 100
bench:        1 user        0 sys        3 real decode_video 0:1 
bench:        1 user        0 sys        1 real decode_video 0:1 
[h264 @ 0x5569477d9300] nal_unit_type: 6(SEI), nal_ref_idc: 0
[h264 @ 0x5569477d9300] nal_unit_type: 1(Coded slice of a non-IDR picture), nal_ref_idc: 1
    Last message repeated 4 times
[Parsed_fps_0 @ 0x7fb3e0001980] Read frame with in pts 2550, out pts 102
[Parsed_fps_0 @ 0x7fb3e0001980] Writing frame with pts 101 to pts 101
bench:        2 user        0 sys        4 real decode_video 0:1 
bench:        1 user        0 sys        1 real decode_video 0:1 
[h264 @ 0x5569477d9300] nal_unit_type: 6(SEI), nal_ref_idc: 0
[h264 @ 0x5569477d9300] nal_unit_type: 1(Coded slice of a non-IDR picture), nal_ref_idc: 1
    Last message repeated 4 times
[Parsed_fps_0 @ 0x7fb3e0001980] Read frame with in pts 2575, out pts 103
[Parsed_fps_0 @ 0x7fb3e0001980] Writing frame with pts 102 to pts 102
bench:        1 user        0 sys        1 real decode_video 0:1 
    Last message repeated 1 times
[h264 @ 0x5569477d9300] nal_unit_type: 6(SEI), nal_ref_idc: 0
[h264 @ 0x5569477d9300] nal_unit_type: 1(Coded slice of a non-IDR picture), nal_ref_idc: 1
[Parsed_fps_0 @ 0x7fb3e0001980] Read frame with in pts 2600, out pts 104
[Parsed_fps_0 @ 0x7fb3e0001980] Writing frame with pts 103 to pts 103
[h264 @ 0x5569477d9300] nal_unit_type: 1(Coded slice of a non-IDR picture), nal_ref_idc: 1
    Last message repeated 3 times
bench:        1 user        0 sys        1 real decode_video 0:1 
bench:        1 user        0 sys        0 real decode_video 0:1 
[h264 @ 0x5569477d9300] nal_unit_type: 6(SEI), nal_ref_idc: 0
[h264 @ 0x5569477d9300] nal_unit_type: 1(Coded slice of a non-IDR picture), nal_ref_idc: 1
    Last message repeated 4 times
[Parsed_fps_0 @ 0x7fb3e0001980] Read frame with in pts 2625, out pts 105
[Parsed_fps_0 @ 0x7fb3e0001980] Writing frame with pts 104 to pts 104
bench:        1 user        0 sys        2 real decode_video 0:1 
bench:        1 user        0 sys        1 real decode_video 0:1 
[h264 @ 0x5569477d9300] nal_unit_type: 6(SEI), nal_ref_idc: 0
[h264 @ 0x5569477d9300] nal_unit_type: 1(Coded slice of a non-IDR picture), nal_ref_idc: 1
    Last message repeated 2 times
[Parsed_fps_0 @ 0x7fb3e0001980] Read frame with in pts 2650, out pts 106
[Parsed_fps_0 @ 0x7fb3e0001980] Writing frame with pts 105 to pts 105
[h264 @ 0x5569477d9300] nal_unit_type: 1(Coded slice of a non-IDR picture), nal_ref_idc: 1
    Last message repeated 1 times
bench:        0 user        0 sys        1 real decode_video 0:1 
bench:        1 user        0 sys        1 real decode_video 0:1 
[Parsed_fps_0 @ 0x7fb3e0001980] Read frame with in pts 2675, out pts 107
[Parsed_fps_0 @ 0x7fb3e0001980] Writing frame with pts 106 to pts 106
[h264 @ 0x5569477d9300] nal_unit_type: 6(SEI), nal_ref_idc: 0
[h264 @ 0x5569477d9300] nal_unit_type: 1(Coded slice of a non-IDR picture), nal_ref_idc: 1
    Last message repeated 4 times
bench:        2 user        0 sys        2 real decode_video 0:1 
bench:        1 user        0 sys        1 real decode_video 0:1 
[Parsed_fps_0 @ 0x7fb3e0001980] Read frame with in pts 2700, out pts 108
[Parsed_fps_0 @ 0x7fb3e0001980] Writing frame with pts 107 to pts 107
[h264 @ 0x5569477d9300] nal_unit_type: 6(SEI), nal_ref_idc: 0
[h264 @ 0x5569477d9300] nal_unit_type: 1(Coded slice of a non-IDR picture), nal_ref_idc: 1
    Last message repeated 4 times
bench:        1 user        0 sys        1 real decode_video 0:1 
bench:        1 user        0 sys        0 real decode_video 0:1 
[h264 @ 0x5569477d9300] nal_unit_type: 6(SEI), nal_ref_idc: 0
[h264 @ 0x5569477d9300] nal_unit_type: 1(Coded slice of a non-IDR picture), nal_ref_idc: 1
    Last message repeated 4 times
[Parsed_fps_0 @ 0x7fb3e0001980] Read frame with in pts 2725, out pts 109
[Parsed_fps_0 @ 0x7fb3e0001980] Writing frame with pts 108 to pts 108
bench:        1 user        0 sys        1 real decode_video 0:1 
    Last message repeated 1 times
[h264 @ 0x5569477d9300] nal_unit_type: 6(SEI), nal_ref_idc: 0
[h264 @ 0x5569477d9300] nal_unit_type: 1(Coded slice of a non-IDR picture), nal_ref_idc: 1
    Last message repeated 4 times
[Parsed_fps_0 @ 0x7fb3e0001980] Read frame with in pts 2750, out pts 110
[Parsed_fps_0 @ 0x7fb3e0001980] Writing frame with pts 109 to pts 109
bench:        1 user        0 sys        2 real decode_video 0:1 
bench:        1 user        0 sys        1 real decode_video 0:1 
[Parsed_fps_0 @ 0x7fb3e0001980] Read frame with in pts 2775, out pts 111
[Parsed_fps_0 @ 0x7fb3e0001980] Writing frame with pts 110 to pts 110
[h264 @ 0x5569477d9300] nal_unit_type: 6(SEI), nal_ref_idc: 0
[h264 @ 0x5569477d9300] nal_unit_type: 1(Coded slice of a non-IDR picture), nal_ref_idc: 1
    Last message repeated 4 times
bench:        1 user        0 sys        2 real decode_video 0:1 
bench:        1 user        0 sys        1 real decode_video 0:1 
[Parsed_fps_0 @ 0x7fb3e0001980] Read frame with in pts 2800, out pts 112
[Parsed_fps_0 @ 0x7fb3e0001980] Writing frame with pts 111 to pts 111
[h264 @ 0x5569477d9300] nal_unit_type: 6(SEI), nal_ref_idc: 0
[h264 @ 0x5569477d9300] nal_unit_type: 1(Coded slice of a non-IDR picture), nal_ref_idc: 1
    Last message repeated 4 times
bench:        1 user        0 sys        2 real decode_video 0:1 
bench:        0 user        0 sys        1 real decode_video 0:1 
[h264 @ 0x5569477d9300] nal_unit_type: 6(SEI), nal_ref_idc: 0
[h264 @ 0x5569477d9300] nal_unit_type: 1(Coded slice of a non-IDR picture), nal_ref_idc: 1
    Last message repeated 4 times
[Parsed_fps_0 @ 0x7fb3e0001980] Read frame with in pts 2825, out pts 113
[Parsed_fps_0 @ 0x7fb3e0001980] Writing frame with pts 112 to pts 112
bench:        1 user        0 sys        2 real decode_video 0:1 
bench:        1 user        0 sys        1 real decode_video 0:1 
[h264 @ 0x5569477d9300] nal_unit_type: 6(SEI), nal_ref_idc: 0
[h264 @ 0x5569477d9300] nal_unit_type: 1(Coded slice of a non-IDR picture), nal_ref_idc: 1
    Last message repeated 4 times
[Parsed_fps_0 @ 0x7fb3e0001980] Read frame with in pts 2850, out pts 114
[Parsed_fps_0 @ 0x7fb3e0001980] Writing frame with pts 113 to pts 113
bench:        1 user        0 sys        1 real decode_video 0:1 
    Last message repeated 1 times
[Parsed_fps_0 @ 0x7fb3e0001980] Read frame with in pts 2875, out pts 115
[h264 @ 0x5569477d9300] nal_unit_type: 6(SEI), nal_ref_idc: 0
[h264 @ 0x5569477d9300] nal_unit_type: 1(Coded slice of a non-IDR picture), nal_ref_idc: 1
    Last message repeated 4 times
[Parsed_fps_0 @ 0x7fb3e0001980] Writing frame with pts 114 to pts 114
bench:        1 user        0 sys        2 real decode_video 0:1 
bench:        1 user        0 sys        1 real decode_video 0:1 
[h264 @ 0x5569477d9300] nal_unit_type: 6(SEI), nal_ref_idc: 0
[h264 @ 0x5569477d9300] nal_unit_type: 1(Coded slice of a non-IDR picture), nal_ref_idc: 1
    Last message repeated 1 times
[Parsed_fps_0 @ 0x7fb3e0001980] Read frame with in pts 2900, out pts 116
[Parsed_fps_0 @ 0x7fb3e0001980] Writing frame with pts 115 to pts 115
[h264 @ 0x5569477d9300] nal_unit_type: 1(Coded slice of a non-IDR picture), nal_ref_idc: 1
    Last message repeated 2 times
bench:        1 user        0 sys        1 real decode_video 0:1 
    Last message repeated 1 times
[h264 @ 0x5569477d9300] nal_unit_type: 6(SEI), nal_ref_idc: 0
[h264 @ 0x5569477d9300] nal_unit_type: 1(Coded slice of a non-IDR picture), nal_ref_idc: 1
    Last message repeated 4 times
[Parsed_fps_0 @ 0x7fb3e0001980] Read frame with in pts 2925, out pts 117
[Parsed_fps_0 @ 0x7fb3e0001980] Writing frame with pts 116 to pts 116
bench:        1 user        0 sys        1 real decode_video 0:1 
    Last message repeated 1 times
[h264 @ 0x5569477d9300] nal_unit_type: 6(SEI), nal_ref_idc: 0
[h264 @ 0x5569477d9300] nal_unit_type: 1(Coded slice of a non-IDR picture), nal_ref_idc: 1
    Last message repeated 4 times
[Parsed_fps_0 @ 0x7fb3e0001980] Read frame with in pts 2950, out pts 118
[Parsed_fps_0 @ 0x7fb3e0001980] Writing frame with pts 117 to pts 117
bench:        1 user        0 sys        2 real decode_video 0:1 
bench:        1 user        0 sys        1 real decode_video 0:1 
[Parsed_fps_0 @ 0x7fb3e0001980] Read frame with in pts 2975, out pts 119
[Parsed_fps_0 @ 0x7fb3e0001980] Writing frame with pts 118 to pts 118
[h264 @ 0x5569477d9300] nal_unit_type: 6(SEI), nal_ref_idc: 0
[h264 @ 0x5569477d9300] nal_unit_type: 1(Coded slice of a non-IDR picture), nal_ref_idc: 1
    Last message repeated 4 times
bench:        2 user        0 sys        5 real decode_video 0:1 
bench:        2 user        0 sys        1 real decode_video 0:1 
[Parsed_fps_0 @ 0x7fb3e0001980] Read frame with in pts 3000, out pts 120
[Parsed_fps_0 @ 0x7fb3e0001980] Writing frame with pts 119 to pts 119
[h264 @ 0x5569477d9300] nal_unit_type: 6(SEI), nal_ref_idc: 0
[h264 @ 0x5569477d9300] nal_unit_type: 1(Coded slice of a non-IDR picture), nal_ref_idc: 1
    Last message repeated 4 times
bench:        0 user        1 sys        3 real decode_video 0:1 
bench:        0 user        1 sys        1 real decode_video 0:1 
[Parsed_fps_0 @ 0x7fb3e0001980] Read frame with in pts 3025, out pts 121
[h264 @ 0x5569477d9300] nal_unit_type: 6(SEI), nal_ref_idc: 0
[h264 @ 0x5569477d9300] nal_unit_type: 1(Coded slice of a non-IDR picture), nal_ref_idc: 1
    Last message repeated 1 times
[Parsed_fps_0 @ 0x7fb3e0001980] Writing frame with pts 120 to pts 120
[h264 @ 0x5569477d9300] nal_unit_type: 1(Coded slice of a non-IDR picture), nal_ref_idc: 1
    Last message repeated 2 times
bench:        0 user        2 sys        4 real decode_video 0:1 
bench:        0 user        1 sys        1 real decode_video 0:1 
[h264 @ 0x5569477d9300] nal_unit_type: 6(SEI), nal_ref_idc: 0
[h264 @ 0x5569477d9300] nal_unit_type: 1(Coded slice of a non-IDR picture), nal_ref_idc: 1
    Last message repeated 4 times
[Parsed_fps_0 @ 0x7fb3e0001980] Read frame with in pts 3050, out pts 122
[Parsed_fps_0 @ 0x7fb3e0001980] Writing frame with pts 121 to pts 121
bench:        0 user        3 sys       58 real decode_video 0:1 
bench:        0 user        1 sys        1 real decode_video 0:1 
[h264 @ 0x5569477d9300] nal_unit_type: 6(SEI), nal_ref_idc: 0
[h264 @ 0x5569477d9300] nal_unit_type: 1(Coded slice of a non-IDR picture), nal_ref_idc: 1
    Last message repeated 4 times
[Parsed_fps_0 @ 0x7fb3e0001980] Read frame with in pts 3075, out pts 123
[Parsed_fps_0 @ 0x7fb3e0001980] Writing frame with pts 122 to pts 122
bench:        0 user        1 sys        2 real decode_video 0:1 
bench:        0 user        0 sys        1 real decode_video 0:1 
[h264 @ 0x5569477d9300] nal_unit_type: 6(SEI), nal_ref_idc: 0
[h264 @ 0x5569477d9300] nal_unit_type: 1(Coded slice of a non-IDR picture), nal_ref_idc: 1
    Last message repeated 4 times
[Parsed_fps_0 @ 0x7fb3e0001980] Read frame with in pts 3100, out pts 124
[Parsed_fps_0 @ 0x7fb3e0001980] Writing frame with pts 123 to pts 123
bench:        0 user        1 sys        2 real decode_video 0:1 
bench:        0 user        1 sys        1 real decode_video 0:1 
[h264 @ 0x5569477d9300] nal_unit_type: 6(SEI), nal_ref_idc: 0
[h264 @ 0x5569477d9300] nal_unit_type: 1(Coded slice of a non-IDR picture), nal_ref_idc: 1
    Last message repeated 3 times
[Parsed_fps_0 @ 0x7fb3e0001980] Read frame with in pts 3125, out pts 125
[Parsed_fps_0 @ 0x7fb3e0001980] Writing frame with pts 124 to pts 124
[h264 @ 0x5569477d9300] nal_unit_type: 1(Coded slice of a non-IDR picture), nal_ref_idc: 1
bench:        0 user        1 sys        1 real decode_video 0:1 
bench:        0 user        0 sys        1 real decode_video 0:1 
[h264 @ 0x5569477d9300] nal_unit_type: 6(SEI), nal_ref_idc: 0
[h264 @ 0x5569477d9300] nal_unit_type: 1(Coded slice of a non-IDR picture), nal_ref_idc: 1
    Last message repeated 4 times
[Parsed_fps_0 @ 0x7fb3e0001980] Read frame with in pts 3150, out pts 126
[Parsed_fps_0 @ 0x7fb3e0001980] Writing frame with pts 125 to pts 125
bench:        0 user        2 sys        4 real decode_video 0:1 
bench:        0 user        1 sys        1 real decode_video 0:1 
[Parsed_fps_0 @ 0x7fb3e0001980] Read frame with in pts 3175, out pts 127
[Parsed_fps_0 @ 0x7fb3e0001980] Writing frame with pts 126 to pts 126
[h264 @ 0x5569477d9300] nal_unit_type: 6(SEI), nal_ref_idc: 0
[h264 @ 0x5569477d9300] nal_unit_type: 5(IDR), nal_ref_idc: 1
    Last message repeated 4 times
bench:        0 user        1 sys        2 real decode_video 0:1 
bench:        0 user        0 sys        1 real decode_video 0:1 
[h264 @ 0x5569477d9300] nal_unit_type: 6(SEI), nal_ref_idc: 0
[h264 @ 0x5569477d9300] nal_unit_type: 1(Coded slice of a non-IDR picture), nal_ref_idc: 1
    Last message repeated 4 times
[Parsed_fps_0 @ 0x7fb3e0001980] Read frame with in pts 3200, out pts 128
[Parsed_fps_0 @ 0x7fb3e0001980] Writing frame with pts 127 to pts 127
bench:        0 user        1 sys        2 real decode_video 0:1 
bench:        0 user        0 sys        1 real decode_video 0:1 
[h264 @ 0x5569477d9300] nal_unit_type: 6(SEI), nal_ref_idc: 0
[h264 @ 0x5569477d9300] nal_unit_type: 1(Coded slice of a non-IDR picture), nal_ref_idc: 1
    Last message repeated 4 times
[Parsed_fps_0 @ 0x7fb3e0001980] Read frame with in pts 3225, out pts 129
[Parsed_fps_0 @ 0x7fb3e0001980] Writing frame with pts 128 to pts 128
bench:        0 user        0 sys        1 real decode_video 0:1 
bench:        0 user        1 sys        0 real decode_video 0:1 
[h264 @ 0x5569477d9300] nal_unit_type: 6(SEI), nal_ref_idc: 0
[h264 @ 0x5569477d9300] nal_unit_type: 1(Coded slice of a non-IDR picture), nal_ref_idc: 1
    Last message repeated 4 times
[Parsed_fps_0 @ 0x7fb3e0001980] Read frame with in pts 3250, out pts 130
[Parsed_fps_0 @ 0x7fb3e0001980] Writing frame with pts 129 to pts 129
bench:        0 user        0 sys        2 real decode_video 0:1 
bench:        0 user        0 sys        0 real decode_video 0:1 
[h264 @ 0x5569477d9300] nal_unit_type: 6(SEI), nal_ref_idc: 0
[h264 @ 0x5569477d9300] nal_unit_type: 1(Coded slice of a non-IDR picture), nal_ref_idc: 1
    Last message repeated 4 times
[Parsed_fps_0 @ 0x7fb3e0001980] Read frame with in pts 3275, out pts 131
[Parsed_fps_0 @ 0x7fb3e0001980] Writing frame with pts 130 to pts 130
bench:        0 user        1 sys        1 real decode_video 0:1 
bench:        0 user        0 sys        0 real decode_video 0:1 
[h264 @ 0x5569477d9300] nal_unit_type: 6(SEI), nal_ref_idc: 0
[h264 @ 0x5569477d9300] nal_unit_type: 1(Coded slice of a non-IDR picture), nal_ref_idc: 1
    Last message repeated 4 times
[Parsed_fps_0 @ 0x7fb3e0001980] Read frame with in pts 3300, out pts 132
[Parsed_fps_0 @ 0x7fb3e0001980] Writing frame with pts 131 to pts 131
bench:        0 user        0 sys        1 real decode_video 0:1 
bench:        0 user        1 sys        1 real decode_video 0:1 
[h264 @ 0x5569477d9300] nal_unit_type: 6(SEI), nal_ref_idc: 0
[h264 @ 0x5569477d9300] nal_unit_type: 1(Coded slice of a non-IDR picture), nal_ref_idc: 1
    Last message repeated 4 times
[Parsed_fps_0 @ 0x7fb3e0001980] Read frame with in pts 3325, out pts 133
[Parsed_fps_0 @ 0x7fb3e0001980] Writing frame with pts 132 to pts 132
bench:        0 user        1 sys        1 real decode_video 0:1 
    Last message repeated 1 times
[h264 @ 0x5569477d9300] nal_unit_type: 6(SEI), nal_ref_idc: 0
[h264 @ 0x5569477d9300] nal_unit_type: 1(Coded slice of a non-IDR picture), nal_ref_idc: 1
    Last message repeated 4 times
[Parsed_fps_0 @ 0x7fb3e0001980] Read frame with in pts 3350, out pts 134
[Parsed_fps_0 @ 0x7fb3e0001980] Writing frame with pts 133 to pts 133
bench:        0 user        1 sys        1 real decode_video 0:1 
bench:        0 user        1 sys        0 real decode_video 0:1 
[h264 @ 0x5569477d9300] nal_unit_type: 6(SEI), nal_ref_idc: 0
[h264 @ 0x5569477d9300] nal_unit_type: 1(Coded slice of a non-IDR picture), nal_ref_idc: 1
    Last message repeated 4 times
[Parsed_fps_0 @ 0x7fb3e0001980] Read frame with in pts 3375, out pts 135
[Parsed_fps_0 @ 0x7fb3e0001980] Writing frame with pts 134 to pts 134
bench:        0 user        1 sys        1 real decode_video 0:1 
bench:        0 user        0 sys        1 real decode_video 0:1 
[h264 @ 0x5569477d9300] nal_unit_type: 6(SEI), nal_ref_idc: 0
[h264 @ 0x5569477d9300] nal_unit_type: 1(Coded slice of a non-IDR picture), nal_ref_idc: 1
    Last message repeated 4 times
[Parsed_fps_0 @ 0x7fb3e0001980] Read frame with in pts 3400, out pts 136
[Parsed_fps_0 @ 0x7fb3e0001980] Writing frame with pts 135 to pts 135
bench:        0 user        1 sys        2 real decode_video 0:1 
bench:        0 user        0 sys        1 real decode_video 0:1 
[h264 @ 0x5569477d9300] nal_unit_type: 6(SEI), nal_ref_idc: 0
[h264 @ 0x5569477d9300] nal_unit_type: 1(Coded slice of a non-IDR picture), nal_ref_idc: 1
    Last message repeated 4 times
[Parsed_fps_0 @ 0x7fb3e0001980] Read frame with in pts 3425, out pts 137
[Parsed_fps_0 @ 0x7fb3e0001980] Writing frame with pts 136 to pts 136
bench:        0 user        1 sys        1 real decode_video 0:1 
bench:        0 user        0 sys        0 real decode_video 0:1 
[h264 @ 0x5569477d9300] nal_unit_type: 6(SEI), nal_ref_idc: 0
[h264 @ 0x5569477d9300] nal_unit_type: 1(Coded slice of a non-IDR picture), nal_ref_idc: 1
    Last message repeated 4 times
[Parsed_fps_0 @ 0x7fb3e0001980] Read frame with in pts 3450, out pts 138
[Parsed_fps_0 @ 0x7fb3e0001980] Writing frame with pts 137 to pts 137
bench:        0 user        0 sys        1 real decode_video 0:1 
bench:        1 user        0 sys        0 real decode_video 0:1 
[h264 @ 0x5569477d9300] nal_unit_type: 6(SEI), nal_ref_idc: 0
[h264 @ 0x5569477d9300] nal_unit_type: 1(Coded slice of a non-IDR picture), nal_ref_idc: 1
    Last message repeated 4 times
[Parsed_fps_0 @ 0x7fb3e0001980] Read frame with in pts 3475, out pts 139
[Parsed_fps_0 @ 0x7fb3e0001980] Writing frame with pts 138 to pts 138
bench:        1 user        0 sys        1 real decode_video 0:1 
bench:        0 user        0 sys        1 real decode_video 0:1 
[h264 @ 0x5569477d9300] nal_unit_type: 6(SEI), nal_ref_idc: 0
[h264 @ 0x5569477d9300] nal_unit_type: 1(Coded slice of a non-IDR picture), nal_ref_idc: 1
    Last message repeated 4 times
bench:        0 user        1 sys        1 real decode_video 0:1 
bench:        0 user        0 sys        0 real decode_video 0:1 
[h264 @ 0x5569477d9300] nal_unit_type: 6(SEI), nal_ref_idc: 0
[h264 @ 0x5569477d9300] nal_unit_type: 1(Coded slice of a non-IDR picture), nal_ref_idc: 1
    Last message repeated 4 times
bench:        1 user        0 sys        1 real decode_video 0:1 
bench:        1 user        0 sys        0 real decode_video 0:1 
[h264 @ 0x5569477d9300] nal_unit_type: 6(SEI), nal_ref_idc: 0
[h264 @ 0x5569477d9300] nal_unit_type: 1(Coded slice of a non-IDR picture), nal_ref_idc: 1
    Last message repeated 4 times
bench:        1 user        1 sys        2 real decode_video 0:1 
bench:        0 user        0 sys        1 real decode_video 0:1 
[h264 @ 0x5569477d9300] nal_unit_type: 6(SEI), nal_ref_idc: 0
[h264 @ 0x5569477d9300] nal_unit_type: 1(Coded slice of a non-IDR picture), nal_ref_idc: 1
    Last message repeated 4 times
bench:        1 user        1 sys        1 real decode_video 0:1 
bench:        0 user        0 sys        1 real decode_video 0:1 
[h264 @ 0x5569477d9300] nal_unit_type: 6(SEI), nal_ref_idc: 0
[h264 @ 0x5569477d9300] nal_unit_type: 1(Coded slice of a non-IDR picture), nal_ref_idc: 1
    Last message repeated 4 times
[Parsed_fps_0 @ 0x7fb3e0001980] Read frame with in pts 3500, out pts 140
[Parsed_fps_0 @ 0x7fb3e0001980] Writing frame with pts 139 to pts 139
[Parsed_fps_0 @ 0x7fb3e0001980] Read frame with in pts 3525, out pts 141
[Parsed_fps_0 @ 0x7fb3e0001980] Writing frame with pts 140 to pts 140
[Parsed_fps_0 @ 0x7fb3e0001980] Read frame with in pts 3550, out pts 142
[Parsed_fps_0 @ 0x7fb3e0001980] Writing frame with pts 141 to pts 141
[Parsed_fps_0 @ 0x7fb3e0001980] Read frame with in pts 3575, out pts 143
[Parsed_fps_0 @ 0x7fb3e0001980] Writing frame with pts 142 to pts 142
[Parsed_fps_0 @ 0x7fb3e0001980] Read frame with in pts 3600, out pts 144
[Parsed_fps_0 @ 0x7fb3e0001980] Writing frame with pts 143 to pts 143
bench:        1 user        1 sys        3 real decode_video 0:1 
bench:        1 user        1 sys        1 real decode_video 0:1 
[h264 @ 0x5569477d9300] nal_unit_type: 6(SEI), nal_ref_idc: 0
[h264 @ 0x5569477d9300] nal_unit_type: 1(Coded slice of a non-IDR picture), nal_ref_idc: 1
    Last message repeated 4 times
[Parsed_fps_0 @ 0x7fb3e0001980] Read frame with in pts 3625, out pts 145
[Parsed_fps_0 @ 0x7fb3e0001980] Writing frame with pts 144 to pts 144
bench:        1 user        0 sys        1 real decode_video 0:1 
bench:        0 user        0 sys        1 real decode_video 0:1 
[Parsed_fps_0 @ 0x7fb3e0001980] Read frame with in pts 3650, out pts 146
[h264 @ 0x5569477d9300] nal_unit_type: 6(SEI), nal_ref_idc: 0
[h264 @ 0x5569477d9300] nal_unit_type: 1(Coded slice of a non-IDR picture), nal_ref_idc: 1
    Last message repeated 4 times
[Parsed_fps_0 @ 0x7fb3e0001980] Writing frame with pts 145 to pts 145
bench:        1 user        0 sys        1 real decode_video 0:1 
bench:        0 user        0 sys        1 real decode_video 0:1 
[h264 @ 0x5569477d9300] nal_unit_type: 6(SEI), nal_ref_idc: 0
[h264 @ 0x5569477d9300] nal_unit_type: 1(Coded slice of a non-IDR picture), nal_ref_idc: 1
    Last message repeated 4 times
[Parsed_fps_0 @ 0x7fb3e0001980] Read frame with in pts 3675, out pts 147
[Parsed_fps_0 @ 0x7fb3e0001980] Writing frame with pts 146 to pts 146
bench:        1 user        0 sys        1 real decode_video 0:1 
bench:        1 user        0 sys        0 real decode_video 0:1 
[h264 @ 0x5569477d9300] nal_unit_type: 6(SEI), nal_ref_idc: 0
[h264 @ 0x5569477d9300] nal_unit_type: 1(Coded slice of a non-IDR picture), nal_ref_idc: 1
    Last message repeated 4 times
[Parsed_fps_0 @ 0x7fb3e0001980] Read frame with in pts 3700, out pts 148
[Parsed_fps_0 @ 0x7fb3e0001980] Writing frame with pts 147 to pts 147
bench:        1 user        0 sys        1 real decode_video 0:1 
bench:        0 user        0 sys        1 real decode_video 0:1 
[h264 @ 0x5569477d9300] nal_unit_type: 6(SEI), nal_ref_idc: 0
[h264 @ 0x5569477d9300] nal_unit_type: 1(Coded slice of a non-IDR picture), nal_ref_idc: 1
    Last message repeated 4 times
[Parsed_fps_0 @ 0x7fb3e0001980] Read frame with in pts 3725, out pts 149
[Parsed_fps_0 @ 0x7fb3e0001980] Writing frame with pts 148 to pts 148
bench:        2 user        0 sys        3 real decode_video 0:1 
bench:        1 user        0 sys        1 real decode_video 0:1 
[h264 @ 0x5569477d9300] nal_unit_type: 6(SEI), nal_ref_idc: 0
[h264 @ 0x5569477d9300] nal_unit_type: 1(Coded slice of a non-IDR picture), nal_ref_idc: 1
    Last message repeated 4 times
[Parsed_fps_0 @ 0x7fb3e0001980] Read frame with in pts 3750, out pts 150
[Parsed_fps_0 @ 0x7fb3e0001980] Writing frame with pts 149 to pts 149
bench:        1 user        0 sys        1 real decode_video 0:1 
    Last message repeated 1 times
[h264 @ 0x5569477d9300] nal_unit_type: 6(SEI), nal_ref_idc: 0
[h264 @ 0x5569477d9300] nal_unit_type: 1(Coded slice of a non-IDR picture), nal_ref_idc: 1
    Last message repeated 4 times
[Parsed_fps_0 @ 0x7fb3e0001980] Read frame with in pts 3775, out pts 151
[Parsed_fps_0 @ 0x7fb3e0001980] Writing frame with pts 150 to pts 150
bench:        1 user        0 sys        2 real decode_video 0:1 
bench:        0 user        0 sys        1 real decode_video 0:1 
[h264 @ 0x5569477d9300] nal_unit_type: 6(SEI), nal_ref_idc: 0
[h264 @ 0x5569477d9300] nal_unit_type: 1(Coded slice of a non-IDR picture), nal_ref_idc: 1
    Last message repeated 4 times
[Parsed_fps_0 @ 0x7fb3e0001980] Read frame with in pts 3800, out pts 152
[Parsed_fps_0 @ 0x7fb3e0001980] Writing frame with pts 151 to pts 151
bench:        0 user        0 sys        1 real decode_video 0:1 
bench:        1 user        0 sys        2 real decode_video 0:1 
[h264 @ 0x5569477d9300] nal_unit_type: 6(SEI), nal_ref_idc: 0
[h264 @ 0x5569477d9300] nal_unit_type: 1(Coded slice of a non-IDR picture), nal_ref_idc: 1
    Last message repeated 3 times
[Parsed_fps_0 @ 0x7fb3e0001980] Read frame with in pts 3825, out pts 153
[Parsed_fps_0 @ 0x7fb3e0001980] Writing frame with pts 152 to pts 152
[h264 @ 0x5569477d9300] nal_unit_type: 1(Coded slice of a non-IDR picture), nal_ref_idc: 1
bench:        1 user        0 sys        1 real decode_video 0:1 
    Last message repeated 1 times
[h264 @ 0x5569477d9300] nal_unit_type: 6(SEI), nal_ref_idc: 0
[h264 @ 0x5569477d9300] nal_unit_type: 1(Coded slice of a non-IDR picture), nal_ref_idc: 1
    Last message repeated 4 times
[Parsed_fps_0 @ 0x7fb3e0001980] Read frame with in pts 3850, out pts 154
[Parsed_fps_0 @ 0x7fb3e0001980] Writing frame with pts 153 to pts 153
bench:        1 user        0 sys        1 real decode_video 0:1 
bench:        1 user        0 sys        0 real decode_video 0:1 
[h264 @ 0x5569477d9300] nal_unit_type: 6(SEI), nal_ref_idc: 0
[h264 @ 0x5569477d9300] nal_unit_type: 1(Coded slice of a non-IDR picture), nal_ref_idc: 1
    Last message repeated 4 times
[Parsed_fps_0 @ 0x7fb3e0001980] Read frame with in pts 3875, out pts 155
[Parsed_fps_0 @ 0x7fb3e0001980] Writing frame with pts 154 to pts 154
bench:        1 user        0 sys        3 real decode_video 0:1 
bench:        1 user        0 sys        0 real decode_video 0:1 
[h264 @ 0x5569477d9300] nal_unit_type: 6(SEI), nal_ref_idc: 0
[h264 @ 0x5569477d9300] nal_unit_type: 1(Coded slice of a non-IDR picture), nal_ref_idc: 1
    Last message repeated 4 times
[Parsed_fps_0 @ 0x7fb3e0001980] Read frame with in pts 3900, out pts 156
[Parsed_fps_0 @ 0x7fb3e0001980] Writing frame with pts 155 to pts 155
bench:        1 user        0 sys        1 real decode_video 0:1 
bench:        0 user        0 sys        0 real decode_video 0:1 
[h264 @ 0x5569477d9300] nal_unit_type: 6(SEI), nal_ref_idc: 0
[h264 @ 0x5569477d9300] nal_unit_type: 1(Coded slice of a non-IDR picture), nal_ref_idc: 1
    Last message repeated 4 times
[Parsed_fps_0 @ 0x7fb3e0001980] Read frame with in pts 3925, out pts 157
[Parsed_fps_0 @ 0x7fb3e0001980] Writing frame with pts 156 to pts 156
bench:        0 user        1 sys        1 real decode_video 0:1 
bench:        0 user        0 sys        1 real decode_video 0:1 
[h264 @ 0x5569477d9300] nal_unit_type: 6(SEI), nal_ref_idc: 0
[h264 @ 0x5569477d9300] nal_unit_type: 1(Coded slice of a non-IDR picture), nal_ref_idc: 1
    Last message repeated 4 times
[Parsed_fps_0 @ 0x7fb3e0001980] Read frame with in pts 3950, out pts 158
[Parsed_fps_0 @ 0x7fb3e0001980] Writing frame with pts 157 to pts 157
bench:        0 user        1 sys        1 real decode_video 0:1 
    Last message repeated 1 times
[h264 @ 0x5569477d9300] nal_unit_type: 6(SEI), nal_ref_idc: 0
[h264 @ 0x5569477d9300] nal_unit_type: 1(Coded slice of a non-IDR picture), nal_ref_idc: 1
    Last message repeated 4 times
[Parsed_fps_0 @ 0x7fb3e0001980] Read frame with in pts 3975, out pts 159
[Parsed_fps_0 @ 0x7fb3e0001980] Writing frame with pts 158 to pts 158
bench:        0 user        0 sys        1 real decode_video 0:1 
bench:        0 user        0 sys        0 real decode_video 0:1 
[h264 @ 0x5569477d9300] nal_unit_type: 6(SEI), nal_ref_idc: 0
[h264 @ 0x5569477d9300] nal_unit_type: 1(Coded slice of a non-IDR picture), nal_ref_idc: 1
    Last message repeated 4 times
[Parsed_fps_0 @ 0x7fb3e0001980] Read frame with in pts 4000, out pts 160
[Parsed_fps_0 @ 0x7fb3e0001980] Writing frame with pts 159 to pts 159
bench:        0 user        1 sys        1 real decode_video 0:1 
bench:        0 user        1 sys        0 real decode_video 0:1 
[h264 @ 0x5569477d9300] nal_unit_type: 6(SEI), nal_ref_idc: 0
[h264 @ 0x5569477d9300] nal_unit_type: 1(Coded slice of a non-IDR picture), nal_ref_idc: 1
    Last message repeated 4 times
[Parsed_fps_0 @ 0x7fb3e0001980] Read frame with in pts 4025, out pts 161
[Parsed_fps_0 @ 0x7fb3e0001980] Writing frame with pts 160 to pts 160
bench:        0 user        1 sys        2 real decode_video 0:1 
bench:        0 user        1 sys        0 real decode_video 0:1 
[h264 @ 0x5569477d9300] nal_unit_type: 6(SEI), nal_ref_idc: 0
[Parsed_fps_0 @ 0x7fb3e0001980] Read frame with in pts 4050, out pts 162
[Parsed_fps_0 @ 0x7fb3e0001980] Writing frame with pts 161 to pts 161
[h264 @ 0x5569477d9300] nal_unit_type: 1(Coded slice of a non-IDR picture), nal_ref_idc: 1
    Last message repeated 4 times
bench:        0 user        0 sys        1 real decode_video 0:1 
    Last message repeated 1 times
[h264 @ 0x5569477d9300] nal_unit_type: 6(SEI), nal_ref_idc: 0
[h264 @ 0x5569477d9300] nal_unit_type: 1(Coded slice of a non-IDR picture), nal_ref_idc: 1
    Last message repeated 4 times
[Parsed_fps_0 @ 0x7fb3e0001980] Read frame with in pts 4075, out pts 163
[Parsed_fps_0 @ 0x7fb3e0001980] Writing frame with pts 162 to pts 162
bench:        0 user        2 sys        4 real decode_video 0:1 
bench:        0 user        1 sys        0 real decode_video 0:1 
[Parsed_fps_0 @ 0x7fb3e0001980] Read frame with in pts 4100, out pts 164
[Parsed_fps_0 @ 0x7fb3e0001980] Writing frame with pts 163 to pts 163
[h264 @ 0x5569477d9300] nal_unit_type: 6(SEI), nal_ref_idc: 0
[h264 @ 0x5569477d9300] nal_unit_type: 1(Coded slice of a non-IDR picture), nal_ref_idc: 1
    Last message repeated 4 times
bench:        1 user        0 sys        2 real decode_video 0:1 
bench:        0 user        1 sys        0 real decode_video 0:1 
[h264 @ 0x5569477d9300] nal_unit_type: 6(SEI), nal_ref_idc: 0
[h264 @ 0x5569477d9300] nal_unit_type: 1(Coded slice of a non-IDR picture), nal_ref_idc: 1
    Last message repeated 4 times
[Parsed_fps_0 @ 0x7fb3e0001980] Read frame with in pts 4125, out pts 165
[Parsed_fps_0 @ 0x7fb3e0001980] Writing frame with pts 164 to pts 164
bench:        0 user        1 sys        1 real decode_video 0:1 
bench:        0 user        0 sys        1 real decode_video 0:1 
[h264 @ 0x5569477d9300] nal_unit_type: 6(SEI), nal_ref_idc: 0
[h264 @ 0x5569477d9300] nal_unit_type: 1(Coded slice of a non-IDR picture), nal_ref_idc: 1
    Last message repeated 4 times
[Parsed_fps_0 @ 0x7fb3e0001980] Read frame with in pts 4150, out pts 166
[Parsed_fps_0 @ 0x7fb3e0001980] Writing frame with pts 165 to pts 165
bench:        1 user        0 sys        2 real decode_video 0:1 
bench:        0 user        0 sys        1 real decode_video 0:1 
[Parsed_fps_0 @ 0x7fb3e0001980] Read frame with in pts 4175, out pts 167
[Parsed_fps_0 @ 0x7fb3e0001980] Writing frame with pts 166 to pts 166
[h264 @ 0x5569477d9300] nal_unit_type: 6(SEI), nal_ref_idc: 0
[h264 @ 0x5569477d9300] nal_unit_type: 1(Coded slice of a non-IDR picture), nal_ref_idc: 1
    Last message repeated 4 times
bench:        1 user        0 sys        2 real decode_video 0:1 
bench:        0 user        0 sys        1 real decode_video 0:1 
[h264 @ 0x5569477d9300] nal_unit_type: 6(SEI), nal_ref_idc: 0
[h264 @ 0x5569477d9300] nal_unit_type: 1(Coded slice of a non-IDR picture), nal_ref_idc: 1
    Last message repeated 4 times
[Parsed_fps_0 @ 0x7fb3e0001980] Read frame with in pts 4200, out pts 168
[Parsed_fps_0 @ 0x7fb3e0001980] Writing frame with pts 167 to pts 167
bench:        1 user        0 sys        1 real decode_video 0:1 
bench:        0 user        0 sys        1 real decode_video 0:1 
[h264 @ 0x5569477d9300] nal_unit_type: 6(SEI), nal_ref_idc: 0
[h264 @ 0x5569477d9300] nal_unit_type: 1(Coded slice of a non-IDR picture), nal_ref_idc: 1
[Parsed_fps_0 @ 0x7fb3e0001980] Read frame with in pts 4225, out pts 169
[Parsed_fps_0 @ 0x7fb3e0001980] Writing frame with pts 168 to pts 168
[h264 @ 0x5569477d9300] nal_unit_type: 1(Coded slice of a non-IDR picture), nal_ref_idc: 1
    Last message repeated 3 times
bench:        1 user        0 sys        1 real decode_video 0:1 
    Last message repeated 1 times
[h264 @ 0x5569477d9300] nal_unit_type: 6(SEI), nal_ref_idc: 0
[h264 @ 0x5569477d9300] nal_unit_type: 1(Coded slice of a non-IDR picture), nal_ref_idc: 1
    Last message repeated 4 times
[Parsed_fps_0 @ 0x7fb3e0001980] Read frame with in pts 4250, out pts 170
[Parsed_fps_0 @ 0x7fb3e0001980] Writing frame with pts 169 to pts 169
bench:        1 user        0 sys        1 real decode_video 0:1 
bench:        0 user        0 sys        0 real decode_video 0:1 
[h264 @ 0x5569477d9300] nal_unit_type: 6(SEI), nal_ref_idc: 0
[h264 @ 0x5569477d9300] nal_unit_type: 1(Coded slice of a non-IDR picture), nal_ref_idc: 1
    Last message repeated 4 times
[Parsed_fps_0 @ 0x7fb3e0001980] Read frame with in pts 4275, out pts 171
[Parsed_fps_0 @ 0x7fb3e0001980] Writing frame with pts 170 to pts 170
bench:        1 user        0 sys        1 real decode_video 0:1 
bench:        0 user        0 sys        1 real decode_video 0:1 
[h264 @ 0x5569477d9300] nal_unit_type: 6(SEI), nal_ref_idc: 0
[h264 @ 0x5569477d9300] nal_unit_type: 1(Coded slice of a non-IDR picture), nal_ref_idc: 1
    Last message repeated 4 times
[Parsed_fps_0 @ 0x7fb3e0001980] Read frame with in pts 4300, out pts 172
[Parsed_fps_0 @ 0x7fb3e0001980] Writing frame with pts 171 to pts 171
bench:        0 user        0 sys        1 real decode_video 0:1 
    Last message repeated 1 times
[h264 @ 0x5569477d9300] nal_unit_type: 6(SEI), nal_ref_idc: 0
[h264 @ 0x5569477d9300] nal_unit_type: 1(Coded slice of a non-IDR picture), nal_ref_idc: 1
    Last message repeated 4 times
[Parsed_fps_0 @ 0x7fb3e0001980] Read frame with in pts 4325, out pts 173
[Parsed_fps_0 @ 0x7fb3e0001980] Writing frame with pts 172 to pts 172
bench:        2 user        0 sys        2 real decode_video 0:1 
bench:        1 user        0 sys        1 real decode_video 0:1 
[h264 @ 0x5569477d9300] nal_unit_type: 6(SEI), nal_ref_idc: 0
[h264 @ 0x5569477d9300] nal_unit_type: 1(Coded slice of a non-IDR picture), nal_ref_idc: 1
    Last message repeated 4 times
[Parsed_fps_0 @ 0x7fb3e0001980] Read frame with in pts 4350, out pts 174
[Parsed_fps_0 @ 0x7fb3e0001980] Writing frame with pts 173 to pts 173
bench:        1 user        0 sys        1 real decode_video 0:1 
bench:        0 user        0 sys        1 real decode_video 0:1 
[h264 @ 0x5569477d9300] nal_unit_type: 6(SEI), nal_ref_idc: 0
[h264 @ 0x5569477d9300] nal_unit_type: 1(Coded slice of a non-IDR picture), nal_ref_idc: 1
    Last message repeated 4 times
[Parsed_fps_0 @ 0x7fb3e0001980] Read frame with in pts 4375, out pts 175
[Parsed_fps_0 @ 0x7fb3e0001980] Writing frame with pts 174 to pts 174
bench:        1 user        0 sys        2 real decode_video 0:1 
bench:        0 user        0 sys        1 real decode_video 0:1 
[h264 @ 0x5569477d9300] nal_unit_type: 6(SEI), nal_ref_idc: 0
[h264 @ 0x5569477d9300] nal_unit_type: 1(Coded slice of a non-IDR picture), nal_ref_idc: 1
    Last message repeated 4 times
[Parsed_fps_0 @ 0x7fb3e0001980] Read frame with in pts 4400, out pts 176
[Parsed_fps_0 @ 0x7fb3e0001980] Writing frame with pts 175 to pts 175
bench:        1 user        0 sys        1 real decode_video 0:1 
bench:        0 user        0 sys        1 real decode_video 0:1 
[h264 @ 0x5569477d9300] nal_unit_type: 6(SEI), nal_ref_idc: 0
[h264 @ 0x5569477d9300] nal_unit_type: 1(Coded slice of a non-IDR picture), nal_ref_idc: 1
    Last message repeated 4 times
[Parsed_fps_0 @ 0x7fb3e0001980] Read frame with in pts 4425, out pts 177
[Parsed_fps_0 @ 0x7fb3e0001980] Writing frame with pts 176 to pts 176
bench:        1 user        0 sys        1 real decode_video 0:1 
bench:        0 user        0 sys        1 real decode_video 0:1 
[h264 @ 0x5569477d9300] nal_unit_type: 6(SEI), nal_ref_idc: 0
[h264 @ 0x5569477d9300] nal_unit_type: 1(Coded slice of a non-IDR picture), nal_ref_idc: 1
[Parsed_fps_0 @ 0x7fb3e0001980] Read frame with in pts 4450, out pts 178
[Parsed_fps_0 @ 0x7fb3e0001980] Writing frame with pts 177 to pts 177
[h264 @ 0x5569477d9300] nal_unit_type: 1(Coded slice of a non-IDR picture), nal_ref_idc: 1
    Last message repeated 3 times
bench:        1 user        0 sys        1 real decode_video 0:1 
bench:        0 user        0 sys        1 real decode_video 0:1 
[h264 @ 0x5569477d9300] nal_unit_type: 6(SEI), nal_ref_idc: 0
[Parsed_fps_0 @ 0x7fb3e0001980] Read frame with in pts 4475, out pts 179
[Parsed_fps_0 @ 0x7fb3e0001980] Writing frame with pts 178 to pts 178
[h264 @ 0x5569477d9300] nal_unit_type: 1(Coded slice of a non-IDR picture), nal_ref_idc: 1
    Last message repeated 4 times
bench:        1 user        0 sys        3 real decode_video 0:1 
bench:        1 user        0 sys        1 real decode_video 0:1 
[h264 @ 0x5569477d9300] nal_unit_type: 6(SEI), nal_ref_idc: 0
[h264 @ 0x5569477d9300] nal_unit_type: 1(Coded slice of a non-IDR picture), nal_ref_idc: 1
    Last message repeated 4 times
[Parsed_fps_0 @ 0x7fb3e0001980] Read frame with in pts 4500, out pts 180
[Parsed_fps_0 @ 0x7fb3e0001980] Writing frame with pts 179 to pts 179
bench:        1 user        0 sys        1 real decode_video 0:1 
bench:        0 user        0 sys        0 real decode_video 0:1 
[h264 @ 0x5569477d9300] nal_unit_type: 6(SEI), nal_ref_idc: 0
[h264 @ 0x5569477d9300] nal_unit_type: 1(Coded slice of a non-IDR picture), nal_ref_idc: 1
    Last message repeated 4 times
[Parsed_fps_0 @ 0x7fb3e0001980] Read frame with in pts 4525, out pts 181
[Parsed_fps_0 @ 0x7fb3e0001980] Writing frame with pts 180 to pts 180
bench:        1 user        0 sys        2 real decode_video 0:1 
bench:        2 user        0 sys        2 real decode_video 0:1 
[Parsed_fps_0 @ 0x7fb3e0001980] Read frame with in pts 4550, out pts 182
[Parsed_fps_0 @ 0x7fb3e0001980] Writing frame with pts 181 to pts 181
[h264 @ 0x5569477d9300] nal_unit_type: 6(SEI), nal_ref_idc: 0
[h264 @ 0x5569477d9300] nal_unit_type: 1(Coded slice of a non-IDR picture), nal_ref_idc: 1
    Last message repeated 4 times
bench:        1 user        0 sys        3 real decode_video 0:1 
bench:        1 user        0 sys        1 real decode_video 0:1 
[h264 @ 0x5569477d9300] nal_unit_type: 6(SEI), nal_ref_idc: 0
[h264 @ 0x5569477d9300] nal_unit_type: 1(Coded slice of a non-IDR picture), nal_ref_idc: 1
    Last message repeated 4 times
[Parsed_fps_0 @ 0x7fb3e0001980] Read frame with in pts 4575, out pts 183
[Parsed_fps_0 @ 0x7fb3e0001980] Writing frame with pts 182 to pts 182
bench:        2 user        0 sys        2 real decode_video 0:1 
bench:        1 user        0 sys        0 real decode_video 0:1 
[h264 @ 0x5569477d9300] nal_unit_type: 6(SEI), nal_ref_idc: 0
[h264 @ 0x5569477d9300] nal_unit_type: 1(Coded slice of a non-IDR picture), nal_ref_idc: 1
    Last message repeated 4 times
[Parsed_fps_0 @ 0x7fb3e0001980] Read frame with in pts 4600, out pts 184
[Parsed_fps_0 @ 0x7fb3e0001980] Writing frame with pts 183 to pts 183
bench:        1 user        0 sys        1 real decode_video 0:1 
bench:        0 user        0 sys        1 real decode_video 0:1 
[h264 @ 0x5569477d9300] nal_unit_type: 6(SEI), nal_ref_idc: 0
[h264 @ 0x5569477d9300] nal_unit_type: 1(Coded slice of a non-IDR picture), nal_ref_idc: 1
    Last message repeated 4 times
[Parsed_fps_0 @ 0x7fb3e0001980] Read frame with in pts 4625, out pts 185
[Parsed_fps_0 @ 0x7fb3e0001980] Writing frame with pts 184 to pts 184
bench:        2 user        1 sys        5 real decode_video 0:1 
bench:        1 user        1 sys        1 real decode_video 0:1 
[h264 @ 0x5569477d9300] nal_unit_type: 6(SEI), nal_ref_idc: 0
[Parsed_fps_0 @ 0x7fb3e0001980] Read frame with in pts 4650, out pts 186
[Parsed_fps_0 @ 0x7fb3e0001980] Writing frame with pts 185 to pts 185
[h264 @ 0x5569477d9300] nal_unit_type: 1(Coded slice of a non-IDR picture), nal_ref_idc: 1
    Last message repeated 4 times
bench:        1 user        0 sys        2 real decode_video 0:1 
bench:        0 user        0 sys        0 real decode_video 0:1 
[h264 @ 0x5569477d9300] nal_unit_type: 6(SEI), nal_ref_idc: 0
[h264 @ 0x5569477d9300] nal_unit_type: 1(Coded slice of a non-IDR picture), nal_ref_idc: 1
    Last message repeated 4 times
[Parsed_fps_0 @ 0x7fb3e0001980] Read frame with in pts 4675, out pts 187
[Parsed_fps_0 @ 0x7fb3e0001980] Writing frame with pts 186 to pts 186
bench:        1 user        0 sys        3 real decode_video 0:1 
bench:        0 user        0 sys        1 real decode_video 0:1 
[h264 @ 0x5569477d9300] nal_unit_type: 6(SEI), nal_ref_idc: 0
[h264 @ 0x5569477d9300] nal_unit_type: 1(Coded slice of a non-IDR picture), nal_ref_idc: 1
    Last message repeated 4 times
[Parsed_fps_0 @ 0x7fb3e0001980] Read frame with in pts 4700, out pts 188
[Parsed_fps_0 @ 0x7fb3e0001980] Writing frame with pts 187 to pts 187
bench:        1 user        0 sys        1 real decode_video 0:1 
    Last message repeated 1 times
[h264 @ 0x5569477d9300] nal_unit_type: 6(SEI), nal_ref_idc: 0
[h264 @ 0x5569477d9300] nal_unit_type: 1(Coded slice of a non-IDR picture), nal_ref_idc: 1
    Last message repeated 4 times
[Parsed_fps_0 @ 0x7fb3e0001980] Read frame with in pts 4725, out pts 189
[Parsed_fps_0 @ 0x7fb3e0001980] Writing frame with pts 188 to pts 188
bench:        2 user        0 sys        2 real decode_video 0:1 
bench:        1 user        0 sys        1 real decode_video 0:1 
[Parsed_fps_0 @ 0x7fb3e0001980] Read frame with in pts 4750, out pts 190
[h264 @ 0x5569477d9300] nal_unit_type: 6(SEI), nal_ref_idc: 0
[h264 @ 0x5569477d9300] nal_unit_type: 1(Coded slice of a non-IDR picture), nal_ref_idc: 1
    Last message repeated 4 times
[Parsed_fps_0 @ 0x7fb3e0001980] Writing frame with pts 189 to pts 189
bench:        1 user        0 sys        1 real decode_video 0:1 
bench:        0 user        0 sys        1 real decode_video 0:1 
[h264 @ 0x5569477d9300] nal_unit_type: 6(SEI), nal_ref_idc: 0
[h264 @ 0x5569477d9300] nal_unit_type: 5(IDR), nal_ref_idc: 1
    Last message repeated 1 times
[Parsed_fps_0 @ 0x7fb3e0001980] Read frame with in pts 4775, out pts 191
[Parsed_fps_0 @ 0x7fb3e0001980] Writing frame with pts 190 to pts 190
[h264 @ 0x5569477d9300] nal_unit_type: 5(IDR), nal_ref_idc: 1
    Last message repeated 2 times
bench:        1 user        0 sys        2 real decode_video 0:1 
bench:        1 user        0 sys        0 real decode_video 0:1 
[h264 @ 0x5569477d9300] nal_unit_type: 6(SEI), nal_ref_idc: 0
[h264 @ 0x5569477d9300] nal_unit_type: 1(Coded slice of a non-IDR picture), nal_ref_idc: 1
    Last message repeated 4 times
[Parsed_fps_0 @ 0x7fb3e0001980] Read frame with in pts 4800, out pts 192
[Parsed_fps_0 @ 0x7fb3e0001980] Writing frame with pts 191 to pts 191
bench:        1 user        0 sys        1 real decode_video 0:1 
bench:        1 user        0 sys        0 real decode_video 0:1 
[h264 @ 0x5569477d9300] nal_unit_type: 6(SEI), nal_ref_idc: 0
[h264 @ 0x5569477d9300] nal_unit_type: 1(Coded slice of a non-IDR picture), nal_ref_idc: 1
    Last message repeated 4 times
[Parsed_fps_0 @ 0x7fb3e0001980] Read frame with in pts 4825, out pts 193
[Parsed_fps_0 @ 0x7fb3e0001980] Writing frame with pts 192 to pts 192
bench:        1 user        0 sys        2 real decode_video 0:1 
bench:        1 user        0 sys        1 real decode_video 0:1 
[h264 @ 0x5569477d9300] nal_unit_type: 6(SEI), nal_ref_idc: 0
[h264 @ 0x5569477d9300] nal_unit_type: 1(Coded slice of a non-IDR picture), nal_ref_idc: 1
    Last message repeated 4 times
[Parsed_fps_0 @ 0x7fb3e0001980] Read frame with in pts 4850, out pts 194
[Parsed_fps_0 @ 0x7fb3e0001980] Writing frame with pts 193 to pts 193
bench:        1 user        0 sys        2 real decode_video 0:1 
bench:        1 user        0 sys        0 real decode_video 0:1 
[h264 @ 0x5569477d9300] nal_unit_type: 6(SEI), nal_ref_idc: 0
[h264 @ 0x5569477d9300] nal_unit_type: 1(Coded slice of a non-IDR picture), nal_ref_idc: 1
    Last message repeated 4 times
[Parsed_fps_0 @ 0x7fb3e0001980] Read frame with in pts 4875, out pts 195
[Parsed_fps_0 @ 0x7fb3e0001980] Writing frame with pts 194 to pts 194
bench:        1 user        0 sys        2 real decode_video 0:1 
bench:        1 user        0 sys        1 real decode_video 0:1 
[h264 @ 0x5569477d9300] nal_unit_type: 6(SEI), nal_ref_idc: 0
[h264 @ 0x5569477d9300] nal_unit_type: 1(Coded slice of a non-IDR picture), nal_ref_idc: 1
    Last message repeated 4 times
[Parsed_fps_0 @ 0x7fb3e0001980] Read frame with in pts 4900, out pts 196
[Parsed_fps_0 @ 0x7fb3e0001980] Writing frame with pts 195 to pts 195
bench:        2 user        0 sys        4 real decode_video 0:1 
bench:        1 user        0 sys        0 real decode_video 0:1 
[h264 @ 0x5569477d9300] nal_unit_type: 6(SEI), nal_ref_idc: 0
[h264 @ 0x5569477d9300] nal_unit_type: 1(Coded slice of a non-IDR picture), nal_ref_idc: 1
    Last message repeated 4 times
[Parsed_fps_0 @ 0x7fb3e0001980] Read frame with in pts 4925, out pts 197
[Parsed_fps_0 @ 0x7fb3e0001980] Writing frame with pts 196 to pts 196
bench:        1 user        0 sys        1 real decode_video 0:1 
bench:        0 user        0 sys        1 real decode_video 0:1 
[h264 @ 0x5569477d9300] nal_unit_type: 6(SEI), nal_ref_idc: 0
[h264 @ 0x5569477d9300] nal_unit_type: 1(Coded slice of a non-IDR picture), nal_ref_idc: 1
    Last message repeated 4 times
[Parsed_fps_0 @ 0x7fb3e0001980] Read frame with in pts 4950, out pts 198
[Parsed_fps_0 @ 0x7fb3e0001980] Writing frame with pts 197 to pts 197
bench:        0 user        0 sys        1 real decode_video 0:1 
bench:        0 user        0 sys        0 real decode_video 0:1 
[h264 @ 0x5569477d9300] nal_unit_type: 6(SEI), nal_ref_idc: 0
[h264 @ 0x5569477d9300] nal_unit_type: 1(Coded slice of a non-IDR picture), nal_ref_idc: 1
    Last message repeated 4 times
[Parsed_fps_0 @ 0x7fb3e0001980] Read frame with in pts 4975, out pts 199
[Parsed_fps_0 @ 0x7fb3e0001980] Writing frame with pts 198 to pts 198
bench:        1 user        0 sys        1 real decode_video 0:1 
bench:        1 user        0 sys        0 real decode_video 0:1 
[h264 @ 0x5569477d9300] nal_unit_type: 6(SEI), nal_ref_idc: 0
[h264 @ 0x5569477d9300] nal_unit_type: 1(Coded slice of a non-IDR picture), nal_ref_idc: 1
    Last message repeated 4 times
[Parsed_fps_0 @ 0x7fb3e0001980] Read frame with in pts 5000, out pts 200
[Parsed_fps_0 @ 0x7fb3e0001980] Writing frame with pts 199 to pts 199
bench:        1 user        0 sys        1 real decode_video 0:1 
bench:        1 user        0 sys        0 real decode_video 0:1 
[h264 @ 0x5569477d9300] nal_unit_type: 6(SEI), nal_ref_idc: 0
[h264 @ 0x5569477d9300] nal_unit_type: 1(Coded slice of a non-IDR picture), nal_ref_idc: 1
    Last message repeated 4 times
[Parsed_fps_0 @ 0x7fb3e0001980] Read frame with in pts 5025, out pts 201
[Parsed_fps_0 @ 0x7fb3e0001980] Writing frame with pts 200 to pts 200
bench:        0 user        0 sys        2 real decode_video 0:1 
bench:        0 user        0 sys        1 real decode_video 0:1 
[h264 @ 0x5569477d9300] nal_unit_type: 6(SEI), nal_ref_idc: 0
[h264 @ 0x5569477d9300] nal_unit_type: 1(Coded slice of a non-IDR picture), nal_ref_idc: 1
    Last message repeated 4 times
[Parsed_fps_0 @ 0x7fb3e0001980] Read frame with in pts 5050, out pts 202
[Parsed_fps_0 @ 0x7fb3e0001980] Writing frame with pts 201 to pts 201
bench:        1 user        0 sys        5 real decode_video 0:1 
bench:        0 user        0 sys        0 real decode_video 0:1 
[h264 @ 0x5569477d9300] nal_unit_type: 6(SEI), nal_ref_idc: 0
[Parsed_fps_0 @ 0x7fb3e0001980] Read frame with in pts 5075, out pts 203
[Parsed_fps_0 @ 0x7fb3e0001980] Writing frame with pts 202 to pts 202
[h264 @ 0x5569477d9300] nal_unit_type: 1(Coded slice of a non-IDR picture), nal_ref_idc: 1
    Last message repeated 4 times
bench:        1 user        0 sys        4 real decode_video 0:1 
bench:        1 user        0 sys        1 real decode_video 0:1 
[h264 @ 0x5569477d9300] nal_unit_type: 6(SEI), nal_ref_idc: 0
[h264 @ 0x5569477d9300] nal_unit_type: 1(Coded slice of a non-IDR picture), nal_ref_idc: 1
    Last message repeated 4 times
[Parsed_fps_0 @ 0x7fb3e0001980] Read frame with in pts 5100, out pts 204
[Parsed_fps_0 @ 0x7fb3e0001980] Writing frame with pts 203 to pts 203
bench:        1 user        0 sys        2 real decode_video 0:1 
bench:        2 user        0 sys        2 real decode_video 0:1 
[Parsed_fps_0 @ 0x7fb3e0001980] Read frame with in pts 5125, out pts 205
[Parsed_fps_0 @ 0x7fb3e0001980] Writing frame with pts 204 to pts 204
[h264 @ 0x5569477d9300] nal_unit_type: 6(SEI), nal_ref_idc: 0
[h264 @ 0x5569477d9300] nal_unit_type: 1(Coded slice of a non-IDR picture), nal_ref_idc: 1
    Last message repeated 4 times
bench:        1 user        0 sys        1 real decode_video 0:1 
    Last message repeated 1 times
[h264 @ 0x5569477d9300] nal_unit_type: 6(SEI), nal_ref_idc: 0
[h264 @ 0x5569477d9300] nal_unit_type: 1(Coded slice of a non-IDR picture), nal_ref_idc: 1
    Last message repeated 4 times
[Parsed_fps_0 @ 0x7fb3e0001980] Read frame with in pts 5150, out pts 206
[Parsed_fps_0 @ 0x7fb3e0001980] Writing frame with pts 205 to pts 205
bench:        2 user        0 sys        4 real decode_video 0:1 
bench:        1 user        0 sys        1 real decode_video 0:1 
[h264 @ 0x5569477d9300] nal_unit_type: 6(SEI), nal_ref_idc: 0
[h264 @ 0x5569477d9300] nal_unit_type: 1(Coded slice of a non-IDR picture), nal_ref_idc: 1
    Last message repeated 4 times
[Parsed_fps_0 @ 0x7fb3e0001980] Read frame with in pts 5175, out pts 207
[Parsed_fps_0 @ 0x7fb3e0001980] Writing frame with pts 206 to pts 206
bench:        1 user        0 sys        1 real decode_video 0:1 
bench:        0 user        0 sys        0 real decode_video 0:1 
[h264 @ 0x5569477d9300] nal_unit_type: 6(SEI), nal_ref_idc: 0
[h264 @ 0x5569477d9300] nal_unit_type: 1(Coded slice of a non-IDR picture), nal_ref_idc: 1
    Last message repeated 4 times
[Parsed_fps_0 @ 0x7fb3e0001980] Read frame with in pts 5200, out pts 208
[Parsed_fps_0 @ 0x7fb3e0001980] Writing frame with pts 207 to pts 207
bench:        1 user        0 sys        1 real decode_video 0:1 
bench:        0 user        0 sys        0 real decode_video 0:1 
[h264 @ 0x5569477d9300] nal_unit_type: 6(SEI), nal_ref_idc: 0
[h264 @ 0x5569477d9300] nal_unit_type: 1(Coded slice of a non-IDR picture), nal_ref_idc: 1
    Last message repeated 4 times
[Parsed_fps_0 @ 0x7fb3e0001980] Read frame with in pts 5225, out pts 209
[Parsed_fps_0 @ 0x7fb3e0001980] Writing frame with pts 208 to pts 208
bench:        1 user        0 sys        1 real decode_video 0:1 
bench:        1 user        0 sys        0 real decode_video 0:1 
[h264 @ 0x5569477d9300] nal_unit_type: 6(SEI), nal_ref_idc: 0
[h264 @ 0x5569477d9300] nal_unit_type: 1(Coded slice of a non-IDR picture), nal_ref_idc: 1
    Last message repeated 4 times
[Parsed_fps_0 @ 0x7fb3e0001980] Read frame with in pts 5250, out pts 210
[Parsed_fps_0 @ 0x7fb3e0001980] Writing frame with pts 209 to pts 209
bench:        1 user        0 sys        1 real decode_video 0:1 
bench:        0 user        0 sys        0 real decode_video 0:1 
[h264 @ 0x5569477d9300] nal_unit_type: 6(SEI), nal_ref_idc: 0
[h264 @ 0x5569477d9300] nal_unit_type: 1(Coded slice of a non-IDR picture), nal_ref_idc: 1
    Last message repeated 4 times
[Parsed_fps_0 @ 0x7fb3e0001980] Read frame with in pts 5275, out pts 211
[Parsed_fps_0 @ 0x7fb3e0001980] Writing frame with pts 210 to pts 210
bench:        1 user        0 sys        1 real decode_video 0:1 
bench:        0 user        0 sys        0 real decode_video 0:1 
[h264 @ 0x5569477d9300] nal_unit_type: 6(SEI), nal_ref_idc: 0
[h264 @ 0x5569477d9300] nal_unit_type: 1(Coded slice of a non-IDR picture), nal_ref_idc: 1
    Last message repeated 4 times
[Parsed_fps_0 @ 0x7fb3e0001980] Read frame with in pts 5300, out pts 212
[Parsed_fps_0 @ 0x7fb3e0001980] Writing frame with pts 211 to pts 211
bench:        1 user        0 sys        2 real decode_video 0:1 
bench:        1 user        0 sys        0 real decode_video 0:1 
[h264 @ 0x5569477d9300] nal_unit_type: 6(SEI), nal_ref_idc: 0
[h264 @ 0x5569477d9300] nal_unit_type: 1(Coded slice of a non-IDR picture), nal_ref_idc: 1
    Last message repeated 4 times
[Parsed_fps_0 @ 0x7fb3e0001980] Read frame with in pts 5325, out pts 213
[Parsed_fps_0 @ 0x7fb3e0001980] Writing frame with pts 212 to pts 212
bench:        2 user        0 sys        4 real decode_video 0:1 
bench:        0 user        0 sys        1 real decode_video 0:1 
[h264 @ 0x5569477d9300] nal_unit_type: 6(SEI), nal_ref_idc: 0
[h264 @ 0x5569477d9300] nal_unit_type: 1(Coded slice of a non-IDR picture), nal_ref_idc: 1
    Last message repeated 4 times
[Parsed_fps_0 @ 0x7fb3e0001980] Read frame with in pts 5350, out pts 214
[Parsed_fps_0 @ 0x7fb3e0001980] Writing frame with pts 213 to pts 213
bench:        1 user        0 sys        2 real decode_video 0:1 
bench:        0 user        0 sys        1 real decode_video 0:1 
[h264 @ 0x5569477d9300] nal_unit_type: 6(SEI), nal_ref_idc: 0
[h264 @ 0x5569477d9300] nal_unit_type: 1(Coded slice of a non-IDR picture), nal_ref_idc: 1
    Last message repeated 4 times
[Parsed_fps_0 @ 0x7fb3e0001980] Read frame with in pts 5375, out pts 215
[Parsed_fps_0 @ 0x7fb3e0001980] Writing frame with pts 214 to pts 214
bench:        1 user        0 sys        2 real decode_video 0:1 
bench:        1 user        0 sys        1 real decode_video 0:1 
[h264 @ 0x5569477d9300] nal_unit_type: 6(SEI), nal_ref_idc: 0
[h264 @ 0x5569477d9300] nal_unit_type: 1(Coded slice of a non-IDR picture), nal_ref_idc: 1
    Last message repeated 4 times
[Parsed_fps_0 @ 0x7fb3e0001980] Read frame with in pts 5400, out pts 216
[Parsed_fps_0 @ 0x7fb3e0001980] Writing frame with pts 215 to pts 215
bench:        1 user        0 sys        2 real decode_video 0:1 
bench:        1 user        0 sys        0 real decode_video 0:1 
[h264 @ 0x5569477d9300] nal_unit_type: 6(SEI), nal_ref_idc: 0
[h264 @ 0x5569477d9300] nal_unit_type: 1(Coded slice of a non-IDR picture), nal_ref_idc: 1
    Last message repeated 4 times
[Parsed_fps_0 @ 0x7fb3e0001980] Read frame with in pts 5425, out pts 217
[Parsed_fps_0 @ 0x7fb3e0001980] Writing frame with pts 216 to pts 216
bench:        2 user        0 sys        3 real decode_video 0:1 
bench:        1 user        0 sys        1 real decode_video 0:1 
[h264 @ 0x5569477d9300] nal_unit_type: 6(SEI), nal_ref_idc: 0
[h264 @ 0x5569477d9300] nal_unit_type: 1(Coded slice of a non-IDR picture), nal_ref_idc: 1
    Last message repeated 4 times
[Parsed_fps_0 @ 0x7fb3e0001980] Read frame with in pts 5450, out pts 218
[Parsed_fps_0 @ 0x7fb3e0001980] Writing frame with pts 217 to pts 217
bench:        1 user        0 sys        1 real decode_video 0:1 
    Last message repeated 1 times
[h264 @ 0x5569477d9300] nal_unit_type: 6(SEI), nal_ref_idc: 0
[h264 @ 0x5569477d9300] nal_unit_type: 1(Coded slice of a non-IDR picture), nal_ref_idc: 1
    Last message repeated 3 times
[Parsed_fps_0 @ 0x7fb3e0001980] Read frame with in pts 5475, out pts 219
[Parsed_fps_0 @ 0x7fb3e0001980] Writing frame with pts 218 to pts 218
[h264 @ 0x5569477d9300] nal_unit_type: 1(Coded slice of a non-IDR picture), nal_ref_idc: 1
bench:        1 user        0 sys        1 real decode_video 0:1 
    Last message repeated 1 times
[h264 @ 0x5569477d9300] nal_unit_type: 6(SEI), nal_ref_idc: 0
[h264 @ 0x5569477d9300] nal_unit_type: 1(Coded slice of a non-IDR picture), nal_ref_idc: 1
    Last message repeated 1 times
[Parsed_fps_0 @ 0x7fb3e0001980] Read frame with in pts 5500, out pts 220
[Parsed_fps_0 @ 0x7fb3e0001980] Writing frame with pts 219 to pts 219
[h264 @ 0x5569477d9300] nal_unit_type: 1(Coded slice of a non-IDR picture), nal_ref_idc: 1
    Last message repeated 2 times
bench:        1 user        0 sys        1 real decode_video 0:1 
bench:        1 user        0 sys        0 real decode_video 0:1 
[h264 @ 0x5569477d9300] nal_unit_type: 6(SEI), nal_ref_idc: 0
[h264 @ 0x5569477d9300] nal_unit_type: 1(Coded slice of a non-IDR picture), nal_ref_idc: 1
    Last message repeated 4 times
[Parsed_fps_0 @ 0x7fb3e0001980] Read frame with in pts 5525, out pts 221
[Parsed_fps_0 @ 0x7fb3e0001980] Writing frame with pts 220 to pts 220
bench:        1 user        0 sys        2 real decode_video 0:1 
bench:        1 user        0 sys        0 real decode_video 0:1 
[h264 @ 0x5569477d9300] nal_unit_type: 6(SEI), nal_ref_idc: 0
[h264 @ 0x5569477d9300] nal_unit_type: 1(Coded slice of a non-IDR picture), nal_ref_idc: 1
    Last message repeated 4 times
[Parsed_fps_0 @ 0x7fb3e0001980] Read frame with in pts 5550, out pts 222
[Parsed_fps_0 @ 0x7fb3e0001980] Writing frame with pts 221 to pts 221
bench:        1 user        0 sys        1 real decode_video 0:1 
    Last message repeated 1 times
[h264 @ 0x5569477d9300] nal_unit_type: 6(SEI), nal_ref_idc: 0
[h264 @ 0x5569477d9300] nal_unit_type: 1(Coded slice of a non-IDR picture), nal_ref_idc: 1
    Last message repeated 4 times
[Parsed_fps_0 @ 0x7fb3e0001980] Read frame with in pts 5575, out pts 223
[Parsed_fps_0 @ 0x7fb3e0001980] Writing frame with pts 222 to pts 222
bench:        1 user        0 sys        1 real decode_video 0:1 
    Last message repeated 1 times
[h264 @ 0x5569477d9300] nal_unit_type: 6(SEI), nal_ref_idc: 0
[h264 @ 0x5569477d9300] nal_unit_type: 1(Coded slice of a non-IDR picture), nal_ref_idc: 1
    Last message repeated 4 times
[Parsed_fps_0 @ 0x7fb3e0001980] Read frame with in pts 5600, out pts 224
[Parsed_fps_0 @ 0x7fb3e0001980] Writing frame with pts 223 to pts 223
bench:        1 user        0 sys        1 real decode_video 0:1 
bench:        0 user        0 sys        1 real decode_video 0:1 
[h264 @ 0x5569477d9300] nal_unit_type: 6(SEI), nal_ref_idc: 0
[h264 @ 0x5569477d9300] nal_unit_type: 1(Coded slice of a non-IDR picture), nal_ref_idc: 1
    Last message repeated 4 times
[Parsed_fps_0 @ 0x7fb3e0001980] Read frame with in pts 5625, out pts 225
[Parsed_fps_0 @ 0x7fb3e0001980] Writing frame with pts 224 to pts 224
bench:        1 user        0 sys        1 real decode_video 0:1 
bench:        0 user        0 sys        1 real decode_video 0:1 
[h264 @ 0x5569477d9300] nal_unit_type: 6(SEI), nal_ref_idc: 0
[h264 @ 0x5569477d9300] nal_unit_type: 1(Coded slice of a non-IDR picture), nal_ref_idc: 1
    Last message repeated 4 times
[Parsed_fps_0 @ 0x7fb3e0001980] Read frame with in pts 5650, out pts 226
[Parsed_fps_0 @ 0x7fb3e0001980] Writing frame with pts 225 to pts 225
bench:        0 user        0 sys        1 real decode_video 0:1 
bench:        1 user        0 sys        1 real decode_video 0:1 
[h264 @ 0x5569477d9300] nal_unit_type: 6(SEI), nal_ref_idc: 0
[h264 @ 0x5569477d9300] nal_unit_type: 1(Coded slice of a non-IDR picture), nal_ref_idc: 1
    Last message repeated 4 times
[Parsed_fps_0 @ 0x7fb3e0001980] Read frame with in pts 5675, out pts 227
[Parsed_fps_0 @ 0x7fb3e0001980] Writing frame with pts 226 to pts 226
bench:        1 user        0 sys        1 real decode_video 0:1 
bench:        0 user        0 sys        1 real decode_video 0:1 
[h264 @ 0x5569477d9300] nal_unit_type: 6(SEI), nal_ref_idc: 0
[h264 @ 0x5569477d9300] nal_unit_type: 1(Coded slice of a non-IDR picture), nal_ref_idc: 1
    Last message repeated 4 times
[Parsed_fps_0 @ 0x7fb3e0001980] Read frame with in pts 5700, out pts 228
[Parsed_fps_0 @ 0x7fb3e0001980] Writing frame with pts 227 to pts 227
bench:        0 user        0 sys        1 real decode_video 0:1 
    Last message repeated 1 times
[h264 @ 0x5569477d9300] nal_unit_type: 6(SEI), nal_ref_idc: 0
[h264 @ 0x5569477d9300] nal_unit_type: 1(Coded slice of a non-IDR picture), nal_ref_idc: 1
    Last message repeated 4 times
[Parsed_fps_0 @ 0x7fb3e0001980] Read frame with in pts 5725, out pts 229
[Parsed_fps_0 @ 0x7fb3e0001980] Writing frame with pts 228 to pts 228
bench:        0 user        1 sys        2 real decode_video 0:1 
bench:        0 user        1 sys        0 real decode_video 0:1 
[h264 @ 0x5569477d9300] nal_unit_type: 6(SEI), nal_ref_idc: 0
[h264 @ 0x5569477d9300] nal_unit_type: 1(Coded slice of a non-IDR picture), nal_ref_idc: 1
    Last message repeated 4 times
[Parsed_fps_0 @ 0x7fb3e0001980] Read frame with in pts 5750, out pts 230
[Parsed_fps_0 @ 0x7fb3e0001980] Writing frame with pts 229 to pts 229
bench:        0 user        1 sys        2 real decode_video 0:1 
bench:        0 user        1 sys        0 real decode_video 0:1 
[h264 @ 0x5569477d9300] nal_unit_type: 6(SEI), nal_ref_idc: 0
[h264 @ 0x5569477d9300] nal_unit_type: 1(Coded slice of a non-IDR picture), nal_ref_idc: 1
    Last message repeated 4 times
[Parsed_fps_0 @ 0x7fb3e0001980] Read frame with in pts 5775, out pts 231
[Parsed_fps_0 @ 0x7fb3e0001980] Writing frame with pts 230 to pts 230
bench:        0 user        0 sys        1 real decode_video 0:1 
bench:        0 user        1 sys        1 real decode_video 0:1 
[h264 @ 0x5569477d9300] nal_unit_type: 6(SEI), nal_ref_idc: 0
[h264 @ 0x5569477d9300] nal_unit_type: 1(Coded slice of a non-IDR picture), nal_ref_idc: 1
    Last message repeated 4 times
[Parsed_fps_0 @ 0x7fb3e0001980] Read frame with in pts 5800, out pts 232
[Parsed_fps_0 @ 0x7fb3e0001980] Writing frame with pts 231 to pts 231
bench:        0 user        1 sys        1 real decode_video 0:1 
bench:        0 user        0 sys        1 real decode_video 0:1 
[h264 @ 0x5569477d9300] nal_unit_type: 6(SEI), nal_ref_idc: 0
[h264 @ 0x5569477d9300] nal_unit_type: 1(Coded slice of a non-IDR picture), nal_ref_idc: 1
    Last message repeated 4 times
[Parsed_fps_0 @ 0x7fb3e0001980] Read frame with in pts 5825, out pts 233
[Parsed_fps_0 @ 0x7fb3e0001980] Writing frame with pts 232 to pts 232
bench:        0 user        1 sys        1 real decode_video 0:1 
bench:        0 user        0 sys        1 real decode_video 0:1 
[h264 @ 0x5569477d9300] nal_unit_type: 6(SEI), nal_ref_idc: 0
[h264 @ 0x5569477d9300] nal_unit_type: 1(Coded slice of a non-IDR picture), nal_ref_idc: 1
    Last message repeated 4 times
[Parsed_fps_0 @ 0x7fb3e0001980] Read frame with in pts 5850, out pts 234
[Parsed_fps_0 @ 0x7fb3e0001980] Writing frame with pts 233 to pts 233
bench:        0 user        1 sys        1 real decode_video 0:1 
bench:        0 user        0 sys        0 real decode_video 0:1 
[h264 @ 0x5569477d9300] nal_unit_type: 6(SEI), nal_ref_idc: 0
[h264 @ 0x5569477d9300] nal_unit_type: 1(Coded slice of a non-IDR picture), nal_ref_idc: 1
    Last message repeated 4 times
[Parsed_fps_0 @ 0x7fb3e0001980] Read frame with in pts 5875, out pts 235
[Parsed_fps_0 @ 0x7fb3e0001980] Writing frame with pts 234 to pts 234
bench:        0 user        1 sys        1 real decode_video 0:1 
bench:        1 user        1 sys        1 real decode_video 0:1 
[h264 @ 0x5569477d9300] nal_unit_type: 6(SEI), nal_ref_idc: 0
[h264 @ 0x5569477d9300] nal_unit_type: 1(Coded slice of a non-IDR picture), nal_ref_idc: 1
    Last message repeated 4 times
[Parsed_fps_0 @ 0x7fb3e0001980] Read frame with in pts 5900, out pts 236
[Parsed_fps_0 @ 0x7fb3e0001980] Writing frame with pts 235 to pts 235
bench:        0 user        1 sys        1 real decode_video 0:1 
bench:        0 user        0 sys        1 real decode_video 0:1 
[h264 @ 0x5569477d9300] nal_unit_type: 6(SEI), nal_ref_idc: 0
[h264 @ 0x5569477d9300] nal_unit_type: 1(Coded slice of a non-IDR picture), nal_ref_idc: 1
    Last message repeated 4 times
[Parsed_fps_0 @ 0x7fb3e0001980] Read frame with in pts 5925, out pts 237
[Parsed_fps_0 @ 0x7fb3e0001980] Writing frame with pts 236 to pts 236
bench:        0 user        0 sys        1 real decode_video 0:1 
bench:        0 user        0 sys        0 real decode_video 0:1 
[h264 @ 0x5569477d9300] nal_unit_type: 6(SEI), nal_ref_idc: 0
[h264 @ 0x5569477d9300] nal_unit_type: 1(Coded slice of a non-IDR picture), nal_ref_idc: 1
    Last message repeated 4 times
[Parsed_fps_0 @ 0x7fb3e0001980] Read frame with in pts 5950, out pts 238
[Parsed_fps_0 @ 0x7fb3e0001980] Writing frame with pts 237 to pts 237
bench:        0 user        0 sys        1 real decode_video 0:1 
    Last message repeated 1 times
[h264 @ 0x5569477d9300] nal_unit_type: 6(SEI), nal_ref_idc: 0
[h264 @ 0x5569477d9300] nal_unit_type: 1(Coded slice of a non-IDR picture), nal_ref_idc: 1
    Last message repeated 4 times
[Parsed_fps_0 @ 0x7fb3e0001980] Read frame with in pts 5975, out pts 239
[Parsed_fps_0 @ 0x7fb3e0001980] Writing frame with pts 238 to pts 238
bench:        1 user        0 sys        2 real decode_video 0:1 
bench:        0 user        0 sys        0 real decode_video 0:1 
[h264 @ 0x5569477d9300] nal_unit_type: 6(SEI), nal_ref_idc: 0
[h264 @ 0x5569477d9300] nal_unit_type: 1(Coded slice of a non-IDR picture), nal_ref_idc: 1
    Last message repeated 4 times
[Parsed_fps_0 @ 0x7fb3e0001980] Read frame with in pts 6000, out pts 240
[Parsed_fps_0 @ 0x7fb3e0001980] Writing frame with pts 239 to pts 239
bench:        2 user        0 sys        4 real decode_video 0:1 
bench:        1 user        0 sys        0 real decode_video 0:1 
[h264 @ 0x5569477d9300] nal_unit_type: 6(SEI), nal_ref_idc: 0
[h264 @ 0x5569477d9300] nal_unit_type: 1(Coded slice of a non-IDR picture), nal_ref_idc: 1
    Last message repeated 4 times
[Parsed_fps_0 @ 0x7fb3e0001980] Read frame with in pts 6025, out pts 241
[Parsed_fps_0 @ 0x7fb3e0001980] Writing frame with pts 240 to pts 240
bench:        1 user        0 sys        1 real decode_video 0:1 
bench:        0 user        0 sys        0 real decode_video 0:1 
[h264 @ 0x5569477d9300] nal_unit_type: 6(SEI), nal_ref_idc: 0
[h264 @ 0x5569477d9300] nal_unit_type: 1(Coded slice of a non-IDR picture), nal_ref_idc: 1
    Last message repeated 4 times
[Parsed_fps_0 @ 0x7fb3e0001980] Read frame with in pts 6050, out pts 242
[Parsed_fps_0 @ 0x7fb3e0001980] Writing frame with pts 241 to pts 241
bench:        1 user        0 sys        4 real decode_video 0:1 
bench:        0 user        0 sys        1 real decode_video 0:1 
[h264 @ 0x5569477d9300] nal_unit_type: 6(SEI), nal_ref_idc: 0
[h264 @ 0x5569477d9300] nal_unit_type: 1(Coded slice of a non-IDR picture), nal_ref_idc: 1
    Last message repeated 4 times
[Parsed_fps_0 @ 0x7fb3e0001980] Read frame with in pts 6075, out pts 243
[Parsed_fps_0 @ 0x7fb3e0001980] Writing frame with pts 242 to pts 242
bench:        2 user        0 sys        2 real decode_video 0:1 
bench:        1 user        0 sys        0 real decode_video 0:1 
[h264 @ 0x5569477d9300] nal_unit_type: 6(SEI), nal_ref_idc: 0
[h264 @ 0x5569477d9300] nal_unit_type: 1(Coded slice of a non-IDR picture), nal_ref_idc: 1
    Last message repeated 4 times
[Parsed_fps_0 @ 0x7fb3e0001980] Read frame with in pts 6100, out pts 244
[Parsed_fps_0 @ 0x7fb3e0001980] Writing frame with pts 243 to pts 243
bench:        2 user        0 sys        4 real decode_video 0:1 
bench:        1 user        0 sys        1 real decode_video 0:1 
[h264 @ 0x5569477d9300] nal_unit_type: 6(SEI), nal_ref_idc: 0
[h264 @ 0x5569477d9300] nal_unit_type: 1(Coded slice of a non-IDR picture), nal_ref_idc: 1
    Last message repeated 4 times
[Parsed_fps_0 @ 0x7fb3e0001980] Read frame with in pts 6125, out pts 245
[Parsed_fps_0 @ 0x7fb3e0001980] Writing frame with pts 244 to pts 244
bench:        1 user        0 sys        2 real decode_video 0:1 
bench:        0 user        0 sys        1 real decode_video 0:1 
[h264 @ 0x5569477d9300] nal_unit_type: 6(SEI), nal_ref_idc: 0
[Parsed_fps_0 @ 0x7fb3e0001980] Read frame with in pts 6150, out pts 246
[Parsed_fps_0 @ 0x7fb3e0001980] Writing frame with pts 245 to pts 245
[h264 @ 0x5569477d9300] nal_unit_type: 1(Coded slice of a non-IDR picture), nal_ref_idc: 1
    Last message repeated 4 times
bench:        1 user        0 sys        2 real decode_video 0:1 
bench:        1 user        0 sys        1 real decode_video 0:1 
[h264 @ 0x5569477d9300] nal_unit_type: 6(SEI), nal_ref_idc: 0
[h264 @ 0x5569477d9300] nal_unit_type: 1(Coded slice of a non-IDR picture), nal_ref_idc: 1
    Last message repeated 4 times
[Parsed_fps_0 @ 0x7fb3e0001980] Read frame with in pts 6175, out pts 247
[Parsed_fps_0 @ 0x7fb3e0001980] Writing frame with pts 246 to pts 246
bench:        2 user        0 sys        5 real decode_video 0:1 
bench:        1 user        0 sys        1 real decode_video 0:1 
[h264 @ 0x5569477d9300] nal_unit_type: 6(SEI), nal_ref_idc: 0
[h264 @ 0x5569477d9300] nal_unit_type: 1(Coded slice of a non-IDR picture), nal_ref_idc: 1
    Last message repeated 4 times
[Parsed_fps_0 @ 0x7fb3e0001980] Read frame with in pts 6200, out pts 248
[Parsed_fps_0 @ 0x7fb3e0001980] Writing frame with pts 247 to pts 247
bench:        2 user        0 sys        3 real decode_video 0:1 
bench:        0 user        0 sys        1 real decode_video 0:1 
[h264 @ 0x5569477d9300] nal_unit_type: 6(SEI), nal_ref_idc: 0
[h264 @ 0x5569477d9300] nal_unit_type: 1(Coded slice of a non-IDR picture), nal_ref_idc: 1
    Last message repeated 4 times
[Parsed_fps_0 @ 0x7fb3e0001980] Read frame with in pts 6225, out pts 249
[Parsed_fps_0 @ 0x7fb3e0001980] Writing frame with pts 248 to pts 248
bench:        1 user        0 sys        1 real decode_video 0:1 
    Last message repeated 1 times
[h264 @ 0x5569477d9300] nal_unit_type: 6(SEI), nal_ref_idc: 0
[h264 @ 0x5569477d9300] nal_unit_type: 1(Coded slice of a non-IDR picture), nal_ref_idc: 1
    Last message repeated 4 times
[Parsed_fps_0 @ 0x7fb3e0001980] Read frame with in pts 6250, out pts 250
[Parsed_fps_0 @ 0x7fb3e0001980] Writing frame with pts 249 to pts 249
bench:        1 user        0 sys        1 real decode_video 0:1 
bench:        0 user        0 sys        1 real decode_video 0:1 
[h264 @ 0x5569477d9300] nal_unit_type: 6(SEI), nal_ref_idc: 0
[h264 @ 0x5569477d9300] nal_unit_type: 1(Coded slice of a non-IDR picture), nal_ref_idc: 1
    Last message repeated 4 times
[Parsed_fps_0 @ 0x7fb3e0001980] Read frame with in pts 6275, out pts 251
[Parsed_fps_0 @ 0x7fb3e0001980] Writing frame with pts 250 to pts 250
bench:        1 user        0 sys        2 real decode_video 0:1 
bench:        1 user        0 sys        1 real decode_video 0:1 
[h264 @ 0x5569477d9300] nal_unit_type: 6(SEI), nal_ref_idc: 0
[h264 @ 0x5569477d9300] nal_unit_type: 1(Coded slice of a non-IDR picture), nal_ref_idc: 1
    Last message repeated 4 times
[Parsed_fps_0 @ 0x7fb3e0001980] Read frame with in pts 6300, out pts 252
[Parsed_fps_0 @ 0x7fb3e0001980] Writing frame with pts 251 to pts 251
bench:        1 user        0 sys        2 real decode_video 0:1 
bench:        0 user        0 sys        1 real decode_video 0:1 
[h264 @ 0x5569477d9300] nal_unit_type: 6(SEI), nal_ref_idc: 0
[h264 @ 0x5569477d9300] nal_unit_type: 1(Coded slice of a non-IDR picture), nal_ref_idc: 1
    Last message repeated 4 times
[Parsed_fps_0 @ 0x7fb3e0001980] Read frame with in pts 6325, out pts 253
[Parsed_fps_0 @ 0x7fb3e0001980] Writing frame with pts 252 to pts 252
bench:        2 user        0 sys        2 real decode_video 0:1 
bench:        1 user        0 sys        0 real decode_video 0:1 
[h264 @ 0x5569477d9300] nal_unit_type: 6(SEI), nal_ref_idc: 0
[h264 @ 0x5569477d9300] nal_unit_type: 1(Coded slice of a non-IDR picture), nal_ref_idc: 1
    Last message repeated 4 times
[Parsed_fps_0 @ 0x7fb3e0001980] Read frame with in pts 6350, out pts 254
[Parsed_fps_0 @ 0x7fb3e0001980] Writing frame with pts 253 to pts 253
bench:        1 user        0 sys        1 real decode_video 0:1 
bench:        1 user        0 sys        0 real decode_video 0:1 
[h264 @ 0x5569477d9300] nal_unit_type: 6(SEI), nal_ref_idc: 0
[h264 @ 0x5569477d9300] nal_unit_type: 5(IDR), nal_ref_idc: 1
    Last message repeated 3 times
[Parsed_fps_0 @ 0x7fb3e0001980] Read frame with in pts 6375, out pts 255
[h264 @ 0x5569477d9300] nal_unit_type: 5(IDR), nal_ref_idc: 1
[Parsed_fps_0 @ 0x7fb3e0001980] Writing frame with pts 254 to pts 254
bench:        1 user        0 sys        1 real decode_video 0:1 
bench:        1 user        0 sys        0 real decode_video 0:1 
[h264 @ 0x5569477d9300] nal_unit_type: 6(SEI), nal_ref_idc: 0
[h264 @ 0x5569477d9300] nal_unit_type: 1(Coded slice of a non-IDR picture), nal_ref_idc: 1
    Last message repeated 4 times
[Parsed_fps_0 @ 0x7fb3e0001980] Read frame with in pts 6400, out pts 256
[Parsed_fps_0 @ 0x7fb3e0001980] Writing frame with pts 255 to pts 255
bench:        1 user        0 sys        1 real decode_video 0:1 
    Last message repeated 1 times
[h264 @ 0x5569477d9300] nal_unit_type: 6(SEI), nal_ref_idc: 0
[h264 @ 0x5569477d9300] nal_unit_type: 1(Coded slice of a non-IDR picture), nal_ref_idc: 1
    Last message repeated 4 times
[Parsed_fps_0 @ 0x7fb3e0001980] Read frame with in pts 6425, out pts 257
[Parsed_fps_0 @ 0x7fb3e0001980] Writing frame with pts 256 to pts 256
bench:        1 user        0 sys        1 real decode_video 0:1 
bench:        1 user        0 sys        0 real decode_video 0:1 
[h264 @ 0x5569477d9300] nal_unit_type: 6(SEI), nal_ref_idc: 0
[h264 @ 0x5569477d9300] nal_unit_type: 1(Coded slice of a non-IDR picture), nal_ref_idc: 1
    Last message repeated 4 times
[Parsed_fps_0 @ 0x7fb3e0001980] Read frame with in pts 6450, out pts 258
[Parsed_fps_0 @ 0x7fb3e0001980] Writing frame with pts 257 to pts 257
bench:        1 user        0 sys        2 real decode_video 0:1 
bench:        1 user        0 sys        0 real decode_video 0:1 
[h264 @ 0x5569477d9300] nal_unit_type: 6(SEI), nal_ref_idc: 0
[h264 @ 0x5569477d9300] nal_unit_type: 1(Coded slice of a non-IDR picture), nal_ref_idc: 1
    Last message repeated 4 times
[Parsed_fps_0 @ 0x7fb3e0001980] Read frame with in pts 6475, out pts 259
[Parsed_fps_0 @ 0x7fb3e0001980] Writing frame with pts 258 to pts 258
bench:        1 user        0 sys        1 real decode_video 0:1 
bench:        0 user        0 sys        0 real decode_video 0:1 
[h264 @ 0x5569477d9300] nal_unit_type: 6(SEI), nal_ref_idc: 0
[h264 @ 0x5569477d9300] nal_unit_type: 1(Coded slice of a non-IDR picture), nal_ref_idc: 1
    Last message repeated 4 times
[Parsed_fps_0 @ 0x7fb3e0001980] Read frame with in pts 6500, out pts 260
[Parsed_fps_0 @ 0x7fb3e0001980] Writing frame with pts 259 to pts 259
bench:        1 user        0 sys        0 real decode_video 0:1 
bench:        0 user        0 sys        0 real decode_video 0:1 
[h264 @ 0x5569477d9300] nal_unit_type: 6(SEI), nal_ref_idc: 0
[h264 @ 0x5569477d9300] nal_unit_type: 1(Coded slice of a non-IDR picture), nal_ref_idc: 1
    Last message repeated 4 times
[Parsed_fps_0 @ 0x7fb3e0001980] Read frame with in pts 6525, out pts 261
[Parsed_fps_0 @ 0x7fb3e0001980] Writing frame with pts 260 to pts 260
bench:        2 user        0 sys        3 real decode_video 0:1 
bench:        1 user        0 sys        0 real decode_video 0:1 
[h264 @ 0x5569477d9300] nal_unit_type: 6(SEI), nal_ref_idc: 0
[h264 @ 0x5569477d9300] nal_unit_type: 1(Coded slice of a non-IDR picture), nal_ref_idc: 1
    Last message repeated 4 times
[Parsed_fps_0 @ 0x7fb3e0001980] Read frame with in pts 6550, out pts 262
[Parsed_fps_0 @ 0x7fb3e0001980] Writing frame with pts 261 to pts 261
bench:        1 user        0 sys        1 real decode_video 0:1 
bench:        0 user        0 sys        0 real decode_video 0:1 
[h264 @ 0x5569477d9300] nal_unit_type: 6(SEI), nal_ref_idc: 0
[h264 @ 0x5569477d9300] nal_unit_type: 1(Coded slice of a non-IDR picture), nal_ref_idc: 1
    Last message repeated 4 times
[Parsed_fps_0 @ 0x7fb3e0001980] Read frame with in pts 6575, out pts 263
[Parsed_fps_0 @ 0x7fb3e0001980] Writing frame with pts 262 to pts 262
bench:        1 user        0 sys        1 real decode_video 0:1 
    Last message repeated 1 times
[h264 @ 0x5569477d9300] nal_unit_type: 6(SEI), nal_ref_idc: 0
[h264 @ 0x5569477d9300] nal_unit_type: 1(Coded slice of a non-IDR picture), nal_ref_idc: 1
    Last message repeated 4 times
bench:        1 user        0 sys        2 real decode_video 0:1 
bench:        1 user        0 sys        1 real decode_video 0:1 
[h264 @ 0x5569477d9300] nal_unit_type: 6(SEI), nal_ref_idc: 0
[h264 @ 0x5569477d9300] nal_unit_type: 1(Coded slice of a non-IDR picture), nal_ref_idc: 1
    Last message repeated 4 times
[Parsed_fps_0 @ 0x7fb3e0001980] Read frame with in pts 6600, out pts 264
[Parsed_fps_0 @ 0x7fb3e0001980] Writing frame with pts 263 to pts 263
[Parsed_fps_0 @ 0x7fb3e0001980] Read frame with in pts 6625, out pts 265
[Parsed_fps_0 @ 0x7fb3e0001980] Writing frame with pts 264 to pts 264
bench:        1 user        0 sys        1 real decode_video 0:1 
bench:        0 user        0 sys        1 real decode_video 0:1 
[h264 @ 0x5569477d9300] nal_unit_type: 6(SEI), nal_ref_idc: 0
[h264 @ 0x5569477d9300] nal_unit_type: 1(Coded slice of a non-IDR picture), nal_ref_idc: 1
    Last message repeated 2 times
[Parsed_fps_0 @ 0x7fb3e0001980] Read frame with in pts 6650, out pts 266
[Parsed_fps_0 @ 0x7fb3e0001980] Writing frame with pts 265 to pts 265
[h264 @ 0x5569477d9300] nal_unit_type: 1(Coded slice of a non-IDR picture), nal_ref_idc: 1
    Last message repeated 1 times
bench:        1 user        0 sys        1 real decode_video 0:1 
    Last message repeated 1 times
[h264 @ 0x5569477d9300] nal_unit_type: 6(SEI), nal_ref_idc: 0
[h264 @ 0x5569477d9300] nal_unit_type: 1(Coded slice of a non-IDR picture), nal_ref_idc: 1
    Last message repeated 4 times
[Parsed_fps_0 @ 0x7fb3e0001980] Read frame with in pts 6675, out pts 267
[Parsed_fps_0 @ 0x7fb3e0001980] Writing frame with pts 266 to pts 266
bench:        2 user        0 sys        2 real decode_video 0:1 
bench:        0 user        0 sys        1 real decode_video 0:1 
[h264 @ 0x5569477d9300] nal_unit_type: 6(SEI), nal_ref_idc: 0
[h264 @ 0x5569477d9300] nal_unit_type: 1(Coded slice of a non-IDR picture), nal_ref_idc: 1
    Last message repeated 4 times
[Parsed_fps_0 @ 0x7fb3e0001980] Read frame with in pts 6700, out pts 268
[Parsed_fps_0 @ 0x7fb3e0001980] Writing frame with pts 267 to pts 267
bench:        1 user        0 sys        1 real decode_video 0:1 
bench:        0 user        0 sys        1 real decode_video 0:1 
[h264 @ 0x5569477d9300] nal_unit_type: 6(SEI), nal_ref_idc: 0
[h264 @ 0x5569477d9300] nal_unit_type: 1(Coded slice of a non-IDR picture), nal_ref_idc: 1
    Last message repeated 4 times
[Parsed_fps_0 @ 0x7fb3e0001980] Read frame with in pts 6725, out pts 269
[Parsed_fps_0 @ 0x7fb3e0001980] Writing frame with pts 268 to pts 268
bench:        2 user        0 sys        2 real decode_video 0:1 
bench:        1 user        0 sys        1 real decode_video 0:1 
[h264 @ 0x5569477d9300] nal_unit_type: 6(SEI), nal_ref_idc: 0
[h264 @ 0x5569477d9300] nal_unit_type: 1(Coded slice of a non-IDR picture), nal_ref_idc: 1
    Last message repeated 4 times
[Parsed_fps_0 @ 0x7fb3e0001980] Read frame with in pts 6750, out pts 270
[Parsed_fps_0 @ 0x7fb3e0001980] Writing frame with pts 269 to pts 269
bench:        2 user        0 sys        3 real decode_video 0:1 
bench:        0 user        0 sys        1 real decode_video 0:1 
[h264 @ 0x5569477d9300] nal_unit_type: 6(SEI), nal_ref_idc: 0
[h264 @ 0x5569477d9300] nal_unit_type: 1(Coded slice of a non-IDR picture), nal_ref_idc: 1
    Last message repeated 4 times
[Parsed_fps_0 @ 0x7fb3e0001980] Read frame with in pts 6775, out pts 271
[Parsed_fps_0 @ 0x7fb3e0001980] Writing frame with pts 270 to pts 270
bench:        1 user        0 sys        1 real decode_video 0:1 
bench:        0 user        1 sys        0 real decode_video 0:1 
[h264 @ 0x5569477d9300] nal_unit_type: 6(SEI), nal_ref_idc: 0
[h264 @ 0x5569477d9300] nal_unit_type: 1(Coded slice of a non-IDR picture), nal_ref_idc: 1
    Last message repeated 4 times
[Parsed_fps_0 @ 0x7fb3e0001980] Read frame with in pts 6800, out pts 272
[Parsed_fps_0 @ 0x7fb3e0001980] Writing frame with pts 271 to pts 271
bench:        0 user        1 sys        1 real decode_video 0:1 
    Last message repeated 1 times
[h264 @ 0x5569477d9300] nal_unit_type: 6(SEI), nal_ref_idc: 0
[h264 @ 0x5569477d9300] nal_unit_type: 1(Coded slice of a non-IDR picture), nal_ref_idc: 1
    Last message repeated 4 times
[Parsed_fps_0 @ 0x7fb3e0001980] Read frame with in pts 6825, out pts 273
[Parsed_fps_0 @ 0x7fb3e0001980] Writing frame with pts 272 to pts 272
bench:        0 user        0 sys        2 real decode_video 0:1 
bench:        0 user        1 sys        1 real decode_video 0:1 
[h264 @ 0x5569477d9300] nal_unit_type: 6(SEI), nal_ref_idc: 0
[h264 @ 0x5569477d9300] nal_unit_type: 1(Coded slice of a non-IDR picture), nal_ref_idc: 1
    Last message repeated 4 times
[Parsed_fps_0 @ 0x7fb3e0001980] Read frame with in pts 6850, out pts 274
[Parsed_fps_0 @ 0x7fb3e0001980] Writing frame with pts 273 to pts 273
bench:        0 user        1 sys        2 real decode_video 0:1 
bench:        0 user        1 sys        1 real decode_video 0:1 
[h264 @ 0x5569477d9300] nal_unit_type: 6(SEI), nal_ref_idc: 0
[h264 @ 0x5569477d9300] nal_unit_type: 1(Coded slice of a non-IDR picture), nal_ref_idc: 1
    Last message repeated 4 times
[Parsed_fps_0 @ 0x7fb3e0001980] Read frame with in pts 6875, out pts 275
[Parsed_fps_0 @ 0x7fb3e0001980] Writing frame with pts 274 to pts 274
bench:        0 user        1 sys        1 real decode_video 0:1 
    Last message repeated 1 times
[h264 @ 0x5569477d9300] nal_unit_type: 6(SEI), nal_ref_idc: 0
[h264 @ 0x5569477d9300] nal_unit_type: 1(Coded slice of a non-IDR picture), nal_ref_idc: 1
    Last message repeated 4 times
[Parsed_fps_0 @ 0x7fb3e0001980] Read frame with in pts 6900, out pts 276
[Parsed_fps_0 @ 0x7fb3e0001980] Writing frame with pts 275 to pts 275
bench:        0 user        1 sys        2 real decode_video 0:1 
bench:        0 user        1 sys        0 real decode_video 0:1 
[h264 @ 0x5569477d9300] nal_unit_type: 6(SEI), nal_ref_idc: 0
[h264 @ 0x5569477d9300] nal_unit_type: 1(Coded slice of a non-IDR picture), nal_ref_idc: 1
    Last message repeated 4 times
[Parsed_fps_0 @ 0x7fb3e0001980] Read frame with in pts 6925, out pts 277
[Parsed_fps_0 @ 0x7fb3e0001980] Writing frame with pts 276 to pts 276
bench:        2 user        1 sys        2 real decode_video 0:1 
bench:        1 user        0 sys        1 real decode_video 0:1 
[h264 @ 0x5569477d9300] nal_unit_type: 6(SEI), nal_ref_idc: 0
[h264 @ 0x5569477d9300] nal_unit_type: 1(Coded slice of a non-IDR picture), nal_ref_idc: 1
    Last message repeated 4 times
[Parsed_fps_0 @ 0x7fb3e0001980] Read frame with in pts 6950, out pts 278
[Parsed_fps_0 @ 0x7fb3e0001980] Writing frame with pts 277 to pts 277
bench:        1 user        0 sys        1 real decode_video 0:1 
    Last message repeated 1 times
[h264 @ 0x5569477d9300] nal_unit_type: 6(SEI), nal_ref_idc: 0
[h264 @ 0x5569477d9300] nal_unit_type: 1(Coded slice of a non-IDR picture), nal_ref_idc: 1
    Last message repeated 4 times
[Parsed_fps_0 @ 0x7fb3e0001980] Read frame with in pts 6975, out pts 279
[Parsed_fps_0 @ 0x7fb3e0001980] Writing frame with pts 278 to pts 278
bench:        1 user        0 sys        2 real decode_video 0:1 
bench:        1 user        0 sys        1 real decode_video 0:1 
[h264 @ 0x5569477d9300] nal_unit_type: 6(SEI), nal_ref_idc: 0
[h264 @ 0x5569477d9300] nal_unit_type: 1(Coded slice of a non-IDR picture), nal_ref_idc: 1
    Last message repeated 3 times
[Parsed_fps_0 @ 0x7fb3e0001980] Read frame with in pts 7000, out pts 280
[Parsed_fps_0 @ 0x7fb3e0001980] Writing frame with pts 279 to pts 279
[h264 @ 0x5569477d9300] nal_unit_type: 1(Coded slice of a non-IDR picture), nal_ref_idc: 1
bench:        1 user        0 sys        2 real decode_video 0:1 
bench:        1 user        0 sys        1 real decode_video 0:1 
[h264 @ 0x5569477d9300] nal_unit_type: 6(SEI), nal_ref_idc: 0
[h264 @ 0x5569477d9300] nal_unit_type: 1(Coded slice of a non-IDR picture), nal_ref_idc: 1
    Last message repeated 4 times
[Parsed_fps_0 @ 0x7fb3e0001980] Read frame with in pts 7025, out pts 281
[Parsed_fps_0 @ 0x7fb3e0001980] Writing frame with pts 280 to pts 280
bench:        1 user        0 sys        1 real decode_video 0:1 
    Last message repeated 1 times
[h264 @ 0x5569477d9300] nal_unit_type: 6(SEI), nal_ref_idc: 0
[h264 @ 0x5569477d9300] nal_unit_type: 1(Coded slice of a non-IDR picture), nal_ref_idc: 1
    Last message repeated 4 times
[Parsed_fps_0 @ 0x7fb3e0001980] Read frame with in pts 7050, out pts 282
[Parsed_fps_0 @ 0x7fb3e0001980] Writing frame with pts 281 to pts 281
bench:        0 user        0 sys        1 real decode_video 0:1 
    Last message repeated 1 times
[h264 @ 0x5569477d9300] nal_unit_type: 6(SEI), nal_ref_idc: 0
[h264 @ 0x5569477d9300] nal_unit_type: 1(Coded slice of a non-IDR picture), nal_ref_idc: 1
    Last message repeated 4 times
[Parsed_fps_0 @ 0x7fb3e0001980] Read frame with in pts 7075, out pts 283
[Parsed_fps_0 @ 0x7fb3e0001980] Writing frame with pts 282 to pts 282
bench:        1 user        0 sys        1 real decode_video 0:1 
    Last message repeated 1 times
[h264 @ 0x5569477d9300] nal_unit_type: 6(SEI), nal_ref_idc: 0
[h264 @ 0x5569477d9300] nal_unit_type: 1(Coded slice of a non-IDR picture), nal_ref_idc: 1
    Last message repeated 4 times
[Parsed_fps_0 @ 0x7fb3e0001980] Read frame with in pts 7100, out pts 284
[Parsed_fps_0 @ 0x7fb3e0001980] Writing frame with pts 283 to pts 283
bench:        0 user        0 sys        2 real decode_video 0:1 
bench:        0 user        0 sys        0 real decode_video 0:1 
[h264 @ 0x5569477d9300] nal_unit_type: 6(SEI), nal_ref_idc: 0
[h264 @ 0x5569477d9300] nal_unit_type: 1(Coded slice of a non-IDR picture), nal_ref_idc: 1
    Last message repeated 4 times
[Parsed_fps_0 @ 0x7fb3e0001980] Read frame with in pts 7125, out pts 285
[Parsed_fps_0 @ 0x7fb3e0001980] Writing frame with pts 284 to pts 284
bench:        1 user        0 sys        1 real decode_video 0:1 
bench:        1 user        0 sys        0 real decode_video 0:1 
[h264 @ 0x5569477d9300] nal_unit_type: 6(SEI), nal_ref_idc: 0
[h264 @ 0x5569477d9300] nal_unit_type: 1(Coded slice of a non-IDR picture), nal_ref_idc: 1
    Last message repeated 4 times
[Parsed_fps_0 @ 0x7fb3e0001980] Read frame with in pts 7150, out pts 286
[Parsed_fps_0 @ 0x7fb3e0001980] Writing frame with pts 285 to pts 285
bench:        1 user        0 sys        1 real decode_video 0:1 
bench:        2 user        0 sys        2 real decode_video 0:1 
[h264 @ 0x5569477d9300] nal_unit_type: 6(SEI), nal_ref_idc: 0
[h264 @ 0x5569477d9300] nal_unit_type: 1(Coded slice of a non-IDR picture), nal_ref_idc: 1
    Last message repeated 4 times
[Parsed_fps_0 @ 0x7fb3e0001980] Read frame with in pts 7175, out pts 287
[Parsed_fps_0 @ 0x7fb3e0001980] Writing frame with pts 286 to pts 286
bench:        2 user        0 sys        5 real decode_video 0:1 
bench:        1 user        0 sys        1 real decode_video 0:1 
[h264 @ 0x5569477d9300] nal_unit_type: 6(SEI), nal_ref_idc: 0
[h264 @ 0x5569477d9300] nal_unit_type: 1(Coded slice of a non-IDR picture), nal_ref_idc: 1
    Last message repeated 4 times
[Parsed_fps_0 @ 0x7fb3e0001980] Read frame with in pts 7200, out pts 288
[Parsed_fps_0 @ 0x7fb3e0001980] Writing frame with pts 287 to pts 287
bench:        1 user        0 sys        1 real decode_video 0:1 
    Last message repeated 1 times
[h264 @ 0x5569477d9300] nal_unit_type: 6(SEI), nal_ref_idc: 0
[h264 @ 0x5569477d9300] nal_unit_type: 1(Coded slice of a non-IDR picture), nal_ref_idc: 1
    Last message repeated 4 times
[Parsed_fps_0 @ 0x7fb3e0001980] Read frame with in pts 7225, out pts 289
[Parsed_fps_0 @ 0x7fb3e0001980] Writing frame with pts 288 to pts 288
bench:        1 user        0 sys        1 real decode_video 0:1 
bench:        1 user        0 sys        0 real decode_video 0:1 
[h264 @ 0x5569477d9300] nal_unit_type: 6(SEI), nal_ref_idc: 0
[h264 @ 0x5569477d9300] nal_unit_type: 1(Coded slice of a non-IDR picture), nal_ref_idc: 1
    Last message repeated 4 times
[Parsed_fps_0 @ 0x7fb3e0001980] Read frame with in pts 7250, out pts 290
[Parsed_fps_0 @ 0x7fb3e0001980] Writing frame with pts 289 to pts 289
bench:        2 user        0 sys        5 real decode_video 0:1 
bench:        1 user        0 sys        1 real decode_video 0:1 
[h264 @ 0x5569477d9300] nal_unit_type: 6(SEI), nal_ref_idc: 0
[h264 @ 0x5569477d9300] nal_unit_type: 1(Coded slice of a non-IDR picture), nal_ref_idc: 1
    Last message repeated 4 times
[Parsed_fps_0 @ 0x7fb3e0001980] Read frame with in pts 7275, out pts 291
[Parsed_fps_0 @ 0x7fb3e0001980] Writing frame with pts 290 to pts 290
bench:        1 user        0 sys        1 real decode_video 0:1 
bench:        0 user        0 sys        0 real decode_video 0:1 
[h264 @ 0x5569477d9300] nal_unit_type: 6(SEI), nal_ref_idc: 0
[h264 @ 0x5569477d9300] nal_unit_type: 1(Coded slice of a non-IDR picture), nal_ref_idc: 1
    Last message repeated 4 times
[Parsed_fps_0 @ 0x7fb3e0001980] Read frame with in pts 7300, out pts 292
[Parsed_fps_0 @ 0x7fb3e0001980] Writing frame with pts 291 to pts 291
bench:        2 user        0 sys        2 real decode_video 0:1 
bench:        0 user        0 sys        0 real decode_video 0:1 
[h264 @ 0x5569477d9300] nal_unit_type: 6(SEI), nal_ref_idc: 0
[h264 @ 0x5569477d9300] nal_unit_type: 1(Coded slice of a non-IDR picture), nal_ref_idc: 1
    Last message repeated 4 times
[Parsed_fps_0 @ 0x7fb3e0001980] Read frame with in pts 7325, out pts 293
[Parsed_fps_0 @ 0x7fb3e0001980] Writing frame with pts 292 to pts 292
bench:        1 user        0 sys        1 real decode_video 0:1 
bench:        1 user        0 sys        0 real decode_video 0:1 
[h264 @ 0x5569477d9300] nal_unit_type: 6(SEI), nal_ref_idc: 0
[h264 @ 0x5569477d9300] nal_unit_type: 1(Coded slice of a non-IDR picture), nal_ref_idc: 1
    Last message repeated 4 times
[Parsed_fps_0 @ 0x7fb3e0001980] Read frame with in pts 7350, out pts 294
[Parsed_fps_0 @ 0x7fb3e0001980] Writing frame with pts 293 to pts 293
bench:        1 user        0 sys        1 real decode_video 0:1 
bench:        0 user        0 sys        1 real decode_video 0:1 
[h264 @ 0x5569477d9300] nal_unit_type: 6(SEI), nal_ref_idc: 0
[h264 @ 0x5569477d9300] nal_unit_type: 1(Coded slice of a non-IDR picture), nal_ref_idc: 1
    Last message repeated 4 times
[Parsed_fps_0 @ 0x7fb3e0001980] Read frame with in pts 7375, out pts 295
[Parsed_fps_0 @ 0x7fb3e0001980] Writing frame with pts 294 to pts 294
bench:        2 user        0 sys        3 real decode_video 0:1 
bench:        1 user        0 sys        0 real decode_video 0:1 
[h264 @ 0x5569477d9300] nal_unit_type: 6(SEI), nal_ref_idc: 0
[h264 @ 0x5569477d9300] nal_unit_type: 1(Coded slice of a non-IDR picture), nal_ref_idc: 1
    Last message repeated 4 times
[Parsed_fps_0 @ 0x7fb3e0001980] Read frame with in pts 7400, out pts 296
[Parsed_fps_0 @ 0x7fb3e0001980] Writing frame with pts 295 to pts 295
bench:        1 user        0 sys        1 real decode_video 0:1 
bench:        0 user        0 sys        0 real decode_video 0:1 
[h264 @ 0x5569477d9300] nal_unit_type: 6(SEI), nal_ref_idc: 0
[h264 @ 0x5569477d9300] nal_unit_type: 1(Coded slice of a non-IDR picture), nal_ref_idc: 1
    Last message repeated 4 times
[Parsed_fps_0 @ 0x7fb3e0001980] Read frame with in pts 7425, out pts 297
[Parsed_fps_0 @ 0x7fb3e0001980] Writing frame with pts 296 to pts 296
bench:        2 user        0 sys        4 real decode_video 0:1 
bench:        1 user        0 sys        1 real decode_video 0:1 
[h264 @ 0x5569477d9300] nal_unit_type: 6(SEI), nal_ref_idc: 0
[h264 @ 0x5569477d9300] nal_unit_type: 1(Coded slice of a non-IDR picture), nal_ref_idc: 1
    Last message repeated 4 times
[Parsed_fps_0 @ 0x7fb3e0001980] Read frame with in pts 7450, out pts 298
[Parsed_fps_0 @ 0x7fb3e0001980] Writing frame with pts 297 to pts 297
bench:        2 user        0 sys        4 real decode_video 0:1 
bench:        1 user        0 sys        0 real decode_video 0:1 
[h264 @ 0x5569477d9300] nal_unit_type: 6(SEI), nal_ref_idc: 0
[h264 @ 0x5569477d9300] nal_unit_type: 1(Coded slice of a non-IDR picture), nal_ref_idc: 1
    Last message repeated 4 times
[Parsed_fps_0 @ 0x7fb3e0001980] Read frame with in pts 7475, out pts 299
[Parsed_fps_0 @ 0x7fb3e0001980] Writing frame with pts 298 to pts 298
bench:        2 user        0 sys        3 real decode_video 0:1 
bench:        1 user        0 sys        1 real decode_video 0:1 
[h264 @ 0x5569477d9300] nal_unit_type: 6(SEI), nal_ref_idc: 0
[h264 @ 0x5569477d9300] nal_unit_type: 1(Coded slice of a non-IDR picture), nal_ref_idc: 1
    Last message repeated 4 times
[Parsed_fps_0 @ 0x7fb3e0001980] Read frame with in pts 7500, out pts 300
[Parsed_fps_0 @ 0x7fb3e0001980] Writing frame with pts 299 to pts 299
bench:        0 user        0 sys        1 real decode_video 0:1 
bench:        1 user        0 sys        0 real decode_video 0:1 
[h264 @ 0x5569477d9300] nal_unit_type: 6(SEI), nal_ref_idc: 0
[Parsed_fps_0 @ 0x7fb3e0001980] Read frame with in pts 7525, out pts 301
[Parsed_fps_0 @ 0x7fb3e0001980] Writing frame with pts 300 to pts 300
[h264 @ 0x5569477d9300] nal_unit_type: 1(Coded slice of a non-IDR picture), nal_ref_idc: 1
    Last message repeated 4 times
bench:        1 user        0 sys        1 real decode_video 0:1 
    Last message repeated 1 times
[h264 @ 0x5569477d9300] nal_unit_type: 6(SEI), nal_ref_idc: 0
[h264 @ 0x5569477d9300] nal_unit_type: 1(Coded slice of a non-IDR picture), nal_ref_idc: 1
    Last message repeated 2 times
[Parsed_fps_0 @ 0x7fb3e0001980] Read frame with in pts 7550, out pts 302
[Parsed_fps_0 @ 0x7fb3e0001980] Writing frame with pts 301 to pts 301
[h264 @ 0x5569477d9300] nal_unit_type: 1(Coded slice of a non-IDR picture), nal_ref_idc: 1
    Last message repeated 1 times
bench:        1 user        0 sys        1 real decode_video 0:1 
bench:        0 user        0 sys        1 real decode_video 0:1 
[h264 @ 0x5569477d9300] nal_unit_type: 6(SEI), nal_ref_idc: 0
[h264 @ 0x5569477d9300] nal_unit_type: 1(Coded slice of a non-IDR picture), nal_ref_idc: 1
    Last message repeated 4 times
[Parsed_fps_0 @ 0x7fb3e0001980] Read frame with in pts 7575, out pts 303
[Parsed_fps_0 @ 0x7fb3e0001980] Writing frame with pts 302 to pts 302
bench:        1 user        0 sys        1 real decode_video 0:1 
bench:        1 user        0 sys        0 real decode_video 0:1 
[h264 @ 0x5569477d9300] nal_unit_type: 6(SEI), nal_ref_idc: 0
[h264 @ 0x5569477d9300] nal_unit_type: 1(Coded slice of a non-IDR picture), nal_ref_idc: 1
    Last message repeated 4 times
[Parsed_fps_0 @ 0x7fb3e0001980] Read frame with in pts 7600, out pts 304
[Parsed_fps_0 @ 0x7fb3e0001980] Writing frame with pts 303 to pts 303
bench:        1 user        0 sys        0 real decode_video 0:1 
    Last message repeated 1 times
[h264 @ 0x5569477d9300] nal_unit_type: 6(SEI), nal_ref_idc: 0
[h264 @ 0x5569477d9300] nal_unit_type: 1(Coded slice of a non-IDR picture), nal_ref_idc: 1
    Last message repeated 4 times
[Parsed_fps_0 @ 0x7fb3e0001980] Read frame with in pts 7625, out pts 305
[Parsed_fps_0 @ 0x7fb3e0001980] Writing frame with pts 304 to pts 304
bench:        1 user        0 sys        2 real decode_video 0:1 
bench:        1 user        0 sys        1 real decode_video 0:1 
[h264 @ 0x5569477d9300] nal_unit_type: 6(SEI), nal_ref_idc: 0
[h264 @ 0x5569477d9300] nal_unit_type: 1(Coded slice of a non-IDR picture), nal_ref_idc: 1
    Last message repeated 4 times
[Parsed_fps_0 @ 0x7fb3e0001980] Read frame with in pts 7650, out pts 306
[Parsed_fps_0 @ 0x7fb3e0001980] Writing frame with pts 305 to pts 305
bench:        1 user        0 sys        1 real decode_video 0:1 
    Last message repeated 1 times
[h264 @ 0x5569477d9300] nal_unit_type: 6(SEI), nal_ref_idc: 0
[h264 @ 0x5569477d9300] nal_unit_type: 1(Coded slice of a non-IDR picture), nal_ref_idc: 1
    Last message repeated 4 times
[Parsed_fps_0 @ 0x7fb3e0001980] Read frame with in pts 7675, out pts 307
[Parsed_fps_0 @ 0x7fb3e0001980] Writing frame with pts 306 to pts 306
bench:        1 user        0 sys        2 real decode_video 0:1 
bench:        1 user        0 sys        1 real decode_video 0:1 
[h264 @ 0x5569477d9300] nal_unit_type: 6(SEI), nal_ref_idc: 0
[h264 @ 0x5569477d9300] nal_unit_type: 1(Coded slice of a non-IDR picture), nal_ref_idc: 1
    Last message repeated 4 times
[Parsed_fps_0 @ 0x7fb3e0001980] Read frame with in pts 7700, out pts 308
[Parsed_fps_0 @ 0x7fb3e0001980] Writing frame with pts 307 to pts 307
bench:        2 user        0 sys        4 real decode_video 0:1 
bench:        0 user        0 sys        1 real decode_video 0:1 
[h264 @ 0x5569477d9300] nal_unit_type: 6(SEI), nal_ref_idc: 0
[h264 @ 0x5569477d9300] nal_unit_type: 1(Coded slice of a non-IDR picture), nal_ref_idc: 1
    Last message repeated 4 times
[Parsed_fps_0 @ 0x7fb3e0001980] Read frame with in pts 7725, out pts 309
[Parsed_fps_0 @ 0x7fb3e0001980] Writing frame with pts 308 to pts 308
bench:        0 user        0 sys        1 real decode_video 0:1 
    Last message repeated 1 times
[h264 @ 0x5569477d9300] nal_unit_type: 6(SEI), nal_ref_idc: 0
[h264 @ 0x5569477d9300] nal_unit_type: 1(Coded slice of a non-IDR picture), nal_ref_idc: 1
    Last message repeated 4 times
[Parsed_fps_0 @ 0x7fb3e0001980] Read frame with in pts 7750, out pts 310
[Parsed_fps_0 @ 0x7fb3e0001980] Writing frame with pts 309 to pts 309
bench:        1 user        0 sys        1 real decode_video 0:1 
bench:        0 user        0 sys        0 real decode_video 0:1 
[h264 @ 0x5569477d9300] nal_unit_type: 6(SEI), nal_ref_idc: 0
[h264 @ 0x5569477d9300] nal_unit_type: 1(Coded slice of a non-IDR picture), nal_ref_idc: 1
    Last message repeated 4 times
[Parsed_fps_0 @ 0x7fb3e0001980] Read frame with in pts 7775, out pts 311
[Parsed_fps_0 @ 0x7fb3e0001980] Writing frame with pts 310 to pts 310
bench:        0 user        1 sys        1 real decode_video 0:1 
    Last message repeated 1 times
[h264 @ 0x5569477d9300] nal_unit_type: 6(SEI), nal_ref_idc: 0
[h264 @ 0x5569477d9300] nal_unit_type: 1(Coded slice of a non-IDR picture), nal_ref_idc: 1
    Last message repeated 4 times
[Parsed_fps_0 @ 0x7fb3e0001980] Read frame with in pts 7800, out pts 312
[Parsed_fps_0 @ 0x7fb3e0001980] Writing frame with pts 311 to pts 311
bench:        1 user        0 sys        1 real decode_video 0:1 
    Last message repeated 1 times
[h264 @ 0x5569477d9300] nal_unit_type: 6(SEI), nal_ref_idc: 0
[h264 @ 0x5569477d9300] nal_unit_type: 1(Coded slice of a non-IDR picture), nal_ref_idc: 1
    Last message repeated 4 times
[Parsed_fps_0 @ 0x7fb3e0001980] Read frame with in pts 7825, out pts 313
[Parsed_fps_0 @ 0x7fb3e0001980] Writing frame with pts 312 to pts 312
bench:        1 user        0 sys        1 real decode_video 0:1 
    Last message repeated 1 times
[h264 @ 0x5569477d9300] nal_unit_type: 6(SEI), nal_ref_idc: 0
[h264 @ 0x5569477d9300] nal_unit_type: 1(Coded slice of a non-IDR picture), nal_ref_idc: 1
    Last message repeated 1 times
[Parsed_fps_0 @ 0x7fb3e0001980] Read frame with in pts 7850, out pts 314
[Parsed_fps_0 @ 0x7fb3e0001980] Writing frame with pts 313 to pts 313
[h264 @ 0x5569477d9300] nal_unit_type: 1(Coded slice of a non-IDR picture), nal_ref_idc: 1
    Last message repeated 2 times
bench:        0 user        0 sys        1 real decode_video 0:1 
bench:        0 user        0 sys        0 real decode_video 0:1 
[h264 @ 0x5569477d9300] nal_unit_type: 6(SEI), nal_ref_idc: 0
[h264 @ 0x5569477d9300] nal_unit_type: 1(Coded slice of a non-IDR picture), nal_ref_idc: 1
    Last message repeated 4 times
[Parsed_fps_0 @ 0x7fb3e0001980] Read frame with in pts 7875, out pts 315
[Parsed_fps_0 @ 0x7fb3e0001980] Writing frame with pts 314 to pts 314
bench:        1 user        0 sys        2 real decode_video 0:1 
bench:        1 user        0 sys        0 real decode_video 0:1 
[h264 @ 0x5569477d9300] nal_unit_type: 6(SEI), nal_ref_idc: 0
[h264 @ 0x5569477d9300] nal_unit_type: 1(Coded slice of a non-IDR picture), nal_ref_idc: 1
    Last message repeated 4 times
[Parsed_fps_0 @ 0x7fb3e0001980] Read frame with in pts 7900, out pts 316
[Parsed_fps_0 @ 0x7fb3e0001980] Writing frame with pts 315 to pts 315
bench:        2 user        0 sys        5 real decode_video 0:1 
bench:        1 user        0 sys        1 real decode_video 0:1 
[Parsed_fps_0 @ 0x7fb3e0001980] Read frame with in pts 7925, out pts 317
[Parsed_fps_0 @ 0x7fb3e0001980] Writing frame with pts 316 to pts 316
[h264 @ 0x5569477d9300] nal_unit_type: 6(SEI), nal_ref_idc: 0
[h264 @ 0x5569477d9300] nal_unit_type: 1(Coded slice of a non-IDR picture), nal_ref_idc: 1
    Last message repeated 4 times
bench:        2 user        0 sys        4 real decode_video 0:1 
bench:        1 user        0 sys        1 real decode_video 0:1 
[h264 @ 0x5569477d9300] nal_unit_type: 6(SEI), nal_ref_idc: 0
[h264 @ 0x5569477d9300] nal_unit_type: 1(Coded slice of a non-IDR picture), nal_ref_idc: 1
    Last message repeated 4 times
[Parsed_fps_0 @ 0x7fb3e0001980] Read frame with in pts 7950, out pts 318
[Parsed_fps_0 @ 0x7fb3e0001980] Writing frame with pts 317 to pts 317
bench:        2 user        0 sys        3 real decode_video 0:1 
bench:        0 user        0 sys        1 real decode_video 0:1 
[h264 @ 0x5569477d9300] nal_unit_type: 6(SEI), nal_ref_idc: 0
[h264 @ 0x5569477d9300] nal_unit_type: 5(IDR), nal_ref_idc: 1
    Last message repeated 4 times
[Parsed_fps_0 @ 0x7fb3e0001980] Read frame with in pts 7975, out pts 319
[Parsed_fps_0 @ 0x7fb3e0001980] Writing frame with pts 318 to pts 318
bench:        2 user        0 sys        4 real decode_video 0:1 
bench:        1 user        0 sys        1 real decode_video 0:1 
[h264 @ 0x5569477d9300] nal_unit_type: 6(SEI), nal_ref_idc: 0
[h264 @ 0x5569477d9300] nal_unit_type: 1(Coded slice of a non-IDR picture), nal_ref_idc: 1
    Last message repeated 4 times
[Parsed_fps_0 @ 0x7fb3e0001980] Read frame with in pts 8000, out pts 320
[Parsed_fps_0 @ 0x7fb3e0001980] Writing frame with pts 319 to pts 319
bench:        0 user        0 sys        2 real decode_video 0:1 
bench:        1 user        0 sys        1 real decode_video 0:1 
[h264 @ 0x5569477d9300] nal_unit_type: 6(SEI), nal_ref_idc: 0
[h264 @ 0x5569477d9300] nal_unit_type: 1(Coded slice of a non-IDR picture), nal_ref_idc: 1
    Last message repeated 4 times
[Parsed_fps_0 @ 0x7fb3e0001980] Read frame with in pts 8025, out pts 321
[Parsed_fps_0 @ 0x7fb3e0001980] Writing frame with pts 320 to pts 320
bench:        0 user        0 sys        1 real decode_video 0:1 
bench:        1 user        0 sys        1 real decode_video 0:1 
[h264 @ 0x5569477d9300] nal_unit_type: 6(SEI), nal_ref_idc: 0
[h264 @ 0x5569477d9300] nal_unit_type: 1(Coded slice of a non-IDR picture), nal_ref_idc: 1
    Last message repeated 4 times
[Parsed_fps_0 @ 0x7fb3e0001980] Read frame with in pts 8050, out pts 322
[Parsed_fps_0 @ 0x7fb3e0001980] Writing frame with pts 321 to pts 321
bench:        2 user        0 sys        4 real decode_video 0:1 
bench:        1 user        0 sys        1 real decode_video 0:1 
[h264 @ 0x5569477d9300] nal_unit_type: 6(SEI), nal_ref_idc: 0
[Parsed_fps_0 @ 0x7fb3e0001980] Read frame with in pts 8075, out pts 323
[Parsed_fps_0 @ 0x7fb3e0001980] Writing frame with pts 322 to pts 322
[h264 @ 0x5569477d9300] nal_unit_type: 1(Coded slice of a non-IDR picture), nal_ref_idc: 1
    Last message repeated 4 times
bench:        1 user        0 sys        1 real decode_video 0:1 
bench:        0 user        0 sys        1 real decode_video 0:1 
[h264 @ 0x5569477d9300] nal_unit_type: 6(SEI), nal_ref_idc: 0
[h264 @ 0x5569477d9300] nal_unit_type: 1(Coded slice of a non-IDR picture), nal_ref_idc: 1
    Last message repeated 4 times
[Parsed_fps_0 @ 0x7fb3e0001980] Read frame with in pts 8100, out pts 324
[Parsed_fps_0 @ 0x7fb3e0001980] Writing frame with pts 323 to pts 323
bench:        1 user        1 sys        1 real decode_video 0:1 
bench:        1 user        0 sys        1 real decode_video 0:1 
[h264 @ 0x5569477d9300] nal_unit_type: 6(SEI), nal_ref_idc: 0
[h264 @ 0x5569477d9300] nal_unit_type: 1(Coded slice of a non-IDR picture), nal_ref_idc: 1
    Last message repeated 4 times
[Parsed_fps_0 @ 0x7fb3e0001980] Read frame with in pts 8125, out pts 325
[Parsed_fps_0 @ 0x7fb3e0001980] Writing frame with pts 324 to pts 324
bench:        1 user        0 sys        1 real decode_video 0:1 
bench:        0 user        0 sys        1 real decode_video 0:1 
[h264 @ 0x5569477d9300] nal_unit_type: 6(SEI), nal_ref_idc: 0
[h264 @ 0x5569477d9300] nal_unit_type: 1(Coded slice of a non-IDR picture), nal_ref_idc: 1
    Last message repeated 4 times
[Parsed_fps_0 @ 0x7fb3e0001980] Read frame with in pts 8150, out pts 326
[Parsed_fps_0 @ 0x7fb3e0001980] Writing frame with pts 325 to pts 325
bench:        1 user        0 sys        1 real decode_video 0:1 
bench:        0 user        0 sys        0 real decode_video 0:1 
[h264 @ 0x5569477d9300] nal_unit_type: 6(SEI), nal_ref_idc: 0
[h264 @ 0x5569477d9300] nal_unit_type: 1(Coded slice of a non-IDR picture), nal_ref_idc: 1
    Last message repeated 4 times
[Parsed_fps_0 @ 0x7fb3e0001980] Read frame with in pts 8175, out pts 327
[Parsed_fps_0 @ 0x7fb3e0001980] Writing frame with pts 326 to pts 326
bench:        1 user        0 sys        2 real decode_video 0:1 
bench:        1 user        0 sys        1 real decode_video 0:1 
[h264 @ 0x5569477d9300] nal_unit_type: 6(SEI), nal_ref_idc: 0
[h264 @ 0x5569477d9300] nal_unit_type: 1(Coded slice of a non-IDR picture), nal_ref_idc: 1
    Last message repeated 4 times
[Parsed_fps_0 @ 0x7fb3e0001980] Read frame with in pts 8200, out pts 328
[Parsed_fps_0 @ 0x7fb3e0001980] Writing frame with pts 327 to pts 327
bench:        0 user        0 sys        1 real decode_video 0:1 
bench:        1 user        0 sys        1 real decode_video 0:1 
[h264 @ 0x5569477d9300] nal_unit_type: 6(SEI), nal_ref_idc: 0
[h264 @ 0x5569477d9300] nal_unit_type: 1(Coded slice of a non-IDR picture), nal_ref_idc: 1
    Last message repeated 4 times
[Parsed_fps_0 @ 0x7fb3e0001980] Read frame with in pts 8225, out pts 329
[Parsed_fps_0 @ 0x7fb3e0001980] Writing frame with pts 328 to pts 328
bench:        0 user        0 sys        1 real decode_video 0:1 
bench:        1 user        0 sys        0 real decode_video 0:1 
[h264 @ 0x5569477d9300] nal_unit_type: 6(SEI), nal_ref_idc: 0
[h264 @ 0x5569477d9300] nal_unit_type: 1(Coded slice of a non-IDR picture), nal_ref_idc: 1
    Last message repeated 4 times
[Parsed_fps_0 @ 0x7fb3e0001980] Read frame with in pts 8250, out pts 330
[Parsed_fps_0 @ 0x7fb3e0001980] Writing frame with pts 329 to pts 329
bench:        1 user        0 sys        2 real decode_video 0:1 
bench:        0 user        0 sys        0 real decode_video 0:1 
[h264 @ 0x5569477d9300] nal_unit_type: 6(SEI), nal_ref_idc: 0
[h264 @ 0x5569477d9300] nal_unit_type: 1(Coded slice of a non-IDR picture), nal_ref_idc: 1
    Last message repeated 4 times
[Parsed_fps_0 @ 0x7fb3e0001980] Read frame with in pts 8275, out pts 331
[Parsed_fps_0 @ 0x7fb3e0001980] Writing frame with pts 330 to pts 330
bench:        1 user        0 sys        1 real decode_video 0:1 
bench:        0 user        0 sys        0 real decode_video 0:1 
[h264 @ 0x5569477d9300] nal_unit_type: 6(SEI), nal_ref_idc: 0
[h264 @ 0x5569477d9300] nal_unit_type: 1(Coded slice of a non-IDR picture), nal_ref_idc: 1
    Last message repeated 4 times
[Parsed_fps_0 @ 0x7fb3e0001980] Read frame with in pts 8300, out pts 332
[Parsed_fps_0 @ 0x7fb3e0001980] Writing frame with pts 331 to pts 331
bench:        1 user        0 sys        1 real decode_video 0:1 
bench:        0 user        0 sys        0 real decode_video 0:1 
[h264 @ 0x5569477d9300] nal_unit_type: 6(SEI), nal_ref_idc: 0
[h264 @ 0x5569477d9300] nal_unit_type: 1(Coded slice of a non-IDR picture), nal_ref_idc: 1
    Last message repeated 4 times
[Parsed_fps_0 @ 0x7fb3e0001980] Read frame with in pts 8325, out pts 333
[Parsed_fps_0 @ 0x7fb3e0001980] Writing frame with pts 332 to pts 332
bench:        1 user        0 sys        1 real decode_video 0:1 
bench:        0 user        0 sys        0 real decode_video 0:1 
[h264 @ 0x5569477d9300] nal_unit_type: 6(SEI), nal_ref_idc: 0
[h264 @ 0x5569477d9300] nal_unit_type: 1(Coded slice of a non-IDR picture), nal_ref_idc: 1
    Last message repeated 4 times
[Parsed_fps_0 @ 0x7fb3e0001980] Read frame with in pts 8350, out pts 334
[Parsed_fps_0 @ 0x7fb3e0001980] Writing frame with pts 333 to pts 333
bench:        1 user        0 sys        1 real decode_video 0:1 
bench:        0 user        0 sys        1 real decode_video 0:1 
[h264 @ 0x5569477d9300] nal_unit_type: 6(SEI), nal_ref_idc: 0
[h264 @ 0x5569477d9300] nal_unit_type: 1(Coded slice of a non-IDR picture), nal_ref_idc: 1
    Last message repeated 4 times
[Parsed_fps_0 @ 0x7fb3e0001980] Read frame with in pts 8375, out pts 335
[Parsed_fps_0 @ 0x7fb3e0001980] Writing frame with pts 334 to pts 334
bench:        0 user        0 sys        1 real decode_video 0:1 
bench:        1 user        0 sys        1 real decode_video 0:1 
[h264 @ 0x5569477d9300] nal_unit_type: 6(SEI), nal_ref_idc: 0
[h264 @ 0x5569477d9300] nal_unit_type: 1(Coded slice of a non-IDR picture), nal_ref_idc: 1
    Last message repeated 4 times
[Parsed_fps_0 @ 0x7fb3e0001980] Read frame with in pts 8400, out pts 336
[Parsed_fps_0 @ 0x7fb3e0001980] Writing frame with pts 335 to pts 335
bench:        1 user        0 sys        1 real decode_video 0:1 
bench:        0 user        0 sys        0 real decode_video 0:1 
[h264 @ 0x5569477d9300] nal_unit_type: 6(SEI), nal_ref_idc: 0
[h264 @ 0x5569477d9300] nal_unit_type: 1(Coded slice of a non-IDR picture), nal_ref_idc: 1
    Last message repeated 4 times
[Parsed_fps_0 @ 0x7fb3e0001980] Read frame with in pts 8425, out pts 337
[Parsed_fps_0 @ 0x7fb3e0001980] Writing frame with pts 336 to pts 336
bench:        1 user        1 sys        1 real decode_video 0:1 
bench:        0 user        0 sys        0 real decode_video 0:1 
[h264 @ 0x5569477d9300] nal_unit_type: 6(SEI), nal_ref_idc: 0
[Parsed_fps_0 @ 0x7fb3e0001980] Read frame with in pts 8450, out pts 338
[Parsed_fps_0 @ 0x7fb3e0001980] Writing frame with pts 337 to pts 337
[h264 @ 0x5569477d9300] nal_unit_type: 1(Coded slice of a non-IDR picture), nal_ref_idc: 1
    Last message repeated 4 times
bench:        0 user        1 sys        2 real decode_video 0:1 
bench:        0 user        0 sys        1 real decode_video 0:1 
[h264 @ 0x5569477d9300] nal_unit_type: 6(SEI), nal_ref_idc: 0
[h264 @ 0x5569477d9300] nal_unit_type: 1(Coded slice of a non-IDR picture), nal_ref_idc: 1
    Last message repeated 4 times
[Parsed_fps_0 @ 0x7fb3e0001980] Read frame with in pts 8475, out pts 339
[Parsed_fps_0 @ 0x7fb3e0001980] Writing frame with pts 338 to pts 338
bench:        0 user        0 sys        1 real decode_video 0:1 
[Parsed_fps_0 @ 0x7fb3e0001980] Read frame with in pts 8500, out pts 340
[Parsed_fps_0 @ 0x7fb3e0001980] Writing frame with pts 339 to pts 339
bench:        0 user       73 sys       61 real decode_video 0:1 
[h264 @ 0x5569477d9300] nal_unit_type: 6(SEI), nal_ref_idc: 0
[h264 @ 0x5569477d9300] nal_unit_type: 1(Coded slice of a non-IDR picture), nal_ref_idc: 1
    Last message repeated 4 times
bench:        0 user        1 sys        1 real decode_video 0:1 
    Last message repeated 1 times
[h264 @ 0x5569477d9300] nal_unit_type: 6(SEI), nal_ref_idc: 0
[h264 @ 0x5569477d9300] nal_unit_type: 1(Coded slice of a non-IDR picture), nal_ref_idc: 1
    Last message repeated 4 times
[Parsed_fps_0 @ 0x7fb3e0001980] Read frame with in pts 8525, out pts 341
[Parsed_fps_0 @ 0x7fb3e0001980] Writing frame with pts 340 to pts 340
bench:        0 user        2 sys        4 real decode_video 0:1 
bench:        0 user        1 sys        1 real decode_video 0:1 
[h264 @ 0x5569477d9300] nal_unit_type: 6(SEI), nal_ref_idc: 0
[h264 @ 0x5569477d9300] nal_unit_type: 1(Coded slice of a non-IDR picture), nal_ref_idc: 1
    Last message repeated 4 times
[Parsed_fps_0 @ 0x7fb3e0001980] Read frame with in pts 8550, out pts 342
[Parsed_fps_0 @ 0x7fb3e0001980] Writing frame with pts 341 to pts 341
bench:        0 user        1 sys        1 real decode_video 0:1 
bench:        0 user        1 sys        0 real decode_video 0:1 
[h264 @ 0x5569477d9300] nal_unit_type: 6(SEI), nal_ref_idc: 0
[h264 @ 0x5569477d9300] nal_unit_type: 1(Coded slice of a non-IDR picture), nal_ref_idc: 1
[Parsed_fps_0 @ 0x7fb3e0001980] Read frame with in pts 8575, out pts 343
[Parsed_fps_0 @ 0x7fb3e0001980] Writing frame with pts 342 to pts 342
[h264 @ 0x5569477d9300] nal_unit_type: 1(Coded slice of a non-IDR picture), nal_ref_idc: 1
    Last message repeated 3 times
bench:        0 user        2 sys        2 real decode_video 0:1 
bench:        0 user        2 sys        3 real decode_video 0:1 
[Parsed_fps_0 @ 0x7fb3e0001980] Read frame with in pts 8600, out pts 344
[Parsed_fps_0 @ 0x7fb3e0001980] Writing frame with pts 343 to pts 343
[h264 @ 0x5569477d9300] nal_unit_type: 6(SEI), nal_ref_idc: 0
[h264 @ 0x5569477d9300] nal_unit_type: 1(Coded slice of a non-IDR picture), nal_ref_idc: 1
    Last message repeated 4 times
bench:        0 user        0 sys        1 real decode_video 0:1 
bench:        0 user        1 sys        1 real decode_video 0:1 
[h264 @ 0x5569477d9300] nal_unit_type: 6(SEI), nal_ref_idc: 0
[h264 @ 0x5569477d9300] nal_unit_type: 1(Coded slice of a non-IDR picture), nal_ref_idc: 1
    Last message repeated 4 times
[Parsed_fps_0 @ 0x7fb3e0001980] Read frame with in pts 8625, out pts 345
[Parsed_fps_0 @ 0x7fb3e0001980] Writing frame with pts 344 to pts 344
bench:        0 user        2 sys        3 real decode_video 0:1 
bench:        0 user        1 sys        1 real decode_video 0:1 
[h264 @ 0x5569477d9300] nal_unit_type: 6(SEI), nal_ref_idc: 0
[h264 @ 0x5569477d9300] nal_unit_type: 1(Coded slice of a non-IDR picture), nal_ref_idc: 1
    Last message repeated 4 times
[Parsed_fps_0 @ 0x7fb3e0001980] Read frame with in pts 8650, out pts 346
[Parsed_fps_0 @ 0x7fb3e0001980] Writing frame with pts 345 to pts 345
bench:        2 user        0 sys        2 real decode_video 0:1 
bench:        0 user        0 sys        1 real decode_video 0:1 
[h264 @ 0x5569477d9300] nal_unit_type: 6(SEI), nal_ref_idc: 0
[h264 @ 0x5569477d9300] nal_unit_type: 1(Coded slice of a non-IDR picture), nal_ref_idc: 1
    Last message repeated 4 times
[Parsed_fps_0 @ 0x7fb3e0001980] Read frame with in pts 8675, out pts 347
[Parsed_fps_0 @ 0x7fb3e0001980] Writing frame with pts 346 to pts 346
bench:        1 user        0 sys        1 real decode_video 0:1 
    Last message repeated 1 times
[h264 @ 0x5569477d9300] nal_unit_type: 6(SEI), nal_ref_idc: 0
[h264 @ 0x5569477d9300] nal_unit_type: 1(Coded slice of a non-IDR picture), nal_ref_idc: 1
    Last message repeated 4 times
[Parsed_fps_0 @ 0x7fb3e0001980] Read frame with in pts 8700, out pts 348
[Parsed_fps_0 @ 0x7fb3e0001980] Writing frame with pts 347 to pts 347
bench:        1 user        0 sys        1 real decode_video 0:1 
bench:        0 user        0 sys        0 real decode_video 0:1 
[h264 @ 0x5569477d9300] nal_unit_type: 6(SEI), nal_ref_idc: 0
[h264 @ 0x5569477d9300] nal_unit_type: 1(Coded slice of a non-IDR picture), nal_ref_idc: 1
    Last message repeated 4 times
[Parsed_fps_0 @ 0x7fb3e0001980] Read frame with in pts 8725, out pts 349
[Parsed_fps_0 @ 0x7fb3e0001980] Writing frame with pts 348 to pts 348
bench:        1 user        0 sys        1 real decode_video 0:1 
bench:        1 user        0 sys        0 real decode_video 0:1 
[h264 @ 0x5569477d9300] nal_unit_type: 6(SEI), nal_ref_idc: 0
[h264 @ 0x5569477d9300] nal_unit_type: 1(Coded slice of a non-IDR picture), nal_ref_idc: 1
    Last message repeated 4 times
[Parsed_fps_0 @ 0x7fb3e0001980] Read frame with in pts 8750, out pts 350
[Parsed_fps_0 @ 0x7fb3e0001980] Writing frame with pts 349 to pts 349
bench:        1 user        0 sys        2 real decode_video 0:1 
bench:        1 user        0 sys        1 real decode_video 0:1 
[h264 @ 0x5569477d9300] nal_unit_type: 6(SEI), nal_ref_idc: 0
[h264 @ 0x5569477d9300] nal_unit_type: 1(Coded slice of a non-IDR picture), nal_ref_idc: 1
    Last message repeated 4 times
[Parsed_fps_0 @ 0x7fb3e0001980] Read frame with in pts 8775, out pts 351
[Parsed_fps_0 @ 0x7fb3e0001980] Writing frame with pts 350 to pts 350
bench:        1 user        0 sys        1 real decode_video 0:1 
    Last message repeated 1 times
[h264 @ 0x5569477d9300] nal_unit_type: 6(SEI), nal_ref_idc: 0
[h264 @ 0x5569477d9300] nal_unit_type: 1(Coded slice of a non-IDR picture), nal_ref_idc: 1
    Last message repeated 4 times
[Parsed_fps_0 @ 0x7fb3e0001980] Read frame with in pts 8800, out pts 352
[Parsed_fps_0 @ 0x7fb3e0001980] Writing frame with pts 351 to pts 351
bench:        1 user        1 sys        4 real decode_video 0:1 
bench:        0 user        1 sys        1 real decode_video 0:1 
[h264 @ 0x5569477d9300] nal_unit_type: 6(SEI), nal_ref_idc: 0
[h264 @ 0x5569477d9300] nal_unit_type: 1(Coded slice of a non-IDR picture), nal_ref_idc: 1
    Last message repeated 4 times
[Parsed_fps_0 @ 0x7fb3e0001980] Read frame with in pts 8825, out pts 353
[Parsed_fps_0 @ 0x7fb3e0001980] Writing frame with pts 352 to pts 352
bench:        0 user        0 sys        1 real decode_video 0:1 
bench:        0 user        0 sys        0 real decode_video 0:1 
[h264 @ 0x5569477d9300] nal_unit_type: 6(SEI), nal_ref_idc: 0
[h264 @ 0x5569477d9300] nal_unit_type: 1(Coded slice of a non-IDR picture), nal_ref_idc: 1
    Last message repeated 4 times
[Parsed_fps_0 @ 0x7fb3e0001980] Read frame with in pts 8850, out pts 354
[Parsed_fps_0 @ 0x7fb3e0001980] Writing frame with pts 353 to pts 353
bench:        1 user        0 sys        1 real decode_video 0:1 
bench:        0 user        0 sys        1 real decode_video 0:1 
[h264 @ 0x5569477d9300] nal_unit_type: 6(SEI), nal_ref_idc: 0
[h264 @ 0x5569477d9300] nal_unit_type: 1(Coded slice of a non-IDR picture), nal_ref_idc: 1
    Last message repeated 4 times
[Parsed_fps_0 @ 0x7fb3e0001980] Read frame with in pts 8875, out pts 355
[Parsed_fps_0 @ 0x7fb3e0001980] Writing frame with pts 354 to pts 354
bench:        1 user        0 sys        1 real decode_video 0:1 
bench:        0 user        0 sys        1 real decode_video 0:1 
[h264 @ 0x5569477d9300] nal_unit_type: 6(SEI), nal_ref_idc: 0
[h264 @ 0x5569477d9300] nal_unit_type: 1(Coded slice of a non-IDR picture), nal_ref_idc: 1
    Last message repeated 2 times
[Parsed_fps_0 @ 0x7fb3e0001980] Read frame with in pts 8900, out pts 356
[Parsed_fps_0 @ 0x7fb3e0001980] Writing frame with pts 355 to pts 355
[h264 @ 0x5569477d9300] nal_unit_type: 1(Coded slice of a non-IDR picture), nal_ref_idc: 1
    Last message repeated 1 times
bench:        0 user        0 sys        1 real decode_video 0:1 
bench:        0 user        1 sys        2 real decode_video 0:1 
[h264 @ 0x5569477d9300] nal_unit_type: 6(SEI), nal_ref_idc: 0
[h264 @ 0x5569477d9300] nal_unit_type: 1(Coded slice of a non-IDR picture), nal_ref_idc: 1
    Last message repeated 4 times
[Parsed_fps_0 @ 0x7fb3e0001980] Read frame with in pts 8925, out pts 357
[Parsed_fps_0 @ 0x7fb3e0001980] Writing frame with pts 356 to pts 356
bench:        0 user        1 sys        1 real decode_video 0:1 
bench:        0 user        0 sys        1 real decode_video 0:1 
[h264 @ 0x5569477d9300] nal_unit_type: 6(SEI), nal_ref_idc: 0
[h264 @ 0x5569477d9300] nal_unit_type: 1(Coded slice of a non-IDR picture), nal_ref_idc: 1
    Last message repeated 4 times
[Parsed_fps_0 @ 0x7fb3e0001980] Read frame with in pts 8950, out pts 358
[Parsed_fps_0 @ 0x7fb3e0001980] Writing frame with pts 357 to pts 357
bench:        0 user        1 sys        1 real decode_video 0:1 
    Last message repeated 1 times
[h264 @ 0x5569477d9300] nal_unit_type: 6(SEI), nal_ref_idc: 0
[h264 @ 0x5569477d9300] nal_unit_type: 1(Coded slice of a non-IDR picture), nal_ref_idc: 1
    Last message repeated 4 times
[Parsed_fps_0 @ 0x7fb3e0001980] Read frame with in pts 8975, out pts 359
[Parsed_fps_0 @ 0x7fb3e0001980] Writing frame with pts 358 to pts 358
bench:        0 user        1 sys        1 real decode_video 0:1 
    Last message repeated 1 times
[h264 @ 0x5569477d9300] nal_unit_type: 6(SEI), nal_ref_idc: 0
[h264 @ 0x5569477d9300] nal_unit_type: 1(Coded slice of a non-IDR picture), nal_ref_idc: 1
    Last message repeated 4 times
[Parsed_fps_0 @ 0x7fb3e0001980] Read frame with in pts 9000, out pts 360
[Parsed_fps_0 @ 0x7fb3e0001980] Writing frame with pts 359 to pts 359
bench:        0 user        1 sys        2 real decode_video 0:1 
bench:        0 user        1 sys        0 real decode_video 0:1 
[h264 @ 0x5569477d9300] nal_unit_type: 6(SEI), nal_ref_idc: 0
[h264 @ 0x5569477d9300] nal_unit_type: 1(Coded slice of a non-IDR picture), nal_ref_idc: 1
    Last message repeated 4 times
[Parsed_fps_0 @ 0x7fb3e0001980] Read frame with in pts 9025, out pts 361
[Parsed_fps_0 @ 0x7fb3e0001980] Writing frame with pts 360 to pts 360
bench:        0 user        2 sys        4 real decode_video 0:1 
bench:        0 user        0 sys        1 real decode_video 0:1 
[h264 @ 0x5569477d9300] nal_unit_type: 6(SEI), nal_ref_idc: 0
[h264 @ 0x5569477d9300] nal_unit_type: 1(Coded slice of a non-IDR picture), nal_ref_idc: 1
    Last message repeated 4 times
[Parsed_fps_0 @ 0x7fb3e0001980] Read frame with in pts 9050, out pts 362
[Parsed_fps_0 @ 0x7fb3e0001980] Writing frame with pts 361 to pts 361
bench:        0 user        1 sys        2 real decode_video 0:1 
bench:        0 user        1 sys        0 real decode_video 0:1 
[h264 @ 0x5569477d9300] nal_unit_type: 6(SEI), nal_ref_idc: 0
[h264 @ 0x5569477d9300] nal_unit_type: 1(Coded slice of a non-IDR picture), nal_ref_idc: 1
    Last message repeated 4 times
[Parsed_fps_0 @ 0x7fb3e0001980] Read frame with in pts 9075, out pts 363
[Parsed_fps_0 @ 0x7fb3e0001980] Writing frame with pts 362 to pts 362
bench:        0 user        1 sys        1 real decode_video 0:1 
    Last message repeated 1 times
[h264 @ 0x5569477d9300] nal_unit_type: 6(SEI), nal_ref_idc: 0
[h264 @ 0x5569477d9300] nal_unit_type: 1(Coded slice of a non-IDR picture), nal_ref_idc: 1
    Last message repeated 4 times
[Parsed_fps_0 @ 0x7fb3e0001980] Read frame with in pts 9100, out pts 364
[Parsed_fps_0 @ 0x7fb3e0001980] Writing frame with pts 363 to pts 363
bench:        0 user        1 sys        1 real decode_video 0:1 
bench:        0 user        1 sys        0 real decode_video 0:1 
[h264 @ 0x5569477d9300] nal_unit_type: 6(SEI), nal_ref_idc: 0
[h264 @ 0x5569477d9300] nal_unit_type: 1(Coded slice of a non-IDR picture), nal_ref_idc: 1
    Last message repeated 4 times
[Parsed_fps_0 @ 0x7fb3e0001980] Read frame with in pts 9125, out pts 365
[Parsed_fps_0 @ 0x7fb3e0001980] Writing frame with pts 364 to pts 364
bench:        1 user        0 sys        4 real decode_video 0:1 
bench:        0 user        1 sys        1 real decode_video 0:1 
[Parsed_fps_0 @ 0x7fb3e0001980] Read frame with in pts 9150, out pts 366
[h264 @ 0x5569477d9300] nal_unit_type: 6(SEI), nal_ref_idc: 0
[Parsed_fps_0 @ 0x7fb3e0001980] Writing frame with pts 365 to pts 365
[h264 @ 0x5569477d9300] nal_unit_type: 1(Coded slice of a non-IDR picture), nal_ref_idc: 1
    Last message repeated 4 times
bench:        0 user        1 sys        2 real decode_video 0:1 
bench:        0 user        1 sys        1 real decode_video 0:1 
[h264 @ 0x5569477d9300] nal_unit_type: 6(SEI), nal_ref_idc: 0
[h264 @ 0x5569477d9300] nal_unit_type: 1(Coded slice of a non-IDR picture), nal_ref_idc: 1
    Last message repeated 4 times
[Parsed_fps_0 @ 0x7fb3e0001980] Read frame with in pts 9175, out pts 367
[Parsed_fps_0 @ 0x7fb3e0001980] Writing frame with pts 366 to pts 366
bench:        0 user        1 sys        1 real decode_video 0:1 
    Last message repeated 1 times
[h264 @ 0x5569477d9300] nal_unit_type: 6(SEI), nal_ref_idc: 0
[h264 @ 0x5569477d9300] nal_unit_type: 1(Coded slice of a non-IDR picture), nal_ref_idc: 1
    Last message repeated 4 times
[Parsed_fps_0 @ 0x7fb3e0001980] Read frame with in pts 9200, out pts 368
[Parsed_fps_0 @ 0x7fb3e0001980] Writing frame with pts 367 to pts 367
bench:        0 user        1 sys        1 real decode_video 0:1 
    Last message repeated 1 times
[h264 @ 0x5569477d9300] nal_unit_type: 6(SEI), nal_ref_idc: 0
[h264 @ 0x5569477d9300] nal_unit_type: 1(Coded slice of a non-IDR picture), nal_ref_idc: 1
    Last message repeated 4 times
[Parsed_fps_0 @ 0x7fb3e0001980] Read frame with in pts 9225, out pts 369
[Parsed_fps_0 @ 0x7fb3e0001980] Writing frame with pts 368 to pts 368
bench:        0 user        1 sys        1 real decode_video 0:1 
bench:        0 user        0 sys        1 real decode_video 0:1 
[h264 @ 0x5569477d9300] nal_unit_type: 6(SEI), nal_ref_idc: 0
[h264 @ 0x5569477d9300] nal_unit_type: 1(Coded slice of a non-IDR picture), nal_ref_idc: 1
    Last message repeated 4 times
[Parsed_fps_0 @ 0x7fb3e0001980] Read frame with in pts 9250, out pts 370
[Parsed_fps_0 @ 0x7fb3e0001980] Writing frame with pts 369 to pts 369
bench:        0 user        1 sys        1 real decode_video 0:1 
bench:        0 user        0 sys        0 real decode_video 0:1 
[h264 @ 0x5569477d9300] nal_unit_type: 6(SEI), nal_ref_idc: 0
[h264 @ 0x5569477d9300] nal_unit_type: 1(Coded slice of a non-IDR picture), nal_ref_idc: 1
    Last message repeated 4 times
[Parsed_fps_0 @ 0x7fb3e0001980] Read frame with in pts 9275, out pts 371
[Parsed_fps_0 @ 0x7fb3e0001980] Writing frame with pts 370 to pts 370
bench:        0 user        0 sys        2 real decode_video 0:1 
bench:        0 user        1 sys        0 real decode_video 0:1 
[h264 @ 0x5569477d9300] nal_unit_type: 6(SEI), nal_ref_idc: 0
[h264 @ 0x5569477d9300] nal_unit_type: 1(Coded slice of a non-IDR picture), nal_ref_idc: 1
    Last message repeated 4 times
[Parsed_fps_0 @ 0x7fb3e0001980] Read frame with in pts 9300, out pts 372
[Parsed_fps_0 @ 0x7fb3e0001980] Writing frame with pts 371 to pts 371
bench:        0 user        0 sys        1 real decode_video 0:1 
    Last message repeated 1 times
[h264 @ 0x5569477d9300] nal_unit_type: 6(SEI), nal_ref_idc: 0
[h264 @ 0x5569477d9300] nal_unit_type: 1(Coded slice of a non-IDR picture), nal_ref_idc: 1
    Last message repeated 4 times
[Parsed_fps_0 @ 0x7fb3e0001980] Read frame with in pts 9325, out pts 373
[Parsed_fps_0 @ 0x7fb3e0001980] Writing frame with pts 372 to pts 372
bench:        0 user        1 sys        1 real decode_video 0:1 
bench:        0 user        1 sys        0 real decode_video 0:1 
[h264 @ 0x5569477d9300] nal_unit_type: 6(SEI), nal_ref_idc: 0
[h264 @ 0x5569477d9300] nal_unit_type: 1(Coded slice of a non-IDR picture), nal_ref_idc: 1
    Last message repeated 4 times
[Parsed_fps_0 @ 0x7fb3e0001980] Read frame with in pts 9350, out pts 374
[Parsed_fps_0 @ 0x7fb3e0001980] Writing frame with pts 373 to pts 373
bench:        2 user        0 sys        5 real decode_video 0:1 
bench:        1 user        0 sys        1 real decode_video 0:1 
[h264 @ 0x5569477d9300] nal_unit_type: 6(SEI), nal_ref_idc: 0
[h264 @ 0x5569477d9300] nal_unit_type: 1(Coded slice of a non-IDR picture), nal_ref_idc: 1
    Last message repeated 4 times
[Parsed_fps_0 @ 0x7fb3e0001980] Read frame with in pts 9375, out pts 375
[Parsed_fps_0 @ 0x7fb3e0001980] Writing frame with pts 374 to pts 374
bench:        1 user        0 sys        1 real decode_video 0:1 
bench:        0 user        0 sys        1 real decode_video 0:1 
[h264 @ 0x5569477d9300] nal_unit_type: 6(SEI), nal_ref_idc: 0
[h264 @ 0x5569477d9300] nal_unit_type: 1(Coded slice of a non-IDR picture), nal_ref_idc: 1
    Last message repeated 4 times
[Parsed_fps_0 @ 0x7fb3e0001980] Read frame with in pts 9400, out pts 376
[Parsed_fps_0 @ 0x7fb3e0001980] Writing frame with pts 375 to pts 375
bench:        2 user        0 sys        2 real decode_video 0:1 
bench:        0 user        0 sys        1 real decode_video 0:1 
[h264 @ 0x5569477d9300] nal_unit_type: 6(SEI), nal_ref_idc: 0
[h264 @ 0x5569477d9300] nal_unit_type: 1(Coded slice of a non-IDR picture), nal_ref_idc: 1
[Parsed_fps_0 @ 0x7fb3e0001980] Read frame with in pts 9425, out pts 377
[h264 @ 0x5569477d9300] nal_unit_type: 1(Coded slice of a non-IDR picture), nal_ref_idc: 1
    Last message repeated 1 times
[Parsed_fps_0 @ 0x7fb3e0001980] Writing frame with pts 376 to pts 376
[h264 @ 0x5569477d9300] nal_unit_type: 1(Coded slice of a non-IDR picture), nal_ref_idc: 1
    Last message repeated 1 times
bench:        1 user        0 sys        2 real decode_video 0:1 
bench:        1 user        0 sys        1 real decode_video 0:1 
[h264 @ 0x5569477d9300] nal_unit_type: 6(SEI), nal_ref_idc: 0
[h264 @ 0x5569477d9300] nal_unit_type: 1(Coded slice of a non-IDR picture), nal_ref_idc: 1
    Last message repeated 4 times
[Parsed_fps_0 @ 0x7fb3e0001980] Read frame with in pts 9450, out pts 378
[Parsed_fps_0 @ 0x7fb3e0001980] Writing frame with pts 377 to pts 377
bench:        0 user        0 sys        1 real decode_video 0:1 
bench:        1 user        0 sys        1 real decode_video 0:1 
[h264 @ 0x5569477d9300] nal_unit_type: 6(SEI), nal_ref_idc: 0
[h264 @ 0x5569477d9300] nal_unit_type: 1(Coded slice of a non-IDR picture), nal_ref_idc: 1
    Last message repeated 4 times
[Parsed_fps_0 @ 0x7fb3e0001980] Read frame with in pts 9475, out pts 379
[Parsed_fps_0 @ 0x7fb3e0001980] Writing frame with pts 378 to pts 378
bench:        1 user        0 sys        1 real decode_video 0:1 
    Last message repeated 1 times
[h264 @ 0x5569477d9300] nal_unit_type: 6(SEI), nal_ref_idc: 0
[h264 @ 0x5569477d9300] nal_unit_type: 1(Coded slice of a non-IDR picture), nal_ref_idc: 1
    Last message repeated 4 times
[Parsed_fps_0 @ 0x7fb3e0001980] Read frame with in pts 9500, out pts 380
[Parsed_fps_0 @ 0x7fb3e0001980] Writing frame with pts 379 to pts 379
bench:        0 user        0 sys        1 real decode_video 0:1 
bench:        1 user        0 sys        0 real decode_video 0:1 
[h264 @ 0x5569477d9300] nal_unit_type: 6(SEI), nal_ref_idc: 0
[h264 @ 0x5569477d9300] nal_unit_type: 1(Coded slice of a non-IDR picture), nal_ref_idc: 1
    Last message repeated 4 times
[Parsed_fps_0 @ 0x7fb3e0001980] Read frame with in pts 9525, out pts 381
[Parsed_fps_0 @ 0x7fb3e0001980] Writing frame with pts 380 to pts 380
bench:        1 user        0 sys        1 real decode_video 0:1 
    Last message repeated 1 times
[h264 @ 0x5569477d9300] nal_unit_type: 6(SEI), nal_ref_idc: 0
[h264 @ 0x5569477d9300] nal_unit_type: 1(Coded slice of a non-IDR picture), nal_ref_idc: 1
    Last message repeated 4 times
[Parsed_fps_0 @ 0x7fb3e0001980] Read frame with in pts 9550, out pts 382
[Parsed_fps_0 @ 0x7fb3e0001980] Writing frame with pts 381 to pts 381
bench:        0 user        0 sys        1 real decode_video 0:1 
bench:        1 user        0 sys        1 real decode_video 0:1 
[h264 @ 0x5569477d9300] nal_unit_type: 6(SEI), nal_ref_idc: 0
[h264 @ 0x5569477d9300] nal_unit_type: 5(IDR), nal_ref_idc: 1
    Last message repeated 4 times
[Parsed_fps_0 @ 0x7fb3e0001980] Read frame with in pts 9575, out pts 383
[Parsed_fps_0 @ 0x7fb3e0001980] Writing frame with pts 382 to pts 382
bench:        0 user        0 sys        1 real decode_video 0:1 
    Last message repeated 1 times
[h264 @ 0x5569477d9300] nal_unit_type: 6(SEI), nal_ref_idc: 0
[h264 @ 0x5569477d9300] nal_unit_type: 1(Coded slice of a non-IDR picture), nal_ref_idc: 1
    Last message repeated 4 times
[Parsed_fps_0 @ 0x7fb3e0001980] Read frame with in pts 9600, out pts 384
[Parsed_fps_0 @ 0x7fb3e0001980] Writing frame with pts 383 to pts 383
bench:        1 user        0 sys        2 real decode_video 0:1 
bench:        0 user        0 sys        1 real decode_video 0:1 
[h264 @ 0x5569477d9300] nal_unit_type: 6(SEI), nal_ref_idc: 0
[h264 @ 0x5569477d9300] nal_unit_type: 1(Coded slice of a non-IDR picture), nal_ref_idc: 1
    Last message repeated 4 times
[Parsed_fps_0 @ 0x7fb3e0001980] Read frame with in pts 9625, out pts 385
[Parsed_fps_0 @ 0x7fb3e0001980] Writing frame with pts 384 to pts 384
bench:        0 user        0 sys        2 real decode_video 0:1 
bench:        1 user        0 sys        1 real decode_video 0:1 
[h264 @ 0x5569477d9300] nal_unit_type: 6(SEI), nal_ref_idc: 0
[h264 @ 0x5569477d9300] nal_unit_type: 1(Coded slice of a non-IDR picture), nal_ref_idc: 1
    Last message repeated 4 times
[Parsed_fps_0 @ 0x7fb3e0001980] Read frame with in pts 9650, out pts 386
[Parsed_fps_0 @ 0x7fb3e0001980] Writing frame with pts 385 to pts 385
bench:        1 user        0 sys        1 real decode_video 0:1 
    Last message repeated 1 times
[h264 @ 0x5569477d9300] nal_unit_type: 6(SEI), nal_ref_idc: 0
[h264 @ 0x5569477d9300] nal_unit_type: 1(Coded slice of a non-IDR picture), nal_ref_idc: 1
    Last message repeated 4 times
[Parsed_fps_0 @ 0x7fb3e0001980] Read frame with in pts 9675, out pts 387
[Parsed_fps_0 @ 0x7fb3e0001980] Writing frame with pts 386 to pts 386
bench:        1 user        0 sys        1 real decode_video 0:1 
    Last message repeated 1 times
[h264 @ 0x5569477d9300] nal_unit_type: 6(SEI), nal_ref_idc: 0
[h264 @ 0x5569477d9300] nal_unit_type: 1(Coded slice of a non-IDR picture), nal_ref_idc: 1
    Last message repeated 4 times
[Parsed_fps_0 @ 0x7fb3e0001980] Read frame with in pts 9700, out pts 388
[Parsed_fps_0 @ 0x7fb3e0001980] Writing frame with pts 387 to pts 387
bench:        1 user        0 sys        1 real decode_video 0:1 
bench:        1 user        0 sys        0 real decode_video 0:1 
[h264 @ 0x5569477d9300] nal_unit_type: 6(SEI), nal_ref_idc: 0
[h264 @ 0x5569477d9300] nal_unit_type: 1(Coded slice of a non-IDR picture), nal_ref_idc: 1
    Last message repeated 4 times
[Parsed_fps_0 @ 0x7fb3e0001980] Read frame with in pts 9725, out pts 389
[Parsed_fps_0 @ 0x7fb3e0001980] Writing frame with pts 388 to pts 388
bench:        0 user        0 sys        1 real decode_video 0:1 
    Last message repeated 1 times
[h264 @ 0x5569477d9300] nal_unit_type: 6(SEI), nal_ref_idc: 0
[h264 @ 0x5569477d9300] nal_unit_type: 1(Coded slice of a non-IDR picture), nal_ref_idc: 1
    Last message repeated 4 times
[Parsed_fps_0 @ 0x7fb3e0001980] Read frame with in pts 9750, out pts 390
[Parsed_fps_0 @ 0x7fb3e0001980] Writing frame with pts 389 to pts 389
bench:        1 user        0 sys        1 real decode_video 0:1 
bench:        1 user        0 sys        0 real decode_video 0:1 
[h264 @ 0x5569477d9300] nal_unit_type: 6(SEI), nal_ref_idc: 0
[h264 @ 0x5569477d9300] nal_unit_type: 1(Coded slice of a non-IDR picture), nal_ref_idc: 1
    Last message repeated 4 times
[Parsed_fps_0 @ 0x7fb3e0001980] Read frame with in pts 9775, out pts 391
[Parsed_fps_0 @ 0x7fb3e0001980] Writing frame with pts 390 to pts 390
bench:        1 user        0 sys        1 real decode_video 0:1 
bench:        1 user        0 sys        0 real decode_video 0:1 
[h264 @ 0x5569477d9300] nal_unit_type: 6(SEI), nal_ref_idc: 0
[h264 @ 0x5569477d9300] nal_unit_type: 1(Coded slice of a non-IDR picture), nal_ref_idc: 1
    Last message repeated 4 times
[Parsed_fps_0 @ 0x7fb3e0001980] Read frame with in pts 9800, out pts 392
[Parsed_fps_0 @ 0x7fb3e0001980] Writing frame with pts 391 to pts 391
bench:        1 user        0 sys        1 real decode_video 0:1 
bench:        1 user        0 sys        0 real decode_video 0:1 
[h264 @ 0x5569477d9300] nal_unit_type: 6(SEI), nal_ref_idc: 0
[h264 @ 0x5569477d9300] nal_unit_type: 1(Coded slice of a non-IDR picture), nal_ref_idc: 1
    Last message repeated 4 times
[Parsed_fps_0 @ 0x7fb3e0001980] Read frame with in pts 9825, out pts 393
[Parsed_fps_0 @ 0x7fb3e0001980] Writing frame with pts 392 to pts 392
bench:        1 user        0 sys        1 real decode_video 0:1 
bench:        0 user        0 sys        0 real decode_video 0:1 
[h264 @ 0x5569477d9300] nal_unit_type: 6(SEI), nal_ref_idc: 0
[h264 @ 0x5569477d9300] nal_unit_type: 1(Coded slice of a non-IDR picture), nal_ref_idc: 1
    Last message repeated 4 times
[Parsed_fps_0 @ 0x7fb3e0001980] Read frame with in pts 9850, out pts 394
[Parsed_fps_0 @ 0x7fb3e0001980] Writing frame with pts 393 to pts 393
bench:        1 user        0 sys        1 real decode_video 0:1 
bench:        0 user        0 sys        1 real decode_video 0:1 
[h264 @ 0x5569477d9300] nal_unit_type: 6(SEI), nal_ref_idc: 0
[h264 @ 0x5569477d9300] nal_unit_type: 1(Coded slice of a non-IDR picture), nal_ref_idc: 1
    Last message repeated 4 times
[Parsed_fps_0 @ 0x7fb3e0001980] Read frame with in pts 9875, out pts 395
[Parsed_fps_0 @ 0x7fb3e0001980] Writing frame with pts 394 to pts 394
bench:        0 user        0 sys        1 real decode_video 0:1 
bench:        0 user        0 sys        0 real decode_video 0:1 
[h264 @ 0x5569477d9300] nal_unit_type: 6(SEI), nal_ref_idc: 0
[h264 @ 0x5569477d9300] nal_unit_type: 1(Coded slice of a non-IDR picture), nal_ref_idc: 1
    Last message repeated 4 times
[Parsed_fps_0 @ 0x7fb3e0001980] Read frame with in pts 9900, out pts 396
[Parsed_fps_0 @ 0x7fb3e0001980] Writing frame with pts 395 to pts 395
bench:        1 user        0 sys        1 real decode_video 0:1 
bench:        1 user        0 sys        0 real decode_video 0:1 
[h264 @ 0x5569477d9300] nal_unit_type: 6(SEI), nal_ref_idc: 0
[h264 @ 0x5569477d9300] nal_unit_type: 1(Coded slice of a non-IDR picture), nal_ref_idc: 1
    Last message repeated 4 times
[Parsed_fps_0 @ 0x7fb3e0001980] Read frame with in pts 9925, out pts 397
[Parsed_fps_0 @ 0x7fb3e0001980] Writing frame with pts 396 to pts 396
bench:        0 user        0 sys        1 real decode_video 0:1 
bench:        1 user        0 sys        1 real decode_video 0:1 
[h264 @ 0x5569477d9300] nal_unit_type: 6(SEI), nal_ref_idc: 0
[h264 @ 0x5569477d9300] nal_unit_type: 1(Coded slice of a non-IDR picture), nal_ref_idc: 1
    Last message repeated 4 times
[Parsed_fps_0 @ 0x7fb3e0001980] Read frame with in pts 9950, out pts 398
[Parsed_fps_0 @ 0x7fb3e0001980] Writing frame with pts 397 to pts 397
bench:        1 user        0 sys        1 real decode_video 0:1 
bench:        0 user        0 sys        1 real decode_video 0:1 
[h264 @ 0x5569477d9300] nal_unit_type: 6(SEI), nal_ref_idc: 0
[h264 @ 0x5569477d9300] nal_unit_type: 1(Coded slice of a non-IDR picture), nal_ref_idc: 1
    Last message repeated 4 times
[Parsed_fps_0 @ 0x7fb3e0001980] Read frame with in pts 9975, out pts 399
[Parsed_fps_0 @ 0x7fb3e0001980] Writing frame with pts 398 to pts 398
bench:        1 user        0 sys        1 real decode_video 0:1 
bench:        0 user        0 sys        1 real decode_video 0:1 
[h264 @ 0x5569477d9300] nal_unit_type: 6(SEI), nal_ref_idc: 0
[Parsed_fps_0 @ 0x7fb3e0001980] Read frame with in pts 10000, out pts 400
[Parsed_fps_0 @ 0x7fb3e0001980] Writing frame with pts 399 to pts 399
[h264 @ 0x5569477d9300] nal_unit_type: 1(Coded slice of a non-IDR picture), nal_ref_idc: 1
    Last message repeated 4 times
bench:        1 user        0 sys        4 real decode_video 0:1 
bench:        1 user        0 sys        1 real decode_video 0:1 
[h264 @ 0x5569477d9300] nal_unit_type: 6(SEI), nal_ref_idc: 0
[h264 @ 0x5569477d9300] nal_unit_type: 1(Coded slice of a non-IDR picture), nal_ref_idc: 1
    Last message repeated 4 times
[Parsed_fps_0 @ 0x7fb3e0001980] Read frame with in pts 10025, out pts 401
[Parsed_fps_0 @ 0x7fb3e0001980] Writing frame with pts 400 to pts 400
bench:        1 user        0 sys        3 real decode_video 0:1 
bench:        1 user        0 sys        1 real decode_video 0:1 
[h264 @ 0x5569477d9300] nal_unit_type: 6(SEI), nal_ref_idc: 0
[h264 @ 0x5569477d9300] nal_unit_type: 1(Coded slice of a non-IDR picture), nal_ref_idc: 1
    Last message repeated 4 times
[Parsed_fps_0 @ 0x7fb3e0001980] Read frame with in pts 10050, out pts 402
[Parsed_fps_0 @ 0x7fb3e0001980] Writing frame with pts 401 to pts 401
bench:        2 user        0 sys        4 real decode_video 0:1 
bench:        1 user        0 sys        1 real decode_video 0:1 
[h264 @ 0x5569477d9300] nal_unit_type: 6(SEI), nal_ref_idc: 0
[h264 @ 0x5569477d9300] nal_unit_type: 1(Coded slice of a non-IDR picture), nal_ref_idc: 1
    Last message repeated 4 times
[Parsed_fps_0 @ 0x7fb3e0001980] Read frame with in pts 10075, out pts 403
[Parsed_fps_0 @ 0x7fb3e0001980] Writing frame with pts 402 to pts 402
bench:        1 user        0 sys        2 real decode_video 0:1 
bench:        1 user        0 sys        1 real decode_video 0:1 
[h264 @ 0x5569477d9300] nal_unit_type: 6(SEI), nal_ref_idc: 0
[h264 @ 0x5569477d9300] nal_unit_type: 1(Coded slice of a non-IDR picture), nal_ref_idc: 1
    Last message repeated 4 times
[Parsed_fps_0 @ 0x7fb3e0001980] Read frame with in pts 10100, out pts 404
[Parsed_fps_0 @ 0x7fb3e0001980] Writing frame with pts 403 to pts 403
bench:        0 user        0 sys        2 real decode_video 0:1 
bench:        1 user        0 sys        0 real decode_video 0:1 
[h264 @ 0x5569477d9300] nal_unit_type: 6(SEI), nal_ref_idc: 0
[h264 @ 0x5569477d9300] nal_unit_type: 1(Coded slice of a non-IDR picture), nal_ref_idc: 1
    Last message repeated 4 times
[Parsed_fps_0 @ 0x7fb3e0001980] Read frame with in pts 10125, out pts 405
[Parsed_fps_0 @ 0x7fb3e0001980] Writing frame with pts 404 to pts 404
bench:        3 user        0 sys       93 real decode_video 0:1 
bench:        1 user        0 sys        1 real decode_video 0:1 
[h264 @ 0x5569477d9300] nal_unit_type: 6(SEI), nal_ref_idc: 0
[h264 @ 0x5569477d9300] nal_unit_type: 1(Coded slice of a non-IDR picture), nal_ref_idc: 1
    Last message repeated 4 times
[Parsed_fps_0 @ 0x7fb3e0001980] Read frame with in pts 10150, out pts 406
[Parsed_fps_0 @ 0x7fb3e0001980] Writing frame with pts 405 to pts 405
bench:        2 user        0 sys        3 real decode_video 0:1 
bench:        1 user        0 sys        0 real decode_video 0:1 
[h264 @ 0x5569477d9300] nal_unit_type: 6(SEI), nal_ref_idc: 0
[h264 @ 0x5569477d9300] nal_unit_type: 1(Coded slice of a non-IDR picture), nal_ref_idc: 1
    Last message repeated 4 times
[Parsed_fps_0 @ 0x7fb3e0001980] Read frame with in pts 10175, out pts 407
[Parsed_fps_0 @ 0x7fb3e0001980] Writing frame with pts 406 to pts 406
bench:        0 user        0 sys        1 real decode_video 0:1 
bench:        1 user        0 sys        0 real decode_video 0:1 
[h264 @ 0x5569477d9300] nal_unit_type: 6(SEI), nal_ref_idc: 0
[h264 @ 0x5569477d9300] nal_unit_type: 1(Coded slice of a non-IDR picture), nal_ref_idc: 1
    Last message repeated 4 times
[Parsed_fps_0 @ 0x7fb3e0001980] Read frame with in pts 10200, out pts 408
[Parsed_fps_0 @ 0x7fb3e0001980] Writing frame with pts 407 to pts 407
bench:        1 user        0 sys        1 real decode_video 0:1 
    Last message repeated 1 times
[h264 @ 0x5569477d9300] nal_unit_type: 6(SEI), nal_ref_idc: 0
[h264 @ 0x5569477d9300] nal_unit_type: 1(Coded slice of a non-IDR picture), nal_ref_idc: 1
    Last message repeated 4 times
[Parsed_fps_0 @ 0x7fb3e0001980] Read frame with in pts 10225, out pts 409
[Parsed_fps_0 @ 0x7fb3e0001980] Writing frame with pts 408 to pts 408
bench:        1 user        0 sys        4 real decode_video 0:1 
bench:        1 user        0 sys        1 real decode_video 0:1 
[h264 @ 0x5569477d9300] nal_unit_type: 6(SEI), nal_ref_idc: 0
[h264 @ 0x5569477d9300] nal_unit_type: 1(Coded slice of a non-IDR picture), nal_ref_idc: 1
    Last message repeated 4 times
[Parsed_fps_0 @ 0x7fb3e0001980] Read frame with in pts 10250, out pts 410
[Parsed_fps_0 @ 0x7fb3e0001980] Writing frame with pts 409 to pts 409
bench:        2 user        0 sys        4 real decode_video 0:1 
bench:        1 user        0 sys        1 real decode_video 0:1 
[h264 @ 0x5569477d9300] nal_unit_type: 6(SEI), nal_ref_idc: 0
[Parsed_fps_0 @ 0x7fb3e0001980] Read frame with in pts 10275, out pts 411
[Parsed_fps_0 @ 0x7fb3e0001980] Writing frame with pts 410 to pts 410
[h264 @ 0x5569477d9300] nal_unit_type: 1(Coded slice of a non-IDR picture), nal_ref_idc: 1
    Last message repeated 4 times
bench:        1 user        0 sys        2 real decode_video 0:1 
bench:        0 user        0 sys        0 real decode_video 0:1 
[h264 @ 0x5569477d9300] nal_unit_type: 6(SEI), nal_ref_idc: 0
[h264 @ 0x5569477d9300] nal_unit_type: 1(Coded slice of a non-IDR picture), nal_ref_idc: 1
    Last message repeated 4 times
[Parsed_fps_0 @ 0x7fb3e0001980] Read frame with in pts 10300, out pts 412
[Parsed_fps_0 @ 0x7fb3e0001980] Writing frame with pts 411 to pts 411
bench:        1 user        0 sys        1 real decode_video 0:1 
bench:        0 user        0 sys        0 real decode_video 0:1 
[h264 @ 0x5569477d9300] nal_unit_type: 6(SEI), nal_ref_idc: 0
[h264 @ 0x5569477d9300] nal_unit_type: 1(Coded slice of a non-IDR picture), nal_ref_idc: 1
    Last message repeated 4 times
[Parsed_fps_0 @ 0x7fb3e0001980] Read frame with in pts 10325, out pts 413
[Parsed_fps_0 @ 0x7fb3e0001980] Writing frame with pts 412 to pts 412
bench:        1 user        0 sys        1 real decode_video 0:1 
    Last message repeated 1 times
[h264 @ 0x5569477d9300] nal_unit_type: 6(SEI), nal_ref_idc: 0
[h264 @ 0x5569477d9300] nal_unit_type: 1(Coded slice of a non-IDR picture), nal_ref_idc: 1
    Last message repeated 4 times
[Parsed_fps_0 @ 0x7fb3e0001980] Read frame with in pts 10350, out pts 414
[Parsed_fps_0 @ 0x7fb3e0001980] Writing frame with pts 413 to pts 413
bench:        0 user        1 sys        1 real decode_video 0:1 
bench:        0 user        0 sys        0 real decode_video 0:1 
[h264 @ 0x5569477d9300] nal_unit_type: 6(SEI), nal_ref_idc: 0
[h264 @ 0x5569477d9300] nal_unit_type: 1(Coded slice of a non-IDR picture), nal_ref_idc: 1
    Last message repeated 1 times
[Parsed_fps_0 @ 0x7fb3e0001980] Read frame with in pts 10375, out pts 415
[Parsed_fps_0 @ 0x7fb3e0001980] Writing frame with pts 414 to pts 414
[h264 @ 0x5569477d9300] nal_unit_type: 1(Coded slice of a non-IDR picture), nal_ref_idc: 1
    Last message repeated 2 times
bench:        0 user        0 sys        1 real decode_video 0:1 
bench:        0 user        1 sys        1 real decode_video 0:1 
[h264 @ 0x5569477d9300] nal_unit_type: 6(SEI), nal_ref_idc: 0
[h264 @ 0x5569477d9300] nal_unit_type: 1(Coded slice of a non-IDR picture), nal_ref_idc: 1
    Last message repeated 4 times
[Parsed_fps_0 @ 0x7fb3e0001980] Read frame with in pts 10400, out pts 416
[Parsed_fps_0 @ 0x7fb3e0001980] Writing frame with pts 415 to pts 415
bench:        0 user        0 sys        1 real decode_video 0:1 
    Last message repeated 1 times
[h264 @ 0x5569477d9300] nal_unit_type: 6(SEI), nal_ref_idc: 0
[h264 @ 0x5569477d9300] nal_unit_type: 1(Coded slice of a non-IDR picture), nal_ref_idc: 1
    Last message repeated 4 times
[Parsed_fps_0 @ 0x7fb3e0001980] Read frame with in pts 10425, out pts 417
[Parsed_fps_0 @ 0x7fb3e0001980] Writing frame with pts 416 to pts 416
bench:        0 user        1 sys        1 real decode_video 0:1 
    Last message repeated 1 times
[h264 @ 0x5569477d9300] nal_unit_type: 6(SEI), nal_ref_idc: 0
[h264 @ 0x5569477d9300] nal_unit_type: 1(Coded slice of a non-IDR picture), nal_ref_idc: 1
    Last message repeated 4 times
[Parsed_fps_0 @ 0x7fb3e0001980] Read frame with in pts 10450, out pts 418
[Parsed_fps_0 @ 0x7fb3e0001980] Writing frame with pts 417 to pts 417
bench:        0 user        0 sys        1 real decode_video 0:1 
bench:        0 user        1 sys        1 real decode_video 0:1 
[h264 @ 0x5569477d9300] nal_unit_type: 6(SEI), nal_ref_idc: 0
[h264 @ 0x5569477d9300] nal_unit_type: 1(Coded slice of a non-IDR picture), nal_ref_idc: 1
    Last message repeated 4 times
[Parsed_fps_0 @ 0x7fb3e0001980] Read frame with in pts 10475, out pts 419
[Parsed_fps_0 @ 0x7fb3e0001980] Writing frame with pts 418 to pts 418
bench:        0 user        0 sys        1 real decode_video 0:1 
    Last message repeated 1 times
[h264 @ 0x5569477d9300] nal_unit_type: 6(SEI), nal_ref_idc: 0
[h264 @ 0x5569477d9300] nal_unit_type: 1(Coded slice of a non-IDR picture), nal_ref_idc: 1
    Last message repeated 4 times
[Parsed_fps_0 @ 0x7fb3e0001980] Read frame with in pts 10500, out pts 420
[Parsed_fps_0 @ 0x7fb3e0001980] Writing frame with pts 419 to pts 419
bench:        0 user        1 sys        1 real decode_video 0:1 
bench:        0 user        1 sys        0 real decode_video 0:1 
[h264 @ 0x5569477d9300] nal_unit_type: 6(SEI), nal_ref_idc: 0
[Parsed_fps_0 @ 0x7fb3e0001980] Read frame with in pts 10525, out pts 421
[Parsed_fps_0 @ 0x7fb3e0001980] Writing frame with pts 420 to pts 420
[h264 @ 0x5569477d9300] nal_unit_type: 1(Coded slice of a non-IDR picture), nal_ref_idc: 1
    Last message repeated 4 times
bench:        0 user        0 sys        1 real decode_video 0:1 
bench:        0 user        1 sys        1 real decode_video 0:1 
[h264 @ 0x5569477d9300] nal_unit_type: 6(SEI), nal_ref_idc: 0
[h264 @ 0x5569477d9300] nal_unit_type: 1(Coded slice of a non-IDR picture), nal_ref_idc: 1
[Parsed_fps_0 @ 0x7fb3e0001980] Read frame with in pts 10550, out pts 422
[Parsed_fps_0 @ 0x7fb3e0001980] Writing frame with pts 421 to pts 421
[h264 @ 0x5569477d9300] nal_unit_type: 1(Coded slice of a non-IDR picture), nal_ref_idc: 1
    Last message repeated 3 times
bench:        0 user        1 sys        1 real decode_video 0:1 
bench:        0 user        1 sys        0 real decode_video 0:1 
[h264 @ 0x5569477d9300] nal_unit_type: 6(SEI), nal_ref_idc: 0
[h264 @ 0x5569477d9300] nal_unit_type: 1(Coded slice of a non-IDR picture), nal_ref_idc: 1
    Last message repeated 4 times
[Parsed_fps_0 @ 0x7fb3e0001980] Read frame with in pts 10575, out pts 423
[Parsed_fps_0 @ 0x7fb3e0001980] Writing frame with pts 422 to pts 422
bench:        0 user        1 sys        3 real decode_video 0:1 
bench:        0 user        0 sys        0 real decode_video 0:1 
[h264 @ 0x5569477d9300] nal_unit_type: 6(SEI), nal_ref_idc: 0
[Parsed_fps_0 @ 0x7fb3e0001980] Read frame with in pts 10600, out pts 424
[Parsed_fps_0 @ 0x7fb3e0001980] Writing frame with pts 423 to pts 423
[h264 @ 0x5569477d9300] nal_unit_type: 1(Coded slice of a non-IDR picture), nal_ref_idc: 1
    Last message repeated 4 times
bench:        0 user        1 sys        1 real decode_video 0:1 
bench:        0 user        0 sys        0 real decode_video 0:1 
[h264 @ 0x5569477d9300] nal_unit_type: 6(SEI), nal_ref_idc: 0
[h264 @ 0x5569477d9300] nal_unit_type: 1(Coded slice of a non-IDR picture), nal_ref_idc: 1
    Last message repeated 4 times
[Parsed_fps_0 @ 0x7fb3e0001980] Read frame with in pts 10625, out pts 425
[Parsed_fps_0 @ 0x7fb3e0001980] Writing frame with pts 424 to pts 424
bench:        0 user        1 sys        2 real decode_video 0:1 
bench:        0 user        1 sys        1 real decode_video 0:1 
[h264 @ 0x5569477d9300] nal_unit_type: 6(SEI), nal_ref_idc: 0
[h264 @ 0x5569477d9300] nal_unit_type: 1(Coded slice of a non-IDR picture), nal_ref_idc: 1
    Last message repeated 4 times
[Parsed_fps_0 @ 0x7fb3e0001980] Read frame with in pts 10650, out pts 426
[Parsed_fps_0 @ 0x7fb3e0001980] Writing frame with pts 425 to pts 425
bench:        0 user        0 sys        1 real decode_video 0:1 
bench:        1 user        0 sys        1 real decode_video 0:1 
[h264 @ 0x5569477d9300] nal_unit_type: 6(SEI), nal_ref_idc: 0
[h264 @ 0x5569477d9300] nal_unit_type: 1(Coded slice of a non-IDR picture), nal_ref_idc: 1
    Last message repeated 4 times
[Parsed_fps_0 @ 0x7fb3e0001980] Read frame with in pts 10675, out pts 427
[Parsed_fps_0 @ 0x7fb3e0001980] Writing frame with pts 426 to pts 426
bench:        1 user        0 sys        3 real decode_video 0:1 
bench:        1 user        0 sys        1 real decode_video 0:1 
[h264 @ 0x5569477d9300] nal_unit_type: 6(SEI), nal_ref_idc: 0
[h264 @ 0x5569477d9300] nal_unit_type: 1(Coded slice of a non-IDR picture), nal_ref_idc: 1
    Last message repeated 4 times
[Parsed_fps_0 @ 0x7fb3e0001980] Read frame with in pts 10700, out pts 428
[Parsed_fps_0 @ 0x7fb3e0001980] Writing frame with pts 427 to pts 427
bench:        1 user        0 sys        1 real decode_video 0:1 
bench:        0 user        0 sys        0 real decode_video 0:1 
[h264 @ 0x5569477d9300] nal_unit_type: 6(SEI), nal_ref_idc: 0
[h264 @ 0x5569477d9300] nal_unit_type: 1(Coded slice of a non-IDR picture), nal_ref_idc: 1
    Last message repeated 4 times
[Parsed_fps_0 @ 0x7fb3e0001980] Read frame with in pts 10725, out pts 429
[Parsed_fps_0 @ 0x7fb3e0001980] Writing frame with pts 428 to pts 428
bench:        0 user        0 sys        1 real decode_video 0:1 
bench:        1 user        0 sys        1 real decode_video 0:1 
[h264 @ 0x5569477d9300] nal_unit_type: 6(SEI), nal_ref_idc: 0
[h264 @ 0x5569477d9300] nal_unit_type: 1(Coded slice of a non-IDR picture), nal_ref_idc: 1
    Last message repeated 4 times
[Parsed_fps_0 @ 0x7fb3e0001980] Read frame with in pts 10750, out pts 430
[Parsed_fps_0 @ 0x7fb3e0001980] Writing frame with pts 429 to pts 429
bench:        1 user        0 sys        4 real decode_video 0:1 
bench:        0 user        0 sys        1 real decode_video 0:1 
[Parsed_fps_0 @ 0x7fb3e0001980] Read frame with in pts 10775, out pts 431
[Parsed_fps_0 @ 0x7fb3e0001980] Writing frame with pts 430 to pts 430
[h264 @ 0x5569477d9300] nal_unit_type: 6(SEI), nal_ref_idc: 0
[h264 @ 0x5569477d9300] nal_unit_type: 1(Coded slice of a non-IDR picture), nal_ref_idc: 1
    Last message repeated 4 times
bench:        1 user        0 sys        3 real decode_video 0:1 
bench:        1 user        0 sys        1 real decode_video 0:1 
[Parsed_fps_0 @ 0x7fb3e0001980] Read frame with in pts 10800, out pts 432
[h264 @ 0x5569477d9300] nal_unit_type: 6(SEI), nal_ref_idc: 0
[h264 @ 0x5569477d9300] nal_unit_type: 1(Coded slice of a non-IDR picture), nal_ref_idc: 1
    Last message repeated 4 times
[Parsed_fps_0 @ 0x7fb3e0001980] Writing frame with pts 431 to pts 431
bench:        1 user        0 sys        2 real decode_video 0:1 
bench:        0 user        0 sys        1 real decode_video 0:1 
[h264 @ 0x5569477d9300] nal_unit_type: 6(SEI), nal_ref_idc: 0
[h264 @ 0x5569477d9300] nal_unit_type: 1(Coded slice of a non-IDR picture), nal_ref_idc: 1
[Parsed_fps_0 @ 0x7fb3e0001980] Read frame with in pts 10825, out pts 433
[Parsed_fps_0 @ 0x7fb3e0001980] Writing frame with pts 432 to pts 432
[h264 @ 0x5569477d9300] nal_unit_type: 1(Coded slice of a non-IDR picture), nal_ref_idc: 1
    Last message repeated 3 times
bench:        1 user        0 sys        1 real decode_video 0:1 
    Last message repeated 1 times
[Parsed_fps_0 @ 0x7fb3e0001980] Read frame with in pts 10850, out pts 434
[Parsed_fps_0 @ 0x7fb3e0001980] Writing frame with pts 433 to pts 433
[h264 @ 0x5569477d9300] nal_unit_type: 6(SEI), nal_ref_idc: 0
[h264 @ 0x5569477d9300] nal_unit_type: 1(Coded slice of a non-IDR picture), nal_ref_idc: 1
    Last message repeated 4 times
bench:        1 user        0 sys        1 real decode_video 0:1 
    Last message repeated 1 times
[h264 @ 0x5569477d9300] nal_unit_type: 6(SEI), nal_ref_idc: 0
[h264 @ 0x5569477d9300] nal_unit_type: 1(Coded slice of a non-IDR picture), nal_ref_idc: 1
    Last message repeated 4 times
[Parsed_fps_0 @ 0x7fb3e0001980] Read frame with in pts 10875, out pts 435
[Parsed_fps_0 @ 0x7fb3e0001980] Writing frame with pts 434 to pts 434
bench:        1 user        0 sys        2 real decode_video 0:1 
bench:        1 user        0 sys        1 real decode_video 0:1 
[h264 @ 0x5569477d9300] nal_unit_type: 6(SEI), nal_ref_idc: 0
[h264 @ 0x5569477d9300] nal_unit_type: 1(Coded slice of a non-IDR picture), nal_ref_idc: 1
    Last message repeated 4 times
[Parsed_fps_0 @ 0x7fb3e0001980] Read frame with in pts 10900, out pts 436
[Parsed_fps_0 @ 0x7fb3e0001980] Writing frame with pts 435 to pts 435
bench:        2 user        0 sys        4 real decode_video 0:1 
bench:        1 user        0 sys        1 real decode_video 0:1 
[h264 @ 0x5569477d9300] nal_unit_type: 6(SEI), nal_ref_idc: 0
[h264 @ 0x5569477d9300] nal_unit_type: 1(Coded slice of a non-IDR picture), nal_ref_idc: 1
    Last message repeated 4 times
[Parsed_fps_0 @ 0x7fb3e0001980] Read frame with in pts 10925, out pts 437
[Parsed_fps_0 @ 0x7fb3e0001980] Writing frame with pts 436 to pts 436
bench:        0 user        0 sys        2 real decode_video 0:1 
bench:        0 user        0 sys        1 real decode_video 0:1 
[h264 @ 0x5569477d9300] nal_unit_type: 6(SEI), nal_ref_idc: 0
[h264 @ 0x5569477d9300] nal_unit_type: 1(Coded slice of a non-IDR picture), nal_ref_idc: 1
    Last message repeated 4 times
[Parsed_fps_0 @ 0x7fb3e0001980] Read frame with in pts 10950, out pts 438
[Parsed_fps_0 @ 0x7fb3e0001980] Writing frame with pts 437 to pts 437
bench:        1 user        0 sys        1 real decode_video 0:1 
bench:        0 user        0 sys        0 real decode_video 0:1 
[h264 @ 0x5569477d9300] nal_unit_type: 6(SEI), nal_ref_idc: 0
[h264 @ 0x5569477d9300] nal_unit_type: 1(Coded slice of a non-IDR picture), nal_ref_idc: 1
    Last message repeated 4 times
[Parsed_fps_0 @ 0x7fb3e0001980] Read frame with in pts 10975, out pts 439
[Parsed_fps_0 @ 0x7fb3e0001980] Writing frame with pts 438 to pts 438
bench:        1 user        0 sys        2 real decode_video 0:1 
bench:        0 user        0 sys        0 real decode_video 0:1 
[h264 @ 0x5569477d9300] nal_unit_type: 6(SEI), nal_ref_idc: 0
[h264 @ 0x5569477d9300] nal_unit_type: 1(Coded slice of a non-IDR picture), nal_ref_idc: 1
    Last message repeated 4 times
[Parsed_fps_0 @ 0x7fb3e0001980] Read frame with in pts 11000, out pts 440
[Parsed_fps_0 @ 0x7fb3e0001980] Writing frame with pts 439 to pts 439
bench:        0 user        0 sys        1 real decode_video 0:1 
bench:        1 user        0 sys        1 real decode_video 0:1 
[Parsed_fps_0 @ 0x7fb3e0001980] Read frame with in pts 11025, out pts 441
[Parsed_fps_0 @ 0x7fb3e0001980] Writing frame with pts 440 to pts 440
[h264 @ 0x5569477d9300] nal_unit_type: 6(SEI), nal_ref_idc: 0
[h264 @ 0x5569477d9300] nal_unit_type: 1(Coded slice of a non-IDR picture), nal_ref_idc: 1
    Last message repeated 4 times
bench:        2 user        0 sys        3 real decode_video 0:1 
bench:        1 user        0 sys        1 real decode_video 0:1 
[h264 @ 0x5569477d9300] nal_unit_type: 6(SEI), nal_ref_idc: 0
[h264 @ 0x5569477d9300] nal_unit_type: 1(Coded slice of a non-IDR picture), nal_ref_idc: 1
    Last message repeated 4 times
[Parsed_fps_0 @ 0x7fb3e0001980] Read frame with in pts 11050, out pts 442
[Parsed_fps_0 @ 0x7fb3e0001980] Writing frame with pts 441 to pts 441
bench:        0 user        0 sys        1 real decode_video 0:1 
bench:        1 user        0 sys        1 real decode_video 0:1 
[h264 @ 0x5569477d9300] nal_unit_type: 6(SEI), nal_ref_idc: 0
[h264 @ 0x5569477d9300] nal_unit_type: 1(Coded slice of a non-IDR picture), nal_ref_idc: 1
    Last message repeated 4 times
[Parsed_fps_0 @ 0x7fb3e0001980] Read frame with in pts 11075, out pts 443
[Parsed_fps_0 @ 0x7fb3e0001980] Writing frame with pts 442 to pts 442
bench:        1 user        0 sys        1 real decode_video 0:1 
bench:        0 user        0 sys        1 real decode_video 0:1 
[h264 @ 0x5569477d9300] nal_unit_type: 6(SEI), nal_ref_idc: 0
[h264 @ 0x5569477d9300] nal_unit_type: 1(Coded slice of a non-IDR picture), nal_ref_idc: 1
    Last message repeated 4 times
[Parsed_fps_0 @ 0x7fb3e0001980] Read frame with in pts 11100, out pts 444
[Parsed_fps_0 @ 0x7fb3e0001980] Writing frame with pts 443 to pts 443
bench:        1 user        0 sys        3 real decode_video 0:1 
bench:        1 user        0 sys        1 real decode_video 0:1 
[h264 @ 0x5569477d9300] nal_unit_type: 6(SEI), nal_ref_idc: 0
[h264 @ 0x5569477d9300] nal_unit_type: 1(Coded slice of a non-IDR picture), nal_ref_idc: 1
    Last message repeated 4 times
[Parsed_fps_0 @ 0x7fb3e0001980] Read frame with in pts 11125, out pts 445
[Parsed_fps_0 @ 0x7fb3e0001980] Writing frame with pts 444 to pts 444
bench:        1 user        0 sys        2 real decode_video 0:1 
bench:        0 user        0 sys        1 real decode_video 0:1 
[h264 @ 0x5569477d9300] nal_unit_type: 6(SEI), nal_ref_idc: 0
[h264 @ 0x5569477d9300] nal_unit_type: 1(Coded slice of a non-IDR picture), nal_ref_idc: 1
    Last message repeated 4 times
[Parsed_fps_0 @ 0x7fb3e0001980] Read frame with in pts 11150, out pts 446
[Parsed_fps_0 @ 0x7fb3e0001980] Writing frame with pts 445 to pts 445
bench:        2 user        0 sys        3 real decode_video 0:1 
bench:        1 user        0 sys        1 real decode_video 0:1 
[h264 @ 0x5569477d9300] nal_unit_type: 6(SEI), nal_ref_idc: 0
[Parsed_fps_0 @ 0x7fb3e0001980] Read frame with in pts 11175, out pts 447
[Parsed_fps_0 @ 0x7fb3e0001980] Writing frame with pts 446 to pts 446
[h264 @ 0x5569477d9300] nal_unit_type: 5(IDR), nal_ref_idc: 1
    Last message repeated 4 times
bench:        0 user        0 sys        1 real decode_video 0:1 
bench:        1 user        0 sys        0 real decode_video 0:1 
[h264 @ 0x5569477d9300] nal_unit_type: 6(SEI), nal_ref_idc: 0
[h264 @ 0x5569477d9300] nal_unit_type: 1(Coded slice of a non-IDR picture), nal_ref_idc: 1
    Last message repeated 4 times
[Parsed_fps_0 @ 0x7fb3e0001980] Read frame with in pts 11200, out pts 448
[Parsed_fps_0 @ 0x7fb3e0001980] Writing frame with pts 447 to pts 447
bench:        1 user        0 sys        1 real decode_video 0:1 
bench:        0 user        0 sys        0 real decode_video 0:1 
[h264 @ 0x5569477d9300] nal_unit_type: 6(SEI), nal_ref_idc: 0
[h264 @ 0x5569477d9300] nal_unit_type: 1(Coded slice of a non-IDR picture), nal_ref_idc: 1
    Last message repeated 4 times
[Parsed_fps_0 @ 0x7fb3e0001980] Read frame with in pts 11225, out pts 449
[Parsed_fps_0 @ 0x7fb3e0001980] Writing frame with pts 448 to pts 448
bench:        1 user        0 sys        1 real decode_video 0:1 
    Last message repeated 1 times
[h264 @ 0x5569477d9300] nal_unit_type: 6(SEI), nal_ref_idc: 0
[h264 @ 0x5569477d9300] nal_unit_type: 1(Coded slice of a non-IDR picture), nal_ref_idc: 1
    Last message repeated 4 times
[Parsed_fps_0 @ 0x7fb3e0001980] Read frame with in pts 11250, out pts 450
[Parsed_fps_0 @ 0x7fb3e0001980] Writing frame with pts 449 to pts 449
bench:        1 user        0 sys        1 real decode_video 0:1 
bench:        0 user        0 sys        1 real decode_video 0:1 
[Parsed_fps_0 @ 0x7fb3e0001980] Read frame with in pts 11275, out pts 451
[Parsed_fps_0 @ 0x7fb3e0001980] Writing frame with pts 450 to pts 450
[h264 @ 0x5569477d9300] nal_unit_type: 6(SEI), nal_ref_idc: 0
[h264 @ 0x5569477d9300] nal_unit_type: 1(Coded slice of a non-IDR picture), nal_ref_idc: 1
    Last message repeated 4 times
bench:        1 user        0 sys        1 real decode_video 0:1 
bench:        0 user        0 sys        1 real decode_video 0:1 
[h264 @ 0x5569477d9300] nal_unit_type: 6(SEI), nal_ref_idc: 0
[h264 @ 0x5569477d9300] nal_unit_type: 1(Coded slice of a non-IDR picture), nal_ref_idc: 1
    Last message repeated 4 times
[Parsed_fps_0 @ 0x7fb3e0001980] Read frame with in pts 11300, out pts 452
[Parsed_fps_0 @ 0x7fb3e0001980] Writing frame with pts 451 to pts 451
bench:        1 user        0 sys        1 real decode_video 0:1 
bench:        0 user        0 sys        1 real decode_video 0:1 
[h264 @ 0x5569477d9300] nal_unit_type: 6(SEI), nal_ref_idc: 0
[h264 @ 0x5569477d9300] nal_unit_type: 1(Coded slice of a non-IDR picture), nal_ref_idc: 1
    Last message repeated 4 times
[Parsed_fps_0 @ 0x7fb3e0001980] Read frame with in pts 11325, out pts 453
[Parsed_fps_0 @ 0x7fb3e0001980] Writing frame with pts 452 to pts 452
bench:        2 user        0 sys        4 real decode_video 0:1 
bench:        1 user        0 sys        1 real decode_video 0:1 
[h264 @ 0x5569477d9300] nal_unit_type: 6(SEI), nal_ref_idc: 0
[h264 @ 0x5569477d9300] nal_unit_type: 1(Coded slice of a non-IDR picture), nal_ref_idc: 1
    Last message repeated 4 times
[Parsed_fps_0 @ 0x7fb3e0001980] Read frame with in pts 11350, out pts 454
[Parsed_fps_0 @ 0x7fb3e0001980] Writing frame with pts 453 to pts 453
bench:        0 user        0 sys        1 real decode_video 0:1 
bench:        0 user        0 sys        0 real decode_video 0:1 
[h264 @ 0x5569477d9300] nal_unit_type: 6(SEI), nal_ref_idc: 0
[h264 @ 0x5569477d9300] nal_unit_type: 1(Coded slice of a non-IDR picture), nal_ref_idc: 1
    Last message repeated 4 times
[Parsed_fps_0 @ 0x7fb3e0001980] Read frame with in pts 11375, out pts 455
[Parsed_fps_0 @ 0x7fb3e0001980] Writing frame with pts 454 to pts 454
bench:        1 user        0 sys        3 real decode_video 0:1 
bench:        1 user        0 sys        1 real decode_video 0:1 
[h264 @ 0x5569477d9300] nal_unit_type: 6(SEI), nal_ref_idc: 0
[h264 @ 0x5569477d9300] nal_unit_type: 1(Coded slice of a non-IDR picture), nal_ref_idc: 1
    Last message repeated 4 times
[Parsed_fps_0 @ 0x7fb3e0001980] Read frame with in pts 11400, out pts 456
[Parsed_fps_0 @ 0x7fb3e0001980] Writing frame with pts 455 to pts 455
bench:        1 user        0 sys        1 real decode_video 0:1 
bench:        0 user        0 sys        1 real decode_video 0:1 
[h264 @ 0x5569477d9300] nal_unit_type: 6(SEI), nal_ref_idc: 0
[h264 @ 0x5569477d9300] nal_unit_type: 1(Coded slice of a non-IDR picture), nal_ref_idc: 1
    Last message repeated 4 times
[Parsed_fps_0 @ 0x7fb3e0001980] Read frame with in pts 11425, out pts 457
[Parsed_fps_0 @ 0x7fb3e0001980] Writing frame with pts 456 to pts 456
bench:        0 user        0 sys        1 real decode_video 0:1 
bench:        1 user        0 sys        0 real decode_video 0:1 
[h264 @ 0x5569477d9300] nal_unit_type: 6(SEI), nal_ref_idc: 0
[h264 @ 0x5569477d9300] nal_unit_type: 1(Coded slice of a non-IDR picture), nal_ref_idc: 1
    Last message repeated 4 times
[Parsed_fps_0 @ 0x7fb3e0001980] Read frame with in pts 11450, out pts 458
[Parsed_fps_0 @ 0x7fb3e0001980] Writing frame with pts 457 to pts 457
bench:        1 user        0 sys        2 real decode_video 0:1 
bench:        1 user        0 sys        1 real decode_video 0:1 
[h264 @ 0x5569477d9300] nal_unit_type: 6(SEI), nal_ref_idc: 0
[h264 @ 0x5569477d9300] nal_unit_type: 1(Coded slice of a non-IDR picture), nal_ref_idc: 1
    Last message repeated 4 times
[Parsed_fps_0 @ 0x7fb3e0001980] Read frame with in pts 11475, out pts 459
[Parsed_fps_0 @ 0x7fb3e0001980] Writing frame with pts 458 to pts 458
bench:        1 user        0 sys        1 real decode_video 0:1 
    Last message repeated 1 times
[h264 @ 0x5569477d9300] nal_unit_type: 6(SEI), nal_ref_idc: 0
[h264 @ 0x5569477d9300] nal_unit_type: 1(Coded slice of a non-IDR picture), nal_ref_idc: 1
    Last message repeated 4 times
[Parsed_fps_0 @ 0x7fb3e0001980] Read frame with in pts 11500, out pts 460
[Parsed_fps_0 @ 0x7fb3e0001980] Writing frame with pts 459 to pts 459
bench:        1 user        0 sys        1 real decode_video 0:1 
bench:        0 user        0 sys        1 real decode_video 0:1 
[h264 @ 0x5569477d9300] nal_unit_type: 6(SEI), nal_ref_idc: 0
[h264 @ 0x5569477d9300] nal_unit_type: 1(Coded slice of a non-IDR picture), nal_ref_idc: 1
    Last message repeated 4 times
[Parsed_fps_0 @ 0x7fb3e0001980] Read frame with in pts 11525, out pts 461
[Parsed_fps_0 @ 0x7fb3e0001980] Writing frame with pts 460 to pts 460
bench:        0 user        0 sys        1 real decode_video 0:1 
bench:        0 user        0 sys        0 real decode_video 0:1 
[h264 @ 0x5569477d9300] nal_unit_type: 6(SEI), nal_ref_idc: 0
[h264 @ 0x5569477d9300] nal_unit_type: 1(Coded slice of a non-IDR picture), nal_ref_idc: 1
    Last message repeated 4 times
[Parsed_fps_0 @ 0x7fb3e0001980] Read frame with in pts 11550, out pts 462
[Parsed_fps_0 @ 0x7fb3e0001980] Writing frame with pts 461 to pts 461
bench:        1 user        0 sys        0 real decode_video 0:1 
bench:        1 user        0 sys        1 real decode_video 0:1 
[h264 @ 0x5569477d9300] nal_unit_type: 6(SEI), nal_ref_idc: 0
[h264 @ 0x5569477d9300] nal_unit_type: 1(Coded slice of a non-IDR picture), nal_ref_idc: 1
    Last message repeated 4 times
[Parsed_fps_0 @ 0x7fb3e0001980] Read frame with in pts 11575, out pts 463
[Parsed_fps_0 @ 0x7fb3e0001980] Writing frame with pts 462 to pts 462
bench:        1 user        0 sys        1 real decode_video 0:1 
bench:        1 user        0 sys        0 real decode_video 0:1 
[Parsed_fps_0 @ 0x7fb3e0001980] Read frame with in pts 11600, out pts 464
[Parsed_fps_0 @ 0x7fb3e0001980] Writing frame with pts 463 to pts 463
[h264 @ 0x5569477d9300] nal_unit_type: 6(SEI), nal_ref_idc: 0
[h264 @ 0x5569477d9300] nal_unit_type: 1(Coded slice of a non-IDR picture), nal_ref_idc: 1
    Last message repeated 4 times
bench:        1 user        0 sys        1 real decode_video 0:1 
bench:        0 user        0 sys        0 real decode_video 0:1 
[h264 @ 0x5569477d9300] nal_unit_type: 6(SEI), nal_ref_idc: 0
[h264 @ 0x5569477d9300] nal_unit_type: 1(Coded slice of a non-IDR picture), nal_ref_idc: 1
    Last message repeated 4 times
[Parsed_fps_0 @ 0x7fb3e0001980] Read frame with in pts 11625, out pts 465
[Parsed_fps_0 @ 0x7fb3e0001980] Writing frame with pts 464 to pts 464
bench:        1 user        0 sys        1 real decode_video 0:1 
    Last message repeated 1 times
[h264 @ 0x5569477d9300] nal_unit_type: 6(SEI), nal_ref_idc: 0
[h264 @ 0x5569477d9300] nal_unit_type: 1(Coded slice of a non-IDR picture), nal_ref_idc: 1
    Last message repeated 4 times
[Parsed_fps_0 @ 0x7fb3e0001980] Read frame with in pts 11650, out pts 466
[Parsed_fps_0 @ 0x7fb3e0001980] Writing frame with pts 465 to pts 465
bench:        1 user        0 sys        1 real decode_video 0:1 
bench:        0 user        0 sys        0 real decode_video 0:1 
[h264 @ 0x5569477d9300] nal_unit_type: 6(SEI), nal_ref_idc: 0
[h264 @ 0x5569477d9300] nal_unit_type: 1(Coded slice of a non-IDR picture), nal_ref_idc: 1
    Last message repeated 4 times
[Parsed_fps_0 @ 0x7fb3e0001980] Read frame with in pts 11675, out pts 467
[Parsed_fps_0 @ 0x7fb3e0001980] Writing frame with pts 466 to pts 466
bench:        1 user        0 sys        1 real decode_video 0:1 
bench:        1 user        0 sys        0 real decode_video 0:1 
[h264 @ 0x5569477d9300] nal_unit_type: 6(SEI), nal_ref_idc: 0
[h264 @ 0x5569477d9300] nal_unit_type: 1(Coded slice of a non-IDR picture), nal_ref_idc: 1
    Last message repeated 4 times
[Parsed_fps_0 @ 0x7fb3e0001980] Read frame with in pts 11700, out pts 468
[Parsed_fps_0 @ 0x7fb3e0001980] Writing frame with pts 467 to pts 467
bench:        1 user        0 sys        2 real decode_video 0:1 
bench:        1 user        0 sys        0 real decode_video 0:1 
[h264 @ 0x5569477d9300] nal_unit_type: 6(SEI), nal_ref_idc: 0
[h264 @ 0x5569477d9300] nal_unit_type: 1(Coded slice of a non-IDR picture), nal_ref_idc: 1
    Last message repeated 4 times
[Parsed_fps_0 @ 0x7fb3e0001980] Read frame with in pts 11725, out pts 469
[Parsed_fps_0 @ 0x7fb3e0001980] Writing frame with pts 468 to pts 468
bench:        0 user        0 sys        0 real decode_video 0:1 
bench:        0 user        0 sys        1 real decode_video 0:1 
[h264 @ 0x5569477d9300] nal_unit_type: 6(SEI), nal_ref_idc: 0
[h264 @ 0x5569477d9300] nal_unit_type: 1(Coded slice of a non-IDR picture), nal_ref_idc: 1
    Last message repeated 4 times
[Parsed_fps_0 @ 0x7fb3e0001980] Read frame with in pts 11750, out pts 470
[Parsed_fps_0 @ 0x7fb3e0001980] Writing frame with pts 469 to pts 469
bench:        1 user        0 sys        0 real decode_video 0:1 
bench:        0 user        0 sys        1 real decode_video 0:1 
[h264 @ 0x5569477d9300] nal_unit_type: 6(SEI), nal_ref_idc: 0
[h264 @ 0x5569477d9300] nal_unit_type: 1(Coded slice of a non-IDR picture), nal_ref_idc: 1
    Last message repeated 4 times
[Parsed_fps_0 @ 0x7fb3e0001980] Read frame with in pts 11775, out pts 471
[Parsed_fps_0 @ 0x7fb3e0001980] Writing frame with pts 470 to pts 470
bench:        2 user        0 sys        4 real decode_video 0:1 
bench:        1 user        0 sys        0 real decode_video 0:1 
[h264 @ 0x5569477d9300] nal_unit_type: 6(SEI), nal_ref_idc: 0
[h264 @ 0x5569477d9300] nal_unit_type: 1(Coded slice of a non-IDR picture), nal_ref_idc: 1
    Last message repeated 4 times
[Parsed_fps_0 @ 0x7fb3e0001980] Read frame with in pts 11800, out pts 472
[Parsed_fps_0 @ 0x7fb3e0001980] Writing frame with pts 471 to pts 471
bench:        1 user        0 sys        2 real decode_video 0:1 
bench:        0 user        0 sys        1 real decode_video 0:1 
[h264 @ 0x5569477d9300] nal_unit_type: 6(SEI), nal_ref_idc: 0
[h264 @ 0x5569477d9300] nal_unit_type: 1(Coded slice of a non-IDR picture), nal_ref_idc: 1
    Last message repeated 4 times
[Parsed_fps_0 @ 0x7fb3e0001980] Read frame with in pts 11825, out pts 473
[Parsed_fps_0 @ 0x7fb3e0001980] Writing frame with pts 472 to pts 472
bench:        1 user        0 sys        1 real decode_video 0:1 
bench:        0 user        0 sys        1 real decode_video 0:1 
[h264 @ 0x5569477d9300] nal_unit_type: 6(SEI), nal_ref_idc: 0
[h264 @ 0x5569477d9300] nal_unit_type: 1(Coded slice of a non-IDR picture), nal_ref_idc: 1
    Last message repeated 4 times
[Parsed_fps_0 @ 0x7fb3e0001980] Read frame with in pts 11850, out pts 474
[Parsed_fps_0 @ 0x7fb3e0001980] Writing frame with pts 473 to pts 473
bench:        1 user        0 sys        2 real decode_video 0:1 
bench:        1 user        0 sys        0 real decode_video 0:1 
[h264 @ 0x5569477d9300] nal_unit_type: 6(SEI), nal_ref_idc: 0
[Parsed_fps_0 @ 0x7fb3e0001980] Read frame with in pts 11875, out pts 475
[Parsed_fps_0 @ 0x7fb3e0001980] Writing frame with pts 474 to pts 474
[h264 @ 0x5569477d9300] nal_unit_type: 1(Coded slice of a non-IDR picture), nal_ref_idc: 1
    Last message repeated 4 times
bench:        1 user        0 sys        2 real decode_video 0:1 
bench:        0 user        0 sys        0 real decode_video 0:1 
[h264 @ 0x5569477d9300] nal_unit_type: 6(SEI), nal_ref_idc: 0
[h264 @ 0x5569477d9300] nal_unit_type: 1(Coded slice of a non-IDR picture), nal_ref_idc: 1
    Last message repeated 4 times
[Parsed_fps_0 @ 0x7fb3e0001980] Read frame with in pts 11900, out pts 476
[Parsed_fps_0 @ 0x7fb3e0001980] Writing frame with pts 475 to pts 475
bench:        1 user        0 sys        1 real decode_video 0:1 
bench:        0 user        0 sys        1 real decode_video 0:1 
[h264 @ 0x5569477d9300] nal_unit_type: 6(SEI), nal_ref_idc: 0
[h264 @ 0x5569477d9300] nal_unit_type: 1(Coded slice of a non-IDR picture), nal_ref_idc: 1
    Last message repeated 4 times
[Parsed_fps_0 @ 0x7fb3e0001980] Read frame with in pts 11925, out pts 477
[Parsed_fps_0 @ 0x7fb3e0001980] Writing frame with pts 476 to pts 476
bench:        1 user        0 sys        1 real decode_video 0:1 
    Last message repeated 1 times
[h264 @ 0x5569477d9300] nal_unit_type: 6(SEI), nal_ref_idc: 0
[h264 @ 0x5569477d9300] nal_unit_type: 1(Coded slice of a non-IDR picture), nal_ref_idc: 1
    Last message repeated 4 times
[Parsed_fps_0 @ 0x7fb3e0001980] Read frame with in pts 11950, out pts 478
[Parsed_fps_0 @ 0x7fb3e0001980] Writing frame with pts 477 to pts 477
bench:        1 user        0 sys        1 real decode_video 0:1 
bench:        0 user        0 sys        1 real decode_video 0:1 
[h264 @ 0x5569477d9300] nal_unit_type: 6(SEI), nal_ref_idc: 0
[h264 @ 0x5569477d9300] nal_unit_type: 1(Coded slice of a non-IDR picture), nal_ref_idc: 1
    Last message repeated 4 times
[Parsed_fps_0 @ 0x7fb3e0001980] Read frame with in pts 11975, out pts 479
[Parsed_fps_0 @ 0x7fb3e0001980] Writing frame with pts 478 to pts 478
bench:        1 user        0 sys        1 real decode_video 0:1 
    Last message repeated 1 times
[h264 @ 0x5569477d9300] nal_unit_type: 6(SEI), nal_ref_idc: 0
[h264 @ 0x5569477d9300] nal_unit_type: 1(Coded slice of a non-IDR picture), nal_ref_idc: 1
    Last message repeated 4 times
[Parsed_fps_0 @ 0x7fb3e0001980] Read frame with in pts 12000, out pts 480
[Parsed_fps_0 @ 0x7fb3e0001980] Writing frame with pts 479 to pts 479
bench:        2 user        0 sys        4 real decode_video 0:1 
bench:        1 user        0 sys        1 real decode_video 0:1 
[h264 @ 0x5569477d9300] nal_unit_type: 6(SEI), nal_ref_idc: 0
[Parsed_fps_0 @ 0x7fb3e0001980] Read frame with in pts 12025, out pts 481
[Parsed_fps_0 @ 0x7fb3e0001980] Writing frame with pts 480 to pts 480
[h264 @ 0x5569477d9300] nal_unit_type: 1(Coded slice of a non-IDR picture), nal_ref_idc: 1
    Last message repeated 4 times
bench:        2 user        0 sys        4 real decode_video 0:1 
bench:        1 user        0 sys        1 real decode_video 0:1 
[h264 @ 0x5569477d9300] nal_unit_type: 6(SEI), nal_ref_idc: 0
[h264 @ 0x5569477d9300] nal_unit_type: 1(Coded slice of a non-IDR picture), nal_ref_idc: 1
    Last message repeated 4 times
[Parsed_fps_0 @ 0x7fb3e0001980] Read frame with in pts 12050, out pts 482
[Parsed_fps_0 @ 0x7fb3e0001980] Writing frame with pts 481 to pts 481
bench:        2 user        0 sys        2 real decode_video 0:1 
bench:        0 user        0 sys        1 real decode_video 0:1 
[h264 @ 0x5569477d9300] nal_unit_type: 6(SEI), nal_ref_idc: 0
[h264 @ 0x5569477d9300] nal_unit_type: 1(Coded slice of a non-IDR picture), nal_ref_idc: 1
    Last message repeated 4 times
[Parsed_fps_0 @ 0x7fb3e0001980] Read frame with in pts 12075, out pts 483
[Parsed_fps_0 @ 0x7fb3e0001980] Writing frame with pts 482 to pts 482
bench:        1 user        0 sys        1 real decode_video 0:1 
bench:        1 user        0 sys        0 real decode_video 0:1 
[h264 @ 0x5569477d9300] nal_unit_type: 6(SEI), nal_ref_idc: 0
[h264 @ 0x5569477d9300] nal_unit_type: 1(Coded slice of a non-IDR picture), nal_ref_idc: 1
    Last message repeated 4 times
[Parsed_fps_0 @ 0x7fb3e0001980] Read frame with in pts 12100, out pts 484
[Parsed_fps_0 @ 0x7fb3e0001980] Writing frame with pts 483 to pts 483
bench:        1 user        0 sys        3 real decode_video 0:1 
bench:        0 user        0 sys        1 real decode_video 0:1 
[h264 @ 0x5569477d9300] nal_unit_type: 6(SEI), nal_ref_idc: 0
[h264 @ 0x5569477d9300] nal_unit_type: 1(Coded slice of a non-IDR picture), nal_ref_idc: 1
    Last message repeated 4 times
[Parsed_fps_0 @ 0x7fb3e0001980] Read frame with in pts 12125, out pts 485
[Parsed_fps_0 @ 0x7fb3e0001980] Writing frame with pts 484 to pts 484
bench:        1 user        0 sys        1 real decode_video 0:1 
bench:        1 user        0 sys        0 real decode_video 0:1 
[h264 @ 0x5569477d9300] nal_unit_type: 6(SEI), nal_ref_idc: 0
[h264 @ 0x5569477d9300] nal_unit_type: 1(Coded slice of a non-IDR picture), nal_ref_idc: 1
    Last message repeated 4 times
[Parsed_fps_0 @ 0x7fb3e0001980] Read frame with in pts 12150, out pts 486
[Parsed_fps_0 @ 0x7fb3e0001980] Writing frame with pts 485 to pts 485
bench:        1 user        0 sys        1 real decode_video 0:1 
bench:        1 user        0 sys        0 real decode_video 0:1 
[h264 @ 0x5569477d9300] nal_unit_type: 6(SEI), nal_ref_idc: 0
[h264 @ 0x5569477d9300] nal_unit_type: 1(Coded slice of a non-IDR picture), nal_ref_idc: 1
    Last message repeated 4 times
[Parsed_fps_0 @ 0x7fb3e0001980] Read frame with in pts 12175, out pts 487
[Parsed_fps_0 @ 0x7fb3e0001980] Writing frame with pts 486 to pts 486
bench:        1 user        0 sys        1 real decode_video 0:1 
bench:        0 user        0 sys        1 real decode_video 0:1 
[h264 @ 0x5569477d9300] nal_unit_type: 6(SEI), nal_ref_idc: 0
[h264 @ 0x5569477d9300] nal_unit_type: 1(Coded slice of a non-IDR picture), nal_ref_idc: 1
    Last message repeated 4 times
[Parsed_fps_0 @ 0x7fb3e0001980] Read frame with in pts 12200, out pts 488
[Parsed_fps_0 @ 0x7fb3e0001980] Writing frame with pts 487 to pts 487
bench:        1 user        0 sys        2 real decode_video 0:1 
bench:        1 user        0 sys        0 real decode_video 0:1 
[h264 @ 0x5569477d9300] nal_unit_type: 6(SEI), nal_ref_idc: 0
[h264 @ 0x5569477d9300] nal_unit_type: 1(Coded slice of a non-IDR picture), nal_ref_idc: 1
    Last message repeated 4 times
[Parsed_fps_0 @ 0x7fb3e0001980] Read frame with in pts 12225, out pts 489
[Parsed_fps_0 @ 0x7fb3e0001980] Writing frame with pts 488 to pts 488
bench:        1 user        0 sys        1 real decode_video 0:1 
    Last message repeated 1 times
[h264 @ 0x5569477d9300] nal_unit_type: 6(SEI), nal_ref_idc: 0
[h264 @ 0x5569477d9300] nal_unit_type: 1(Coded slice of a non-IDR picture), nal_ref_idc: 1
    Last message repeated 4 times
[Parsed_fps_0 @ 0x7fb3e0001980] Read frame with in pts 12250, out pts 490
[Parsed_fps_0 @ 0x7fb3e0001980] Writing frame with pts 489 to pts 489
bench:        1 user        0 sys        1 real decode_video 0:1 
    Last message repeated 1 times
[Parsed_fps_0 @ 0x7fb3e0001980] Read frame with in pts 12275, out pts 491
[h264 @ 0x5569477d9300] nal_unit_type: 6(SEI), nal_ref_idc: 0
[h264 @ 0x5569477d9300] nal_unit_type: 1(Coded slice of a non-IDR picture), nal_ref_idc: 1
    Last message repeated 4 times
[Parsed_fps_0 @ 0x7fb3e0001980] Writing frame with pts 490 to pts 490
bench:        1 user        0 sys        2 real decode_video 0:1 
bench:        1 user        0 sys        0 real decode_video 0:1 
[h264 @ 0x5569477d9300] nal_unit_type: 6(SEI), nal_ref_idc: 0
[h264 @ 0x5569477d9300] nal_unit_type: 1(Coded slice of a non-IDR picture), nal_ref_idc: 1
    Last message repeated 4 times
[Parsed_fps_0 @ 0x7fb3e0001980] Read frame with in pts 12300, out pts 492
[Parsed_fps_0 @ 0x7fb3e0001980] Writing frame with pts 491 to pts 491
bench:        1 user        0 sys        2 real decode_video 0:1 
bench:        0 user        0 sys        0 real decode_video 0:1 
[h264 @ 0x5569477d9300] nal_unit_type: 6(SEI), nal_ref_idc: 0
[h264 @ 0x5569477d9300] nal_unit_type: 1(Coded slice of a non-IDR picture), nal_ref_idc: 1
    Last message repeated 4 times
[Parsed_fps_0 @ 0x7fb3e0001980] Read frame with in pts 12325, out pts 493
[Parsed_fps_0 @ 0x7fb3e0001980] Writing frame with pts 492 to pts 492
bench:        1 user        0 sys        2 real decode_video 0:1 
bench:        1 user        0 sys        1 real decode_video 0:1 
[h264 @ 0x5569477d9300] nal_unit_type: 6(SEI), nal_ref_idc: 0
[h264 @ 0x5569477d9300] nal_unit_type: 1(Coded slice of a non-IDR picture), nal_ref_idc: 1
    Last message repeated 4 times
[Parsed_fps_0 @ 0x7fb3e0001980] Read frame with in pts 12350, out pts 494
[Parsed_fps_0 @ 0x7fb3e0001980] Writing frame with pts 493 to pts 493
bench:        0 user        0 sys        1 real decode_video 0:1 
bench:        1 user        0 sys        1 real decode_video 0:1 
[h264 @ 0x5569477d9300] nal_unit_type: 6(SEI), nal_ref_idc: 0
[h264 @ 0x5569477d9300] nal_unit_type: 1(Coded slice of a non-IDR picture), nal_ref_idc: 1
    Last message repeated 4 times
[Parsed_fps_0 @ 0x7fb3e0001980] Read frame with in pts 12375, out pts 495
[Parsed_fps_0 @ 0x7fb3e0001980] Writing frame with pts 494 to pts 494
bench:        1 user        0 sys        1 real decode_video 0:1 
bench:        0 user        0 sys        0 real decode_video 0:1 
[h264 @ 0x5569477d9300] nal_unit_type: 6(SEI), nal_ref_idc: 0
[h264 @ 0x5569477d9300] nal_unit_type: 1(Coded slice of a non-IDR picture), nal_ref_idc: 1
    Last message repeated 4 times
[Parsed_fps_0 @ 0x7fb3e0001980] Read frame with in pts 12400, out pts 496
[Parsed_fps_0 @ 0x7fb3e0001980] Writing frame with pts 495 to pts 495
bench:        1 user        0 sys        1 real decode_video 0:1 
bench:        0 user        0 sys        0 real decode_video 0:1 
[h264 @ 0x5569477d9300] nal_unit_type: 6(SEI), nal_ref_idc: 0
[h264 @ 0x5569477d9300] nal_unit_type: 1(Coded slice of a non-IDR picture), nal_ref_idc: 1
    Last message repeated 4 times
[Parsed_fps_0 @ 0x7fb3e0001980] Read frame with in pts 12425, out pts 497
[Parsed_fps_0 @ 0x7fb3e0001980] Writing frame with pts 496 to pts 496
bench:        0 user        0 sys        1 real decode_video 0:1 
    Last message repeated 1 times
[h264 @ 0x5569477d9300] nal_unit_type: 6(SEI), nal_ref_idc: 0
[h264 @ 0x5569477d9300] nal_unit_type: 1(Coded slice of a non-IDR picture), nal_ref_idc: 1
    Last message repeated 4 times
[Parsed_fps_0 @ 0x7fb3e0001980] Read frame with in pts 12450, out pts 498
[Parsed_fps_0 @ 0x7fb3e0001980] Writing frame with pts 497 to pts 497
bench:        1 user        0 sys        2 real decode_video 0:1 
bench:        0 user        0 sys        0 real decode_video 0:1 
[h264 @ 0x5569477d9300] nal_unit_type: 6(SEI), nal_ref_idc: 0
[h264 @ 0x5569477d9300] nal_unit_type: 1(Coded slice of a non-IDR picture), nal_ref_idc: 1
    Last message repeated 4 times
[Parsed_fps_0 @ 0x7fb3e0001980] Read frame with in pts 12475, out pts 499
[Parsed_fps_0 @ 0x7fb3e0001980] Writing frame with pts 498 to pts 498
bench:        1 user        0 sys        1 real decode_video 0:1 
bench:        1 user        0 sys        0 real decode_video 0:1 
[h264 @ 0x5569477d9300] nal_unit_type: 6(SEI), nal_ref_idc: 0
[h264 @ 0x5569477d9300] nal_unit_type: 1(Coded slice of a non-IDR picture), nal_ref_idc: 1
    Last message repeated 4 times
[Parsed_fps_0 @ 0x7fb3e0001980] Read frame with in pts 12500, out pts 500
[Parsed_fps_0 @ 0x7fb3e0001980] Writing frame with pts 499 to pts 499
bench:        0 user        0 sys        1 real decode_video 0:1 
bench:        1 user        0 sys        1 real decode_video 0:1 
[h264 @ 0x5569477d9300] nal_unit_type: 6(SEI), nal_ref_idc: 0
[h264 @ 0x5569477d9300] nal_unit_type: 1(Coded slice of a non-IDR picture), nal_ref_idc: 1
    Last message repeated 4 times
[Parsed_fps_0 @ 0x7fb3e0001980] Read frame with in pts 12525, out pts 501
[Parsed_fps_0 @ 0x7fb3e0001980] Writing frame with pts 500 to pts 500
bench:        0 user        0 sys        1 real decode_video 0:1 
bench:        1 user        0 sys        0 real decode_video 0:1 
[h264 @ 0x5569477d9300] nal_unit_type: 6(SEI), nal_ref_idc: 0
[h264 @ 0x5569477d9300] nal_unit_type: 1(Coded slice of a non-IDR picture), nal_ref_idc: 1
    Last message repeated 4 times
[Parsed_fps_0 @ 0x7fb3e0001980] Read frame with in pts 12550, out pts 502
[Parsed_fps_0 @ 0x7fb3e0001980] Writing frame with pts 501 to pts 501
bench:        1 user        0 sys        1 real decode_video 0:1 
bench:        0 user        0 sys        1 real decode_video 0:1 
[h264 @ 0x5569477d9300] nal_unit_type: 6(SEI), nal_ref_idc: 0
[h264 @ 0x5569477d9300] nal_unit_type: 1(Coded slice of a non-IDR picture), nal_ref_idc: 1
    Last message repeated 4 times
[Parsed_fps_0 @ 0x7fb3e0001980] Read frame with in pts 12575, out pts 503
[Parsed_fps_0 @ 0x7fb3e0001980] Writing frame with pts 502 to pts 502
bench:        2 user        0 sys        4 real decode_video 0:1 
bench:        0 user        2 sys        1 real decode_video 0:1 
[h264 @ 0x5569477d9300] nal_unit_type: 6(SEI), nal_ref_idc: 0
[h264 @ 0x5569477d9300] nal_unit_type: 1(Coded slice of a non-IDR picture), nal_ref_idc: 1
    Last message repeated 4 times
[Parsed_fps_0 @ 0x7fb3e0001980] Read frame with in pts 12600, out pts 504
[Parsed_fps_0 @ 0x7fb3e0001980] Writing frame with pts 503 to pts 503
bench:        0 user        1 sys        2 real decode_video 0:1 
bench:        0 user        1 sys        0 real decode_video 0:1 
[h264 @ 0x5569477d9300] nal_unit_type: 6(SEI), nal_ref_idc: 0
[h264 @ 0x5569477d9300] nal_unit_type: 1(Coded slice of a non-IDR picture), nal_ref_idc: 1
    Last message repeated 4 times
[Parsed_fps_0 @ 0x7fb3e0001980] Read frame with in pts 12625, out pts 505
[Parsed_fps_0 @ 0x7fb3e0001980] Writing frame with pts 504 to pts 504
bench:        0 user        1 sys        1 real decode_video 0:1 
bench:        0 user        1 sys        0 real decode_video 0:1 
[h264 @ 0x5569477d9300] nal_unit_type: 6(SEI), nal_ref_idc: 0
[h264 @ 0x5569477d9300] nal_unit_type: 1(Coded slice of a non-IDR picture), nal_ref_idc: 1
    Last message repeated 4 times
[Parsed_fps_0 @ 0x7fb3e0001980] Read frame with in pts 12650, out pts 506
[Parsed_fps_0 @ 0x7fb3e0001980] Writing frame with pts 505 to pts 505
bench:        0 user        1 sys        1 real decode_video 0:1 
bench:        0 user        0 sys        0 real decode_video 0:1 
[h264 @ 0x5569477d9300] nal_unit_type: 6(SEI), nal_ref_idc: 0
[h264 @ 0x5569477d9300] nal_unit_type: 1(Coded slice of a non-IDR picture), nal_ref_idc: 1
    Last message repeated 4 times
[Parsed_fps_0 @ 0x7fb3e0001980] Read frame with in pts 12675, out pts 507
[Parsed_fps_0 @ 0x7fb3e0001980] Writing frame with pts 506 to pts 506
bench:        0 user        1 sys        1 real decode_video 0:1 
bench:        0 user        0 sys        1 real decode_video 0:1 
[h264 @ 0x5569477d9300] nal_unit_type: 6(SEI), nal_ref_idc: 0
[h264 @ 0x5569477d9300] nal_unit_type: 1(Coded slice of a non-IDR picture), nal_ref_idc: 1
    Last message repeated 4 times
[Parsed_fps_0 @ 0x7fb3e0001980] Read frame with in pts 12700, out pts 508
[Parsed_fps_0 @ 0x7fb3e0001980] Writing frame with pts 507 to pts 507
bench:        0 user        0 sys        1 real decode_video 0:1 
bench:        0 user        0 sys        0 real decode_video 0:1 
[h264 @ 0x5569477d9300] nal_unit_type: 6(SEI), nal_ref_idc: 0
[h264 @ 0x5569477d9300] nal_unit_type: 1(Coded slice of a non-IDR picture), nal_ref_idc: 1
    Last message repeated 4 times
[Parsed_fps_0 @ 0x7fb3e0001980] Read frame with in pts 12725, out pts 509
[Parsed_fps_0 @ 0x7fb3e0001980] Writing frame with pts 508 to pts 508
bench:        0 user        1 sys        1 real decode_video 0:1 
    Last message repeated 1 times
[h264 @ 0x5569477d9300] nal_unit_type: 6(SEI), nal_ref_idc: 0
[h264 @ 0x5569477d9300] nal_unit_type: 1(Coded slice of a non-IDR picture), nal_ref_idc: 1
    Last message repeated 4 times
[Parsed_fps_0 @ 0x7fb3e0001980] Read frame with in pts 12750, out pts 510
[Parsed_fps_0 @ 0x7fb3e0001980] Writing frame with pts 509 to pts 509
bench:        0 user        1 sys        1 real decode_video 0:1 
bench:        0 user        0 sys        1 real decode_video 0:1 
[h264 @ 0x5569477d9300] nal_unit_type: 6(SEI), nal_ref_idc: 0
[h264 @ 0x5569477d9300] nal_unit_type: 5(IDR), nal_ref_idc: 1
    Last message repeated 1 times
[Parsed_fps_0 @ 0x7fb3e0001980] Read frame with in pts 12775, out pts 511
[Parsed_fps_0 @ 0x7fb3e0001980] Writing frame with pts 510 to pts 510
[h264 @ 0x5569477d9300] nal_unit_type: 5(IDR), nal_ref_idc: 1
    Last message repeated 2 times
bench:        2 user        0 sys        4 real decode_video 0:1 
bench:        1 user        0 sys        1 real decode_video 0:1 
[h264 @ 0x5569477d9300] nal_unit_type: 6(SEI), nal_ref_idc: 0
[h264 @ 0x5569477d9300] nal_unit_type: 1(Coded slice of a non-IDR picture), nal_ref_idc: 1
    Last message repeated 2 times
[Parsed_fps_0 @ 0x7fb3e0001980] Read frame with in pts 12800, out pts 512
[Parsed_fps_0 @ 0x7fb3e0001980] Writing frame with pts 511 to pts 511
[h264 @ 0x5569477d9300] nal_unit_type: 1(Coded slice of a non-IDR picture), nal_ref_idc: 1
    Last message repeated 1 times
bench:        0 user        0 sys        1 real decode_video 0:1 
bench:        1 user        0 sys        0 real decode_video 0:1 
[Parsed_fps_0 @ 0x7fb3e0001980] Read frame with in pts 12825, out pts 513
[Parsed_fps_0 @ 0x7fb3e0001980] Writing frame with pts 512 to pts 512
[h264 @ 0x5569477d9300] nal_unit_type: 6(SEI), nal_ref_idc: 0
[h264 @ 0x5569477d9300] nal_unit_type: 1(Coded slice of a non-IDR picture), nal_ref_idc: 1
    Last message repeated 4 times
bench:        0 user        0 sys        1 real decode_video 0:1 
    Last message repeated 1 times
[Parsed_fps_0 @ 0x7fb3e0001980] Read frame with in pts 12850, out pts 514
[Parsed_fps_0 @ 0x7fb3e0001980] Writing frame with pts 513 to pts 513
[h264 @ 0x5569477d9300] nal_unit_type: 6(SEI), nal_ref_idc: 0
[h264 @ 0x5569477d9300] nal_unit_type: 1(Coded slice of a non-IDR picture), nal_ref_idc: 1
    Last message repeated 4 times
bench:        0 user        1 sys        1 real decode_video 0:1 
bench:        0 user        1 sys        0 real decode_video 0:1 
[h264 @ 0x5569477d9300] nal_unit_type: 6(SEI), nal_ref_idc: 0
[h264 @ 0x5569477d9300] nal_unit_type: 1(Coded slice of a non-IDR picture), nal_ref_idc: 1
    Last message repeated 4 times
[Parsed_fps_0 @ 0x7fb3e0001980] Read frame with in pts 12875, out pts 515
[Parsed_fps_0 @ 0x7fb3e0001980] Writing frame with pts 514 to pts 514
bench:        0 user        1 sys        1 real decode_video 0:1 
bench:        0 user        0 sys        1 real decode_video 0:1 
[h264 @ 0x5569477d9300] nal_unit_type: 6(SEI), nal_ref_idc: 0
[h264 @ 0x5569477d9300] nal_unit_type: 1(Coded slice of a non-IDR picture), nal_ref_idc: 1
    Last message repeated 4 times
[Parsed_fps_0 @ 0x7fb3e0001980] Read frame with in pts 12900, out pts 516
[Parsed_fps_0 @ 0x7fb3e0001980] Writing frame with pts 515 to pts 515
bench:        0 user        0 sys        1 real decode_video 0:1 
bench:        0 user        0 sys        0 real decode_video 0:1 
[h264 @ 0x5569477d9300] nal_unit_type: 6(SEI), nal_ref_idc: 0
[Parsed_fps_0 @ 0x7fb3e0001980] Read frame with in pts 12925, out pts 517
[Parsed_fps_0 @ 0x7fb3e0001980] Writing frame with pts 516 to pts 516
[h264 @ 0x5569477d9300] nal_unit_type: 1(Coded slice of a non-IDR picture), nal_ref_idc: 1
    Last message repeated 4 times
bench:        0 user        1 sys        1 real decode_video 0:1 
    Last message repeated 1 times
[h264 @ 0x5569477d9300] nal_unit_type: 6(SEI), nal_ref_idc: 0
[h264 @ 0x5569477d9300] nal_unit_type: 1(Coded slice of a non-IDR picture), nal_ref_idc: 1
    Last message repeated 4 times
[Parsed_fps_0 @ 0x7fb3e0001980] Read frame with in pts 12950, out pts 518
[Parsed_fps_0 @ 0x7fb3e0001980] Writing frame with pts 517 to pts 517
bench:        0 user        1 sys        1 real decode_video 0:1 
bench:        0 user        0 sys        0 real decode_video 0:1 
[h264 @ 0x5569477d9300] nal_unit_type: 6(SEI), nal_ref_idc: 0
[h264 @ 0x5569477d9300] nal_unit_type: 1(Coded slice of a non-IDR picture), nal_ref_idc: 1
    Last message repeated 4 times
[Parsed_fps_0 @ 0x7fb3e0001980] Read frame with in pts 12975, out pts 519
[Parsed_fps_0 @ 0x7fb3e0001980] Writing frame with pts 518 to pts 518
bench:        0 user        1 sys        1 real decode_video 0:1 
    Last message repeated 1 times
[h264 @ 0x5569477d9300] nal_unit_type: 6(SEI), nal_ref_idc: 0
[h264 @ 0x5569477d9300] nal_unit_type: 1(Coded slice of a non-IDR picture), nal_ref_idc: 1
    Last message repeated 4 times
[Parsed_fps_0 @ 0x7fb3e0001980] Read frame with in pts 13000, out pts 520
[Parsed_fps_0 @ 0x7fb3e0001980] Writing frame with pts 519 to pts 519
bench:        0 user        1 sys        1 real decode_video 0:1 
bench:        0 user        0 sys        0 real decode_video 0:1 
[Parsed_fps_0 @ 0x7fb3e0001980] Read frame with in pts 13025, out pts 521
[h264 @ 0x5569477d9300] nal_unit_type: 6(SEI), nal_ref_idc: 0
[h264 @ 0x5569477d9300] nal_unit_type: 1(Coded slice of a non-IDR picture), nal_ref_idc: 1
    Last message repeated 4 times
[Parsed_fps_0 @ 0x7fb3e0001980] Writing frame with pts 520 to pts 520
bench:        0 user        2 sys        3 real decode_video 0:1 
bench:        0 user        1 sys        1 real decode_video 0:1 
[h264 @ 0x5569477d9300] nal_unit_type: 6(SEI), nal_ref_idc: 0
[h264 @ 0x5569477d9300] nal_unit_type: 1(Coded slice of a non-IDR picture), nal_ref_idc: 1
    Last message repeated 4 times
[Parsed_fps_0 @ 0x7fb3e0001980] Read frame with in pts 13050, out pts 522
[Parsed_fps_0 @ 0x7fb3e0001980] Writing frame with pts 521 to pts 521
bench:        0 user        0 sys        1 real decode_video 0:1 
bench:        0 user        1 sys        1 real decode_video 0:1 
[h264 @ 0x5569477d9300] nal_unit_type: 6(SEI), nal_ref_idc: 0
[h264 @ 0x5569477d9300] nal_unit_type: 1(Coded slice of a non-IDR picture), nal_ref_idc: 1
    Last message repeated 4 times
[Parsed_fps_0 @ 0x7fb3e0001980] Read frame with in pts 13075, out pts 523
[Parsed_fps_0 @ 0x7fb3e0001980] Writing frame with pts 522 to pts 522
bench:        0 user        1 sys        3 real decode_video 0:1 
bench:        0 user        0 sys        1 real decode_video 0:1 
[h264 @ 0x5569477d9300] nal_unit_type: 6(SEI), nal_ref_idc: 0
[h264 @ 0x5569477d9300] nal_unit_type: 1(Coded slice of a non-IDR picture), nal_ref_idc: 1
    Last message repeated 4 times
[Parsed_fps_0 @ 0x7fb3e0001980] Read frame with in pts 13100, out pts 524
[Parsed_fps_0 @ 0x7fb3e0001980] Writing frame with pts 523 to pts 523
bench:        0 user        1 sys        1 real decode_video 0:1 
bench:        0 user        0 sys        1 real decode_video 0:1 
[h264 @ 0x5569477d9300] nal_unit_type: 6(SEI), nal_ref_idc: 0
[h264 @ 0x5569477d9300] nal_unit_type: 1(Coded slice of a non-IDR picture), nal_ref_idc: 1
    Last message repeated 4 times
[Parsed_fps_0 @ 0x7fb3e0001980] Read frame with in pts 13125, out pts 525
[Parsed_fps_0 @ 0x7fb3e0001980] Writing frame with pts 524 to pts 524
bench:        0 user        1 sys        1 real decode_video 0:1 
bench:        0 user        0 sys        1 real decode_video 0:1 
[h264 @ 0x5569477d9300] nal_unit_type: 6(SEI), nal_ref_idc: 0
[h264 @ 0x5569477d9300] nal_unit_type: 1(Coded slice of a non-IDR picture), nal_ref_idc: 1
    Last message repeated 4 times
[Parsed_fps_0 @ 0x7fb3e0001980] Read frame with in pts 13150, out pts 526
[Parsed_fps_0 @ 0x7fb3e0001980] Writing frame with pts 525 to pts 525
bench:        0 user        1 sys        2 real decode_video 0:1 
bench:        0 user        1 sys        1 real decode_video 0:1 
[h264 @ 0x5569477d9300] nal_unit_type: 6(SEI), nal_ref_idc: 0
[h264 @ 0x5569477d9300] nal_unit_type: 1(Coded slice of a non-IDR picture), nal_ref_idc: 1
    Last message repeated 4 times
[Parsed_fps_0 @ 0x7fb3e0001980] Read frame with in pts 13175, out pts 527
[Parsed_fps_0 @ 0x7fb3e0001980] Writing frame with pts 526 to pts 526
bench:        1 user        0 sys        3 real decode_video 0:1 
bench:        1 user        0 sys        1 real decode_video 0:1 
[h264 @ 0x5569477d9300] nal_unit_type: 6(SEI), nal_ref_idc: 0
[h264 @ 0x5569477d9300] nal_unit_type: 1(Coded slice of a non-IDR picture), nal_ref_idc: 1
    Last message repeated 4 times
[Parsed_fps_0 @ 0x7fb3e0001980] Read frame with in pts 13200, out pts 528
[Parsed_fps_0 @ 0x7fb3e0001980] Writing frame with pts 527 to pts 527
bench:        1 user        0 sys        2 real decode_video 0:1 
bench:        1 user        0 sys        1 real decode_video 0:1 
[h264 @ 0x5569477d9300] nal_unit_type: 6(SEI), nal_ref_idc: 0
[h264 @ 0x5569477d9300] nal_unit_type: 1(Coded slice of a non-IDR picture), nal_ref_idc: 1
    Last message repeated 4 times
[Parsed_fps_0 @ 0x7fb3e0001980] Read frame with in pts 13225, out pts 529
[Parsed_fps_0 @ 0x7fb3e0001980] Writing frame with pts 528 to pts 528
bench:        1 user        0 sys        1 real decode_video 0:1 
bench:        1 user        0 sys        0 real decode_video 0:1 
[h264 @ 0x5569477d9300] nal_unit_type: 6(SEI), nal_ref_idc: 0
[h264 @ 0x5569477d9300] nal_unit_type: 1(Coded slice of a non-IDR picture), nal_ref_idc: 1
    Last message repeated 4 times
[Parsed_fps_0 @ 0x7fb3e0001980] Read frame with in pts 13250, out pts 530
[Parsed_fps_0 @ 0x7fb3e0001980] Writing frame with pts 529 to pts 529
bench:        1 user        0 sys        1 real decode_video 0:1 
    Last message repeated 1 times
[h264 @ 0x5569477d9300] nal_unit_type: 6(SEI), nal_ref_idc: 0
[h264 @ 0x5569477d9300] nal_unit_type: 1(Coded slice of a non-IDR picture), nal_ref_idc: 1
    Last message repeated 4 times
[Parsed_fps_0 @ 0x7fb3e0001980] Read frame with in pts 13275, out pts 531
[Parsed_fps_0 @ 0x7fb3e0001980] Writing frame with pts 530 to pts 530
bench:        1 user        0 sys        1 real decode_video 0:1 
bench:        0 user        0 sys        1 real decode_video 0:1 
[h264 @ 0x5569477d9300] nal_unit_type: 6(SEI), nal_ref_idc: 0
[h264 @ 0x5569477d9300] nal_unit_type: 1(Coded slice of a non-IDR picture), nal_ref_idc: 1
    Last message repeated 4 times
[Parsed_fps_0 @ 0x7fb3e0001980] Read frame with in pts 13300, out pts 532
[Parsed_fps_0 @ 0x7fb3e0001980] Writing frame with pts 531 to pts 531
bench:        1 user        0 sys        1 real decode_video 0:1 
bench:        1 user        0 sys        0 real decode_video 0:1 
[h264 @ 0x5569477d9300] nal_unit_type: 6(SEI), nal_ref_idc: 0
[h264 @ 0x5569477d9300] nal_unit_type: 1(Coded slice of a non-IDR picture), nal_ref_idc: 1
    Last message repeated 4 times
[Parsed_fps_0 @ 0x7fb3e0001980] Read frame with in pts 13325, out pts 533
[Parsed_fps_0 @ 0x7fb3e0001980] Writing frame with pts 532 to pts 532
bench:        0 user        0 sys        1 real decode_video 0:1 
bench:        1 user        0 sys        0 real decode_video 0:1 
[h264 @ 0x5569477d9300] nal_unit_type: 6(SEI), nal_ref_idc: 0
[h264 @ 0x5569477d9300] nal_unit_type: 1(Coded slice of a non-IDR picture), nal_ref_idc: 1
    Last message repeated 4 times
[Parsed_fps_0 @ 0x7fb3e0001980] Read frame with in pts 13350, out pts 534
[Parsed_fps_0 @ 0x7fb3e0001980] Writing frame with pts 533 to pts 533
bench:        1 user        0 sys        2 real decode_video 0:1 
bench:        0 user        0 sys        1 real decode_video 0:1 
[h264 @ 0x5569477d9300] nal_unit_type: 6(SEI), nal_ref_idc: 0
[h264 @ 0x5569477d9300] nal_unit_type: 1(Coded slice of a non-IDR picture), nal_ref_idc: 1
    Last message repeated 4 times
[Parsed_fps_0 @ 0x7fb3e0001980] Read frame with in pts 13375, out pts 535
[Parsed_fps_0 @ 0x7fb3e0001980] Writing frame with pts 534 to pts 534
bench:        1 user        0 sys        1 real decode_video 0:1 
    Last message repeated 1 times
[Parsed_fps_0 @ 0x7fb3e0001980] Read frame with in pts 13400, out pts 536
[Parsed_fps_0 @ 0x7fb3e0001980] Writing frame with pts 535 to pts 535
[h264 @ 0x5569477d9300] nal_unit_type: 6(SEI), nal_ref_idc: 0
[h264 @ 0x5569477d9300] nal_unit_type: 1(Coded slice of a non-IDR picture), nal_ref_idc: 1
    Last message repeated 4 times
bench:        1 user        0 sys        1 real decode_video 0:1 
bench:        1 user        0 sys        0 real decode_video 0:1 
[h264 @ 0x5569477d9300] nal_unit_type: 6(SEI), nal_ref_idc: 0
[Parsed_fps_0 @ 0x7fb3e0001980] Read frame with in pts 13425, out pts 537
[Parsed_fps_0 @ 0x7fb3e0001980] Writing frame with pts 536 to pts 536
[h264 @ 0x5569477d9300] nal_unit_type: 1(Coded slice of a non-IDR picture), nal_ref_idc: 1
    Last message repeated 4 times
bench:        1 user        0 sys        1 real decode_video 0:1 
bench:        1 user        0 sys        0 real decode_video 0:1 
[h264 @ 0x5569477d9300] nal_unit_type: 6(SEI), nal_ref_idc: 0
[h264 @ 0x5569477d9300] nal_unit_type: 1(Coded slice of a non-IDR picture), nal_ref_idc: 1
    Last message repeated 4 times
[Parsed_fps_0 @ 0x7fb3e0001980] Read frame with in pts 13450, out pts 538
[Parsed_fps_0 @ 0x7fb3e0001980] Writing frame with pts 537 to pts 537
bench:        1 user        0 sys        2 real decode_video 0:1 
bench:        1 user        0 sys        0 real decode_video 0:1 
[h264 @ 0x5569477d9300] nal_unit_type: 6(SEI), nal_ref_idc: 0
[h264 @ 0x5569477d9300] nal_unit_type: 1(Coded slice of a non-IDR picture), nal_ref_idc: 1
    Last message repeated 4 times
[Parsed_fps_0 @ 0x7fb3e0001980] Read frame with in pts 13475, out pts 539
[Parsed_fps_0 @ 0x7fb3e0001980] Writing frame with pts 538 to pts 538
bench:        1 user        0 sys        1 real decode_video 0:1 
    Last message repeated 1 times
[h264 @ 0x5569477d9300] nal_unit_type: 6(SEI), nal_ref_idc: 0
[h264 @ 0x5569477d9300] nal_unit_type: 1(Coded slice of a non-IDR picture), nal_ref_idc: 1
    Last message repeated 4 times
[Parsed_fps_0 @ 0x7fb3e0001980] Read frame with in pts 13500, out pts 540
[Parsed_fps_0 @ 0x7fb3e0001980] Writing frame with pts 539 to pts 539
bench:        0 user        0 sys        1 real decode_video 0:1 
bench:        0 user        0 sys        0 real decode_video 0:1 
[h264 @ 0x5569477d9300] nal_unit_type: 6(SEI), nal_ref_idc: 0
[h264 @ 0x5569477d9300] nal_unit_type: 1(Coded slice of a non-IDR picture), nal_ref_idc: 1
    Last message repeated 4 times
[Parsed_fps_0 @ 0x7fb3e0001980] Read frame with in pts 13525, out pts 541
[Parsed_fps_0 @ 0x7fb3e0001980] Writing frame with pts 540 to pts 540
bench:        1 user        0 sys        1 real decode_video 0:1 
bench:        0 user        1 sys        1 real decode_video 0:1 
[h264 @ 0x5569477d9300] nal_unit_type: 6(SEI), nal_ref_idc: 0
[h264 @ 0x5569477d9300] nal_unit_type: 1(Coded slice of a non-IDR picture), nal_ref_idc: 1
    Last message repeated 4 times
[Parsed_fps_0 @ 0x7fb3e0001980] Read frame with in pts 13550, out pts 542
[Parsed_fps_0 @ 0x7fb3e0001980] Writing frame with pts 541 to pts 541
bench:        1 user        0 sys        2 real decode_video 0:1 
bench:        1 user        0 sys        1 real decode_video 0:1 
[h264 @ 0x5569477d9300] nal_unit_type: 6(SEI), nal_ref_idc: 0
[h264 @ 0x5569477d9300] nal_unit_type: 1(Coded slice of a non-IDR picture), nal_ref_idc: 1
    Last message repeated 4 times
[Parsed_fps_0 @ 0x7fb3e0001980] Read frame with in pts 13575, out pts 543
[Parsed_fps_0 @ 0x7fb3e0001980] Writing frame with pts 542 to pts 542
bench:        1 user        0 sys        1 real decode_video 0:1 
bench:        0 user        0 sys        1 real decode_video 0:1 
[h264 @ 0x5569477d9300] nal_unit_type: 6(SEI), nal_ref_idc: 0
[h264 @ 0x5569477d9300] nal_unit_type: 1(Coded slice of a non-IDR picture), nal_ref_idc: 1
    Last message repeated 4 times
[Parsed_fps_0 @ 0x7fb3e0001980] Read frame with in pts 13600, out pts 544
[Parsed_fps_0 @ 0x7fb3e0001980] Writing frame with pts 543 to pts 543
bench:        0 user        0 sys        1 real decode_video 0:1 
    Last message repeated 1 times
[h264 @ 0x5569477d9300] nal_unit_type: 6(SEI), nal_ref_idc: 0
[h264 @ 0x5569477d9300] nal_unit_type: 1(Coded slice of a non-IDR picture), nal_ref_idc: 1
    Last message repeated 4 times
[Parsed_fps_0 @ 0x7fb3e0001980] Read frame with in pts 13625, out pts 545
[Parsed_fps_0 @ 0x7fb3e0001980] Writing frame with pts 544 to pts 544
bench:        1 user        0 sys        2 real decode_video 0:1 
bench:        1 user        0 sys        1 real decode_video 0:1 
[h264 @ 0x5569477d9300] nal_unit_type: 6(SEI), nal_ref_idc: 0
[h264 @ 0x5569477d9300] nal_unit_type: 1(Coded slice of a non-IDR picture), nal_ref_idc: 1
    Last message repeated 4 times
[Parsed_fps_0 @ 0x7fb3e0001980] Read frame with in pts 13650, out pts 546
[Parsed_fps_0 @ 0x7fb3e0001980] Writing frame with pts 545 to pts 545
bench:        0 user        0 sys        1 real decode_video 0:1 
bench:        1 user        0 sys        0 real decode_video 0:1 
[h264 @ 0x5569477d9300] nal_unit_type: 6(SEI), nal_ref_idc: 0
[h264 @ 0x5569477d9300] nal_unit_type: 1(Coded slice of a non-IDR picture), nal_ref_idc: 1
    Last message repeated 4 times
[Parsed_fps_0 @ 0x7fb3e0001980] Read frame with in pts 13675, out pts 547
[Parsed_fps_0 @ 0x7fb3e0001980] Writing frame with pts 546 to pts 546
bench:        1 user        0 sys        1 real decode_video 0:1 
    Last message repeated 1 times
[h264 @ 0x5569477d9300] nal_unit_type: 6(SEI), nal_ref_idc: 0
[h264 @ 0x5569477d9300] nal_unit_type: 1(Coded slice of a non-IDR picture), nal_ref_idc: 1
    Last message repeated 4 times
[Parsed_fps_0 @ 0x7fb3e0001980] Read frame with in pts 13700, out pts 548
[Parsed_fps_0 @ 0x7fb3e0001980] Writing frame with pts 547 to pts 547
bench:        0 user        0 sys        0 real decode_video 0:1 
bench:        1 user        0 sys        1 real decode_video 0:1 
[h264 @ 0x5569477d9300] nal_unit_type: 6(SEI), nal_ref_idc: 0
[h264 @ 0x5569477d9300] nal_unit_type: 1(Coded slice of a non-IDR picture), nal_ref_idc: 1
    Last message repeated 4 times
[Parsed_fps_0 @ 0x7fb3e0001980] Read frame with in pts 13725, out pts 549
[Parsed_fps_0 @ 0x7fb3e0001980] Writing frame with pts 548 to pts 548
bench:        1 user        0 sys        1 real decode_video 0:1 
bench:        0 user        0 sys        1 real decode_video 0:1 
[h264 @ 0x5569477d9300] nal_unit_type: 6(SEI), nal_ref_idc: 0
[h264 @ 0x5569477d9300] nal_unit_type: 1(Coded slice of a non-IDR picture), nal_ref_idc: 1
    Last message repeated 4 times
[Parsed_fps_0 @ 0x7fb3e0001980] Read frame with in pts 13750, out pts 550
[Parsed_fps_0 @ 0x7fb3e0001980] Writing frame with pts 549 to pts 549
bench:        1 user        0 sys        1 real decode_video 0:1 
bench:        1 user        0 sys        0 real decode_video 0:1 
[h264 @ 0x5569477d9300] nal_unit_type: 6(SEI), nal_ref_idc: 0
[h264 @ 0x5569477d9300] nal_unit_type: 1(Coded slice of a non-IDR picture), nal_ref_idc: 1
    Last message repeated 4 times
[Parsed_fps_0 @ 0x7fb3e0001980] Read frame with in pts 13775, out pts 551
[Parsed_fps_0 @ 0x7fb3e0001980] Writing frame with pts 550 to pts 550
bench:        1 user        0 sys        1 real decode_video 0:1 
bench:        1 user        0 sys        0 real decode_video 0:1 
[h264 @ 0x5569477d9300] nal_unit_type: 6(SEI), nal_ref_idc: 0
[h264 @ 0x5569477d9300] nal_unit_type: 1(Coded slice of a non-IDR picture), nal_ref_idc: 1
    Last message repeated 4 times
[Parsed_fps_0 @ 0x7fb3e0001980] Read frame with in pts 13800, out pts 552
[Parsed_fps_0 @ 0x7fb3e0001980] Writing frame with pts 551 to pts 551
bench:        2 user        0 sys        3 real decode_video 0:1 
bench:        1 user        0 sys        0 real decode_video 0:1 
[h264 @ 0x5569477d9300] nal_unit_type: 6(SEI), nal_ref_idc: 0
[h264 @ 0x5569477d9300] nal_unit_type: 1(Coded slice of a non-IDR picture), nal_ref_idc: 1
    Last message repeated 4 times
[Parsed_fps_0 @ 0x7fb3e0001980] Read frame with in pts 13825, out pts 553
[Parsed_fps_0 @ 0x7fb3e0001980] Writing frame with pts 552 to pts 552
bench:        0 user        0 sys        1 real decode_video 0:1 
bench:        0 user        0 sys        0 real decode_video 0:1 
[h264 @ 0x5569477d9300] nal_unit_type: 6(SEI), nal_ref_idc: 0
[h264 @ 0x5569477d9300] nal_unit_type: 1(Coded slice of a non-IDR picture), nal_ref_idc: 1
    Last message repeated 4 times
[Parsed_fps_0 @ 0x7fb3e0001980] Read frame with in pts 13850, out pts 554
[Parsed_fps_0 @ 0x7fb3e0001980] Writing frame with pts 553 to pts 553
bench:        1 user        0 sys        1 real decode_video 0:1 
    Last message repeated 1 times
[h264 @ 0x5569477d9300] nal_unit_type: 6(SEI), nal_ref_idc: 0
[h264 @ 0x5569477d9300] nal_unit_type: 1(Coded slice of a non-IDR picture), nal_ref_idc: 1
    Last message repeated 4 times
[Parsed_fps_0 @ 0x7fb3e0001980] Read frame with in pts 13875, out pts 555
[Parsed_fps_0 @ 0x7fb3e0001980] Writing frame with pts 554 to pts 554
bench:        0 user        0 sys        1 real decode_video 0:1 
bench:        0 user        0 sys        0 real decode_video 0:1 
[h264 @ 0x5569477d9300] nal_unit_type: 6(SEI), nal_ref_idc: 0
[h264 @ 0x5569477d9300] nal_unit_type: 1(Coded slice of a non-IDR picture), nal_ref_idc: 1
    Last message repeated 4 times
[Parsed_fps_0 @ 0x7fb3e0001980] Read frame with in pts 13900, out pts 556
[Parsed_fps_0 @ 0x7fb3e0001980] Writing frame with pts 555 to pts 555
bench:        0 user        0 sys        1 real decode_video 0:1 
    Last message repeated 1 times
[h264 @ 0x5569477d9300] nal_unit_type: 6(SEI), nal_ref_idc: 0
[h264 @ 0x5569477d9300] nal_unit_type: 1(Coded slice of a non-IDR picture), nal_ref_idc: 1
    Last message repeated 4 times
[Parsed_fps_0 @ 0x7fb3e0001980] Read frame with in pts 13925, out pts 557
[Parsed_fps_0 @ 0x7fb3e0001980] Writing frame with pts 556 to pts 556
bench:        1 user        0 sys        1 real decode_video 0:1 
bench:        1 user        0 sys        0 real decode_video 0:1 
[h264 @ 0x5569477d9300] nal_unit_type: 6(SEI), nal_ref_idc: 0
[h264 @ 0x5569477d9300] nal_unit_type: 1(Coded slice of a non-IDR picture), nal_ref_idc: 1
    Last message repeated 4 times
[Parsed_fps_0 @ 0x7fb3e0001980] Read frame with in pts 13950, out pts 558
[Parsed_fps_0 @ 0x7fb3e0001980] Writing frame with pts 557 to pts 557
bench:        1 user        0 sys        2 real decode_video 0:1 
bench:        1 user        0 sys        1 real decode_video 0:1 
[h264 @ 0x5569477d9300] nal_unit_type: 6(SEI), nal_ref_idc: 0
[h264 @ 0x5569477d9300] nal_unit_type: 1(Coded slice of a non-IDR picture), nal_ref_idc: 1
    Last message repeated 4 times
[Parsed_fps_0 @ 0x7fb3e0001980] Read frame with in pts 13975, out pts 559
[Parsed_fps_0 @ 0x7fb3e0001980] Writing frame with pts 558 to pts 558
bench:        1 user        0 sys        0 real decode_video 0:1 
bench:        1 user        0 sys        1 real decode_video 0:1 
[h264 @ 0x5569477d9300] nal_unit_type: 6(SEI), nal_ref_idc: 0
[h264 @ 0x5569477d9300] nal_unit_type: 1(Coded slice of a non-IDR picture), nal_ref_idc: 1
    Last message repeated 4 times
[Parsed_fps_0 @ 0x7fb3e0001980] Read frame with in pts 14000, out pts 560
[Parsed_fps_0 @ 0x7fb3e0001980] Writing frame with pts 559 to pts 559
bench:        1 user        0 sys        3 real decode_video 0:1 
bench:        1 user        0 sys        1 real decode_video 0:1 
[h264 @ 0x5569477d9300] nal_unit_type: 6(SEI), nal_ref_idc: 0
[h264 @ 0x5569477d9300] nal_unit_type: 1(Coded slice of a non-IDR picture), nal_ref_idc: 1
    Last message repeated 4 times
[Parsed_fps_0 @ 0x7fb3e0001980] Read frame with in pts 14025, out pts 561
[Parsed_fps_0 @ 0x7fb3e0001980] Writing frame with pts 560 to pts 560
bench:        1 user        0 sys        2 real decode_video 0:1 
bench:        1 user        0 sys        1 real decode_video 0:1 
[h264 @ 0x5569477d9300] nal_unit_type: 6(SEI), nal_ref_idc: 0
[h264 @ 0x5569477d9300] nal_unit_type: 1(Coded slice of a non-IDR picture), nal_ref_idc: 1
    Last message repeated 2 times
[Parsed_fps_0 @ 0x7fb3e0001980] Read frame with in pts 14050, out pts 562
[Parsed_fps_0 @ 0x7fb3e0001980] Writing frame with pts 561 to pts 561
[h264 @ 0x5569477d9300] nal_unit_type: 1(Coded slice of a non-IDR picture), nal_ref_idc: 1
    Last message repeated 1 times
bench:        1 user        0 sys        1 real decode_video 0:1 
    Last message repeated 1 times
[h264 @ 0x5569477d9300] nal_unit_type: 6(SEI), nal_ref_idc: 0
[h264 @ 0x5569477d9300] nal_unit_type: 1(Coded slice of a non-IDR picture), nal_ref_idc: 1
    Last message repeated 4 times
[Parsed_fps_0 @ 0x7fb3e0001980] Read frame with in pts 14075, out pts 563
[Parsed_fps_0 @ 0x7fb3e0001980] Writing frame with pts 562 to pts 562
bench:        1 user        0 sys        1 real decode_video 0:1 
    Last message repeated 1 times
[h264 @ 0x5569477d9300] nal_unit_type: 6(SEI), nal_ref_idc: 0
[h264 @ 0x5569477d9300] nal_unit_type: 1(Coded slice of a non-IDR picture), nal_ref_idc: 1
    Last message repeated 4 times
[Parsed_fps_0 @ 0x7fb3e0001980] Read frame with in pts 14100, out pts 564
[Parsed_fps_0 @ 0x7fb3e0001980] Writing frame with pts 563 to pts 563
bench:        1 user        0 sys        3 real decode_video 0:1 
bench:        1 user        0 sys        1 real decode_video 0:1 
[h264 @ 0x5569477d9300] nal_unit_type: 6(SEI), nal_ref_idc: 0
[h264 @ 0x5569477d9300] nal_unit_type: 1(Coded slice of a non-IDR picture), nal_ref_idc: 1
    Last message repeated 4 times
[Parsed_fps_0 @ 0x7fb3e0001980] Read frame with in pts 14125, out pts 565
[Parsed_fps_0 @ 0x7fb3e0001980] Writing frame with pts 564 to pts 564
bench:        2 user        0 sys        3 real decode_video 0:1 
bench:        1 user        0 sys        1 real decode_video 0:1 
[h264 @ 0x5569477d9300] nal_unit_type: 6(SEI), nal_ref_idc: 0
[h264 @ 0x5569477d9300] nal_unit_type: 1(Coded slice of a non-IDR picture), nal_ref_idc: 1
    Last message repeated 4 times
[Parsed_fps_0 @ 0x7fb3e0001980] Read frame with in pts 14150, out pts 566
[Parsed_fps_0 @ 0x7fb3e0001980] Writing frame with pts 565 to pts 565
bench:        1 user        0 sys        2 real decode_video 0:1 
bench:        1 user        0 sys        1 real decode_video 0:1 
[h264 @ 0x5569477d9300] nal_unit_type: 6(SEI), nal_ref_idc: 0
[h264 @ 0x5569477d9300] nal_unit_type: 1(Coded slice of a non-IDR picture), nal_ref_idc: 1
    Last message repeated 4 times
[Parsed_fps_0 @ 0x7fb3e0001980] Read frame with in pts 14175, out pts 567
[Parsed_fps_0 @ 0x7fb3e0001980] Writing frame with pts 566 to pts 566
bench:        1 user        0 sys        2 real decode_video 0:1 
bench:        1 user        0 sys        0 real decode_video 0:1 
[h264 @ 0x5569477d9300] nal_unit_type: 6(SEI), nal_ref_idc: 0
[h264 @ 0x5569477d9300] nal_unit_type: 1(Coded slice of a non-IDR picture), nal_ref_idc: 1
    Last message repeated 4 times
[Parsed_fps_0 @ 0x7fb3e0001980] Read frame with in pts 14200, out pts 568
[Parsed_fps_0 @ 0x7fb3e0001980] Writing frame with pts 567 to pts 567
bench:        0 user        0 sys        1 real decode_video 0:1 
bench:        0 user        0 sys        0 real decode_video 0:1 
[h264 @ 0x5569477d9300] nal_unit_type: 6(SEI), nal_ref_idc: 0
[h264 @ 0x5569477d9300] nal_unit_type: 1(Coded slice of a non-IDR picture), nal_ref_idc: 1
    Last message repeated 4 times
[Parsed_fps_0 @ 0x7fb3e0001980] Read frame with in pts 14225, out pts 569
[Parsed_fps_0 @ 0x7fb3e0001980] Writing frame with pts 568 to pts 568
bench:        1 user        0 sys        1 real decode_video 0:1 
bench:        0 user        0 sys        0 real decode_video 0:1 
[h264 @ 0x5569477d9300] nal_unit_type: 6(SEI), nal_ref_idc: 0
[h264 @ 0x5569477d9300] nal_unit_type: 1(Coded slice of a non-IDR picture), nal_ref_idc: 1
    Last message repeated 4 times
[Parsed_fps_0 @ 0x7fb3e0001980] Read frame with in pts 14250, out pts 570
[Parsed_fps_0 @ 0x7fb3e0001980] Writing frame with pts 569 to pts 569
bench:        0 user        0 sys        1 real decode_video 0:1 
bench:        0 user        0 sys        0 real decode_video 0:1 
[h264 @ 0x5569477d9300] nal_unit_type: 6(SEI), nal_ref_idc: 0
[h264 @ 0x5569477d9300] nal_unit_type: 1(Coded slice of a non-IDR picture), nal_ref_idc: 1
    Last message repeated 4 times
[Parsed_fps_0 @ 0x7fb3e0001980] Read frame with in pts 14275, out pts 571
[Parsed_fps_0 @ 0x7fb3e0001980] Writing frame with pts 570 to pts 570
bench:        1 user        0 sys        1 real decode_video 0:1 
bench:        1 user        0 sys        0 real decode_video 0:1 
[h264 @ 0x5569477d9300] nal_unit_type: 6(SEI), nal_ref_idc: 0
[Parsed_fps_0 @ 0x7fb3e0001980] Read frame with in pts 14300, out pts 572
[Parsed_fps_0 @ 0x7fb3e0001980] Writing frame with pts 571 to pts 571
[h264 @ 0x5569477d9300] nal_unit_type: 1(Coded slice of a non-IDR picture), nal_ref_idc: 1
    Last message repeated 4 times
bench:        1 user        0 sys        1 real decode_video 0:1 
bench:        1 user        0 sys        0 real decode_video 0:1 
[h264 @ 0x5569477d9300] nal_unit_type: 6(SEI), nal_ref_idc: 0
[h264 @ 0x5569477d9300] nal_unit_type: 1(Coded slice of a non-IDR picture), nal_ref_idc: 1
    Last message repeated 4 times
[Parsed_fps_0 @ 0x7fb3e0001980] Read frame with in pts 14325, out pts 573
[Parsed_fps_0 @ 0x7fb3e0001980] Writing frame with pts 572 to pts 572
bench:        1 user        0 sys        2 real decode_video 0:1 
bench:        0 user        0 sys        1 real decode_video 0:1 
[h264 @ 0x5569477d9300] nal_unit_type: 6(SEI), nal_ref_idc: 0
[h264 @ 0x5569477d9300] nal_unit_type: 1(Coded slice of a non-IDR picture), nal_ref_idc: 1
    Last message repeated 4 times
[Parsed_fps_0 @ 0x7fb3e0001980] Read frame with in pts 14350, out pts 574
[Parsed_fps_0 @ 0x7fb3e0001980] Writing frame with pts 573 to pts 573
bench:        0 user        0 sys        1 real decode_video 0:1 
    Last message repeated 1 times
[h264 @ 0x5569477d9300] nal_unit_type: 6(SEI), nal_ref_idc: 0
[h264 @ 0x5569477d9300] nal_unit_type: 5(IDR), nal_ref_idc: 1
    Last message repeated 4 times
[Parsed_fps_0 @ 0x7fb3e0001980] Read frame with in pts 14375, out pts 575
[Parsed_fps_0 @ 0x7fb3e0001980] Writing frame with pts 574 to pts 574
bench:        2 user        0 sys        2 real decode_video 0:1 
bench:        1 user        0 sys        0 real decode_video 0:1 
[h264 @ 0x5569477d9300] nal_unit_type: 6(SEI), nal_ref_idc: 0
[h264 @ 0x5569477d9300] nal_unit_type: 1(Coded slice of a non-IDR picture), nal_ref_idc: 1
    Last message repeated 4 times
[Parsed_fps_0 @ 0x7fb3e0001980] Read frame with in pts 14400, out pts 576
[Parsed_fps_0 @ 0x7fb3e0001980] Writing frame with pts 575 to pts 575
bench:        1 user        0 sys        1 real decode_video 0:1 
bench:        0 user        0 sys        1 real decode_video 0:1 
[h264 @ 0x5569477d9300] nal_unit_type: 6(SEI), nal_ref_idc: 0
[h264 @ 0x5569477d9300] nal_unit_type: 1(Coded slice of a non-IDR picture), nal_ref_idc: 1
    Last message repeated 4 times
[Parsed_fps_0 @ 0x7fb3e0001980] Read frame with in pts 14425, out pts 577
[Parsed_fps_0 @ 0x7fb3e0001980] Writing frame with pts 576 to pts 576
bench:        1 user        0 sys        1 real decode_video 0:1 
    Last message repeated 1 times
[h264 @ 0x5569477d9300] nal_unit_type: 6(SEI), nal_ref_idc: 0
[h264 @ 0x5569477d9300] nal_unit_type: 1(Coded slice of a non-IDR picture), nal_ref_idc: 1
    Last message repeated 4 times
[Parsed_fps_0 @ 0x7fb3e0001980] Read frame with in pts 14450, out pts 578
[Parsed_fps_0 @ 0x7fb3e0001980] Writing frame with pts 577 to pts 577
bench:        1 user        0 sys        1 real decode_video 0:1 
bench:        1 user        0 sys        0 real decode_video 0:1 
[h264 @ 0x5569477d9300] nal_unit_type: 6(SEI), nal_ref_idc: 0
[h264 @ 0x5569477d9300] nal_unit_type: 1(Coded slice of a non-IDR picture), nal_ref_idc: 1
    Last message repeated 4 times
[Parsed_fps_0 @ 0x7fb3e0001980] Read frame with in pts 14475, out pts 579
[Parsed_fps_0 @ 0x7fb3e0001980] Writing frame with pts 578 to pts 578
bench:        1 user        0 sys        2 real decode_video 0:1 
bench:        1 user        0 sys        0 real decode_video 0:1 
[h264 @ 0x5569477d9300] nal_unit_type: 6(SEI), nal_ref_idc: 0
[h264 @ 0x5569477d9300] nal_unit_type: 1(Coded slice of a non-IDR picture), nal_ref_idc: 1
    Last message repeated 4 times
[Parsed_fps_0 @ 0x7fb3e0001980] Read frame with in pts 14500, out pts 580
[Parsed_fps_0 @ 0x7fb3e0001980] Writing frame with pts 579 to pts 579
bench:        0 user        0 sys        0 real decode_video 0:1 
    Last message repeated 1 times
[h264 @ 0x5569477d9300] nal_unit_type: 6(SEI), nal_ref_idc: 0
[h264 @ 0x5569477d9300] nal_unit_type: 1(Coded slice of a non-IDR picture), nal_ref_idc: 1
    Last message repeated 4 times
[Parsed_fps_0 @ 0x7fb3e0001980] Read frame with in pts 14525, out pts 581
[Parsed_fps_0 @ 0x7fb3e0001980] Writing frame with pts 580 to pts 580
bench:        0 user        0 sys        1 real decode_video 0:1 
bench:        1 user        0 sys        1 real decode_video 0:1 
[h264 @ 0x5569477d9300] nal_unit_type: 6(SEI), nal_ref_idc: 0
[h264 @ 0x5569477d9300] nal_unit_type: 1(Coded slice of a non-IDR picture), nal_ref_idc: 1
    Last message repeated 4 times
[Parsed_fps_0 @ 0x7fb3e0001980] Read frame with in pts 14550, out pts 582
[Parsed_fps_0 @ 0x7fb3e0001980] Writing frame with pts 581 to pts 581
bench:        1 user        0 sys        1 real decode_video 0:1 
    Last message repeated 1 times
[h264 @ 0x5569477d9300] nal_unit_type: 6(SEI), nal_ref_idc: 0
[h264 @ 0x5569477d9300] nal_unit_type: 1(Coded slice of a non-IDR picture), nal_ref_idc: 1
    Last message repeated 4 times
[Parsed_fps_0 @ 0x7fb3e0001980] Read frame with in pts 14575, out pts 583
[Parsed_fps_0 @ 0x7fb3e0001980] Writing frame with pts 582 to pts 582
bench:        0 user        0 sys        1 real decode_video 0:1 
bench:        0 user        0 sys        0 real decode_video 0:1 
[h264 @ 0x5569477d9300] nal_unit_type: 6(SEI), nal_ref_idc: 0
[h264 @ 0x5569477d9300] nal_unit_type: 1(Coded slice of a non-IDR picture), nal_ref_idc: 1
    Last message repeated 4 times
[Parsed_fps_0 @ 0x7fb3e0001980] Read frame with in pts 14600, out pts 584
[Parsed_fps_0 @ 0x7fb3e0001980] Writing frame with pts 583 to pts 583
bench:        1 user        0 sys        1 real decode_video 0:1 
    Last message repeated 1 times
[h264 @ 0x5569477d9300] nal_unit_type: 6(SEI), nal_ref_idc: 0
[h264 @ 0x5569477d9300] nal_unit_type: 1(Coded slice of a non-IDR picture), nal_ref_idc: 1
    Last message repeated 4 times
[Parsed_fps_0 @ 0x7fb3e0001980] Read frame with in pts 14625, out pts 585
[Parsed_fps_0 @ 0x7fb3e0001980] Writing frame with pts 584 to pts 584
bench:        1 user        0 sys        1 real decode_video 0:1 
bench:        1 user        0 sys        0 real decode_video 0:1 
[h264 @ 0x5569477d9300] nal_unit_type: 6(SEI), nal_ref_idc: 0
[h264 @ 0x5569477d9300] nal_unit_type: 1(Coded slice of a non-IDR picture), nal_ref_idc: 1
    Last message repeated 4 times
[Parsed_fps_0 @ 0x7fb3e0001980] Read frame with in pts 14650, out pts 586
[Parsed_fps_0 @ 0x7fb3e0001980] Writing frame with pts 585 to pts 585
bench:        0 user        0 sys        2 real decode_video 0:1 
bench:        1 user        0 sys        0 real decode_video 0:1 
[h264 @ 0x5569477d9300] nal_unit_type: 6(SEI), nal_ref_idc: 0
[h264 @ 0x5569477d9300] nal_unit_type: 1(Coded slice of a non-IDR picture), nal_ref_idc: 1
    Last message repeated 4 times
[Parsed_fps_0 @ 0x7fb3e0001980] Read frame with in pts 14675, out pts 587
[Parsed_fps_0 @ 0x7fb3e0001980] Writing frame with pts 586 to pts 586
bench:        0 user        0 sys        1 real decode_video 0:1 
    Last message repeated 1 times
[h264 @ 0x5569477d9300] nal_unit_type: 6(SEI), nal_ref_idc: 0
[h264 @ 0x5569477d9300] nal_unit_type: 1(Coded slice of a non-IDR picture), nal_ref_idc: 1
    Last message repeated 4 times
[Parsed_fps_0 @ 0x7fb3e0001980] Read frame with in pts 14700, out pts 588
[Parsed_fps_0 @ 0x7fb3e0001980] Writing frame with pts 587 to pts 587
bench:        1 user        0 sys        1 real decode_video 0:1 
[Parsed_fps_0 @ 0x7fb3e0001980] Read frame with in pts 14725, out pts 589
[Parsed_fps_0 @ 0x7fb3e0001980] Writing frame with pts 588 to pts 588
bench:        1 user        0 sys        1 real decode_video 0:1 
[h264 @ 0x5569477d9300] nal_unit_type: 6(SEI), nal_ref_idc: 0
[h264 @ 0x5569477d9300] nal_unit_type: 1(Coded slice of a non-IDR picture), nal_ref_idc: 1
    Last message repeated 4 times
bench:        2 user        0 sys        3 real decode_video 0:1 
bench:        1 user        0 sys        0 real decode_video 0:1 
[h264 @ 0x5569477d9300] nal_unit_type: 6(SEI), nal_ref_idc: 0
[h264 @ 0x5569477d9300] nal_unit_type: 1(Coded slice of a non-IDR picture), nal_ref_idc: 1
    Last message repeated 4 times
[Parsed_fps_0 @ 0x7fb3e0001980] Read frame with in pts 14750, out pts 590
[Parsed_fps_0 @ 0x7fb3e0001980] Writing frame with pts 589 to pts 589
bench:        1 user        0 sys        2 real decode_video 0:1 
bench:        1 user        0 sys        1 real decode_video 0:1 
[h264 @ 0x5569477d9300] nal_unit_type: 6(SEI), nal_ref_idc: 0
[h264 @ 0x5569477d9300] nal_unit_type: 1(Coded slice of a non-IDR picture), nal_ref_idc: 1
    Last message repeated 4 times
[Parsed_fps_0 @ 0x7fb3e0001980] Read frame with in pts 14775, out pts 591
[Parsed_fps_0 @ 0x7fb3e0001980] Writing frame with pts 590 to pts 590
bench:        1 user        0 sys        1 real decode_video 0:1 
bench:        0 user        0 sys        1 real decode_video 0:1 
[h264 @ 0x5569477d9300] nal_unit_type: 6(SEI), nal_ref_idc: 0
[h264 @ 0x5569477d9300] nal_unit_type: 1(Coded slice of a non-IDR picture), nal_ref_idc: 1
    Last message repeated 4 times
[Parsed_fps_0 @ 0x7fb3e0001980] Read frame with in pts 14800, out pts 592
[Parsed_fps_0 @ 0x7fb3e0001980] Writing frame with pts 591 to pts 591
bench:        1 user        0 sys        1 real decode_video 0:1 
bench:        0 user        0 sys        0 real decode_video 0:1 
[h264 @ 0x5569477d9300] nal_unit_type: 6(SEI), nal_ref_idc: 0
[h264 @ 0x5569477d9300] nal_unit_type: 1(Coded slice of a non-IDR picture), nal_ref_idc: 1
    Last message repeated 4 times
[Parsed_fps_0 @ 0x7fb3e0001980] Read frame with in pts 14825, out pts 593
[Parsed_fps_0 @ 0x7fb3e0001980] Writing frame with pts 592 to pts 592
bench:        1 user        0 sys        1 real decode_video 0:1 
bench:        0 user        0 sys        0 real decode_video 0:1 
[h264 @ 0x5569477d9300] nal_unit_type: 6(SEI), nal_ref_idc: 0
[h264 @ 0x5569477d9300] nal_unit_type: 1(Coded slice of a non-IDR picture), nal_ref_idc: 1
    Last message repeated 4 times
[Parsed_fps_0 @ 0x7fb3e0001980] Read frame with in pts 14850, out pts 594
[Parsed_fps_0 @ 0x7fb3e0001980] Writing frame with pts 593 to pts 593
bench:        1 user        0 sys        1 real decode_video 0:1 
bench:        0 user        0 sys        1 real decode_video 0:1 
[h264 @ 0x5569477d9300] nal_unit_type: 6(SEI), nal_ref_idc: 0
[h264 @ 0x5569477d9300] nal_unit_type: 1(Coded slice of a non-IDR picture), nal_ref_idc: 1
    Last message repeated 4 times
[Parsed_fps_0 @ 0x7fb3e0001980] Read frame with in pts 14875, out pts 595
[Parsed_fps_0 @ 0x7fb3e0001980] Writing frame with pts 594 to pts 594
bench:        1 user        0 sys        1 real decode_video 0:1 
    Last message repeated 1 times
[h264 @ 0x5569477d9300] nal_unit_type: 6(SEI), nal_ref_idc: 0
[h264 @ 0x5569477d9300] nal_unit_type: 1(Coded slice of a non-IDR picture), nal_ref_idc: 1
    Last message repeated 4 times
[Parsed_fps_0 @ 0x7fb3e0001980] Read frame with in pts 14900, out pts 596
[Parsed_fps_0 @ 0x7fb3e0001980] Writing frame with pts 595 to pts 595
bench:        1 user        0 sys        1 real decode_video 0:1 
    Last message repeated 1 times
[h264 @ 0x5569477d9300] nal_unit_type: 6(SEI), nal_ref_idc: 0
[h264 @ 0x5569477d9300] nal_unit_type: 1(Coded slice of a non-IDR picture), nal_ref_idc: 1
    Last message repeated 4 times
[Parsed_fps_0 @ 0x7fb3e0001980] Read frame with in pts 14925, out pts 597
[Parsed_fps_0 @ 0x7fb3e0001980] Writing frame with pts 596 to pts 596
bench:        1 user        0 sys        3 real decode_video 0:1 
bench:        0 user        0 sys        1 real decode_video 0:1 
[h264 @ 0x5569477d9300] nal_unit_type: 6(SEI), nal_ref_idc: 0
[h264 @ 0x5569477d9300] nal_unit_type: 1(Coded slice of a non-IDR picture), nal_ref_idc: 1
    Last message repeated 4 times
[Parsed_fps_0 @ 0x7fb3e0001980] Read frame with in pts 14950, out pts 598
[Parsed_fps_0 @ 0x7fb3e0001980] Writing frame with pts 597 to pts 597
bench:        1 user        0 sys        1 real decode_video 0:1 
    Last message repeated 1 times
[h264 @ 0x5569477d9300] nal_unit_type: 6(SEI), nal_ref_idc: 0
[h264 @ 0x5569477d9300] nal_unit_type: 1(Coded slice of a non-IDR picture), nal_ref_idc: 1
    Last message repeated 4 times
[Parsed_fps_0 @ 0x7fb3e0001980] Read frame with in pts 14975, out pts 599
[Parsed_fps_0 @ 0x7fb3e0001980] Writing frame with pts 598 to pts 598
bench:        2 user        0 sys        3 real decode_video 0:1 
bench:        2 user        0 sys        2 real decode_video 0:1 
[Parsed_fps_0 @ 0x7fb3e0001980] Read frame with in pts 15000, out pts 600
[Parsed_fps_0 @ 0x7fb3e0001980] Writing frame with pts 599 to pts 599
[h264 @ 0x5569477d9300] nal_unit_type: 6(SEI), nal_ref_idc: 0
[h264 @ 0x5569477d9300] nal_unit_type: 1(Coded slice of a non-IDR picture), nal_ref_idc: 1
    Last message repeated 4 times
bench:        2 user        0 sys        2 real decode_video 0:1 
bench:        1 user        0 sys        0 real decode_video 0:1 
[h264 @ 0x5569477d9300] nal_unit_type: 6(SEI), nal_ref_idc: 0
[h264 @ 0x5569477d9300] nal_unit_type: 1(Coded slice of a non-IDR picture), nal_ref_idc: 1
    Last message repeated 4 times
[Parsed_fps_0 @ 0x7fb3e0001980] Read frame with in pts 15025, out pts 601
[Parsed_fps_0 @ 0x7fb3e0001980] Writing frame with pts 600 to pts 600
bench:        1 user        0 sys        2 real decode_video 0:1 
bench:        1 user        0 sys        1 real decode_video 0:1 
[h264 @ 0x5569477d9300] nal_unit_type: 6(SEI), nal_ref_idc: 0
[Parsed_fps_0 @ 0x7fb3e0001980] Read frame with in pts 15050, out pts 602
[Parsed_fps_0 @ 0x7fb3e0001980] Writing frame with pts 601 to pts 601
[h264 @ 0x5569477d9300] nal_unit_type: 1(Coded slice of a non-IDR picture), nal_ref_idc: 1
    Last message repeated 4 times
bench:        1 user        0 sys        2 real decode_video 0:1 
bench:        0 user        0 sys        1 real decode_video 0:1 
[h264 @ 0x5569477d9300] nal_unit_type: 6(SEI), nal_ref_idc: 0
[h264 @ 0x5569477d9300] nal_unit_type: 1(Coded slice of a non-IDR picture), nal_ref_idc: 1
    Last message repeated 4 times
[Parsed_fps_0 @ 0x7fb3e0001980] Read frame with in pts 15075, out pts 603
[Parsed_fps_0 @ 0x7fb3e0001980] Writing frame with pts 602 to pts 602
bench:        1 user        0 sys        2 real decode_video 0:1 
bench:        1 user        0 sys        1 real decode_video 0:1 
[h264 @ 0x5569477d9300] nal_unit_type: 6(SEI), nal_ref_idc: 0
[h264 @ 0x5569477d9300] nal_unit_type: 1(Coded slice of a non-IDR picture), nal_ref_idc: 1
    Last message repeated 4 times
[Parsed_fps_0 @ 0x7fb3e0001980] Read frame with in pts 15100, out pts 604
[Parsed_fps_0 @ 0x7fb3e0001980] Writing frame with pts 603 to pts 603
bench:        1 user        0 sys        1 real decode_video 0:1 
bench:        1 user        0 sys        0 real decode_video 0:1 
[h264 @ 0x5569477d9300] nal_unit_type: 6(SEI), nal_ref_idc: 0
[h264 @ 0x5569477d9300] nal_unit_type: 1(Coded slice of a non-IDR picture), nal_ref_idc: 1
    Last message repeated 4 times
[Parsed_fps_0 @ 0x7fb3e0001980] Read frame with in pts 15125, out pts 605
[Parsed_fps_0 @ 0x7fb3e0001980] Writing frame with pts 604 to pts 604
bench:        1 user        0 sys        1 real decode_video 0:1 
    Last message repeated 1 times
[h264 @ 0x5569477d9300] nal_unit_type: 6(SEI), nal_ref_idc: 0
[h264 @ 0x5569477d9300] nal_unit_type: 1(Coded slice of a non-IDR picture), nal_ref_idc: 1
    Last message repeated 4 times
[Parsed_fps_0 @ 0x7fb3e0001980] Read frame with in pts 15150, out pts 606
[Parsed_fps_0 @ 0x7fb3e0001980] Writing frame with pts 605 to pts 605
bench:        1 user        0 sys        1 real decode_video 0:1 
    Last message repeated 1 times
[h264 @ 0x5569477d9300] nal_unit_type: 6(SEI), nal_ref_idc: 0
[h264 @ 0x5569477d9300] nal_unit_type: 1(Coded slice of a non-IDR picture), nal_ref_idc: 1
    Last message repeated 4 times
[Parsed_fps_0 @ 0x7fb3e0001980] Read frame with in pts 15175, out pts 607
[Parsed_fps_0 @ 0x7fb3e0001980] Writing frame with pts 606 to pts 606
bench:        1 user        0 sys        1 real decode_video 0:1 
bench:        0 user        0 sys        1 real decode_video 0:1 
[h264 @ 0x5569477d9300] nal_unit_type: 6(SEI), nal_ref_idc: 0
[h264 @ 0x5569477d9300] nal_unit_type: 1(Coded slice of a non-IDR picture), nal_ref_idc: 1
    Last message repeated 4 times
[Parsed_fps_0 @ 0x7fb3e0001980] Read frame with in pts 15200, out pts 608
[Parsed_fps_0 @ 0x7fb3e0001980] Writing frame with pts 607 to pts 607
bench:        1 user        0 sys        1 real decode_video 0:1 
    Last message repeated 1 times
[h264 @ 0x5569477d9300] nal_unit_type: 6(SEI), nal_ref_idc: 0
[h264 @ 0x5569477d9300] nal_unit_type: 1(Coded slice of a non-IDR picture), nal_ref_idc: 1
    Last message repeated 4 times
[Parsed_fps_0 @ 0x7fb3e0001980] Read frame with in pts 15225, out pts 609
[Parsed_fps_0 @ 0x7fb3e0001980] Writing frame with pts 608 to pts 608
bench:        2 user        0 sys        2 real decode_video 0:1 
bench:        1 user        0 sys        1 real decode_video 0:1 
[Parsed_fps_0 @ 0x7fb3e0001980] Read frame with in pts 15250, out pts 610
[Parsed_fps_0 @ 0x7fb3e0001980] Writing frame with pts 609 to pts 609
[h264 @ 0x5569477d9300] nal_unit_type: 6(SEI), nal_ref_idc: 0
[h264 @ 0x5569477d9300] nal_unit_type: 1(Coded slice of a non-IDR picture), nal_ref_idc: 1
    Last message repeated 4 times
bench:        0 user        0 sys        1 real decode_video 0:1 
bench:        1 user        0 sys        1 real decode_video 0:1 
[h264 @ 0x5569477d9300] nal_unit_type: 6(SEI), nal_ref_idc: 0
[h264 @ 0x5569477d9300] nal_unit_type: 1(Coded slice of a non-IDR picture), nal_ref_idc: 1
    Last message repeated 4 times
[Parsed_fps_0 @ 0x7fb3e0001980] Read frame with in pts 15275, out pts 611
[Parsed_fps_0 @ 0x7fb3e0001980] Writing frame with pts 610 to pts 610
bench:        0 user        0 sys        2 real decode_video 0:1 
bench:        1 user        0 sys        1 real decode_video 0:1 
[h264 @ 0x5569477d9300] nal_unit_type: 6(SEI), nal_ref_idc: 0
[h264 @ 0x5569477d9300] nal_unit_type: 1(Coded slice of a non-IDR picture), nal_ref_idc: 1
    Last message repeated 4 times
[Parsed_fps_0 @ 0x7fb3e0001980] Read frame with in pts 15300, out pts 612
[Parsed_fps_0 @ 0x7fb3e0001980] Writing frame with pts 611 to pts 611
bench:        1 user        0 sys        1 real decode_video 0:1 
bench:        0 user        0 sys        0 real decode_video 0:1 
[h264 @ 0x5569477d9300] nal_unit_type: 6(SEI), nal_ref_idc: 0
[h264 @ 0x5569477d9300] nal_unit_type: 1(Coded slice of a non-IDR picture), nal_ref_idc: 1
    Last message repeated 4 times
[Parsed_fps_0 @ 0x7fb3e0001980] Read frame with in pts 15325, out pts 613
[Parsed_fps_0 @ 0x7fb3e0001980] Writing frame with pts 612 to pts 612
bench:        1 user        0 sys        1 real decode_video 0:1 
bench:        0 user        0 sys        0 real decode_video 0:1 
[h264 @ 0x5569477d9300] nal_unit_type: 6(SEI), nal_ref_idc: 0
[h264 @ 0x5569477d9300] nal_unit_type: 1(Coded slice of a non-IDR picture), nal_ref_idc: 1
    Last message repeated 4 times
[Parsed_fps_0 @ 0x7fb3e0001980] Read frame with in pts 15350, out pts 614
[Parsed_fps_0 @ 0x7fb3e0001980] Writing frame with pts 613 to pts 613
bench:        1 user        0 sys        1 real decode_video 0:1 
bench:        0 user        0 sys        0 real decode_video 0:1 
[h264 @ 0x5569477d9300] nal_unit_type: 6(SEI), nal_ref_idc: 0
[h264 @ 0x5569477d9300] nal_unit_type: 1(Coded slice of a non-IDR picture), nal_ref_idc: 1
    Last message repeated 4 times
[Parsed_fps_0 @ 0x7fb3e0001980] Read frame with in pts 15375, out pts 615
[Parsed_fps_0 @ 0x7fb3e0001980] Writing frame with pts 614 to pts 614
bench:        1 user        0 sys        1 real decode_video 0:1 
bench:        1 user        0 sys        0 real decode_video 0:1 
[h264 @ 0x5569477d9300] nal_unit_type: 6(SEI), nal_ref_idc: 0
[h264 @ 0x5569477d9300] nal_unit_type: 1(Coded slice of a non-IDR picture), nal_ref_idc: 1
    Last message repeated 4 times
[Parsed_fps_0 @ 0x7fb3e0001980] Read frame with in pts 15400, out pts 616
[Parsed_fps_0 @ 0x7fb3e0001980] Writing frame with pts 615 to pts 615
bench:        0 user        0 sys        1 real decode_video 0:1 
bench:        1 user        0 sys        1 real decode_video 0:1 
[h264 @ 0x5569477d9300] nal_unit_type: 6(SEI), nal_ref_idc: 0
[h264 @ 0x5569477d9300] nal_unit_type: 1(Coded slice of a non-IDR picture), nal_ref_idc: 1
    Last message repeated 4 times
[Parsed_fps_0 @ 0x7fb3e0001980] Read frame with in pts 15425, out pts 617
[Parsed_fps_0 @ 0x7fb3e0001980] Writing frame with pts 616 to pts 616
bench:        0 user        0 sys        1 real decode_video 0:1 
bench:        1 user        0 sys        1 real decode_video 0:1 
[h264 @ 0x5569477d9300] nal_unit_type: 6(SEI), nal_ref_idc: 0
[h264 @ 0x5569477d9300] nal_unit_type: 1(Coded slice of a non-IDR picture), nal_ref_idc: 1
    Last message repeated 4 times
[Parsed_fps_0 @ 0x7fb3e0001980] Read frame with in pts 15450, out pts 618
[Parsed_fps_0 @ 0x7fb3e0001980] Writing frame with pts 617 to pts 617
bench:        1 user        0 sys        1 real decode_video 0:1 
bench:        0 user        0 sys        1 real decode_video 0:1 
[h264 @ 0x5569477d9300] nal_unit_type: 6(SEI), nal_ref_idc: 0
[h264 @ 0x5569477d9300] nal_unit_type: 1(Coded slice of a non-IDR picture), nal_ref_idc: 1
    Last message repeated 4 times
[Parsed_fps_0 @ 0x7fb3e0001980] Read frame with in pts 15475, out pts 619
[Parsed_fps_0 @ 0x7fb3e0001980] Writing frame with pts 618 to pts 618
bench:        1 user        0 sys        1 real decode_video 0:1 
    Last message repeated 1 times
[h264 @ 0x5569477d9300] nal_unit_type: 6(SEI), nal_ref_idc: 0
[h264 @ 0x5569477d9300] nal_unit_type: 1(Coded slice of a non-IDR picture), nal_ref_idc: 1
    Last message repeated 4 times
[Parsed_fps_0 @ 0x7fb3e0001980] Read frame with in pts 15500, out pts 620
[Parsed_fps_0 @ 0x7fb3e0001980] Writing frame with pts 619 to pts 619
bench:        1 user        0 sys        1 real decode_video 0:1 
bench:        0 user        0 sys        1 real decode_video 0:1 
[h264 @ 0x5569477d9300] nal_unit_type: 6(SEI), nal_ref_idc: 0
[h264 @ 0x5569477d9300] nal_unit_type: 1(Coded slice of a non-IDR picture), nal_ref_idc: 1
    Last message repeated 4 times
[Parsed_fps_0 @ 0x7fb3e0001980] Read frame with in pts 15525, out pts 621
[Parsed_fps_0 @ 0x7fb3e0001980] Writing frame with pts 620 to pts 620
bench:        1 user        0 sys        1 real decode_video 0:1 
bench:        0 user        0 sys        1 real decode_video 0:1 
[h264 @ 0x5569477d9300] nal_unit_type: 6(SEI), nal_ref_idc: 0
[h264 @ 0x5569477d9300] nal_unit_type: 1(Coded slice of a non-IDR picture), nal_ref_idc: 1
    Last message repeated 4 times
[Parsed_fps_0 @ 0x7fb3e0001980] Read frame with in pts 15550, out pts 622
[Parsed_fps_0 @ 0x7fb3e0001980] Writing frame with pts 621 to pts 621
bench:        0 user        0 sys        2 real decode_video 0:1 
bench:        0 user        0 sys        1 real decode_video 0:1 
[h264 @ 0x5569477d9300] nal_unit_type: 6(SEI), nal_ref_idc: 0
[h264 @ 0x5569477d9300] nal_unit_type: 1(Coded slice of a non-IDR picture), nal_ref_idc: 1
    Last message repeated 4 times
[Parsed_fps_0 @ 0x7fb3e0001980] Read frame with in pts 15575, out pts 623
[Parsed_fps_0 @ 0x7fb3e0001980] Writing frame with pts 622 to pts 622
bench:        1 user        0 sys        2 real decode_video 0:1 
bench:        1 user        0 sys        0 real decode_video 0:1 
[h264 @ 0x5569477d9300] nal_unit_type: 6(SEI), nal_ref_idc: 0
[h264 @ 0x5569477d9300] nal_unit_type: 1(Coded slice of a non-IDR picture), nal_ref_idc: 1
    Last message repeated 4 times
[Parsed_fps_0 @ 0x7fb3e0001980] Read frame with in pts 15600, out pts 624
[Parsed_fps_0 @ 0x7fb3e0001980] Writing frame with pts 623 to pts 623
bench:        1 user        0 sys        1 real decode_video 0:1 
    Last message repeated 1 times
[h264 @ 0x5569477d9300] nal_unit_type: 6(SEI), nal_ref_idc: 0
[h264 @ 0x5569477d9300] nal_unit_type: 1(Coded slice of a non-IDR picture), nal_ref_idc: 1
    Last message repeated 4 times
[Parsed_fps_0 @ 0x7fb3e0001980] Read frame with in pts 15625, out pts 625
[Parsed_fps_0 @ 0x7fb3e0001980] Writing frame with pts 624 to pts 624
bench:        1 user        0 sys        1 real decode_video 0:1 
    Last message repeated 1 times
[h264 @ 0x5569477d9300] nal_unit_type: 6(SEI), nal_ref_idc: 0
[h264 @ 0x5569477d9300] nal_unit_type: 1(Coded slice of a non-IDR picture), nal_ref_idc: 1
    Last message repeated 4 times
[Parsed_fps_0 @ 0x7fb3e0001980] Read frame with in pts 15650, out pts 626
[Parsed_fps_0 @ 0x7fb3e0001980] Writing frame with pts 625 to pts 625
bench:        0 user        0 sys        2 real decode_video 0:1 
bench:        0 user        0 sys        1 real decode_video 0:1 
[h264 @ 0x5569477d9300] nal_unit_type: 6(SEI), nal_ref_idc: 0
[h264 @ 0x5569477d9300] nal_unit_type: 1(Coded slice of a non-IDR picture), nal_ref_idc: 1
    Last message repeated 4 times
[Parsed_fps_0 @ 0x7fb3e0001980] Read frame with in pts 15675, out pts 627
[Parsed_fps_0 @ 0x7fb3e0001980] Writing frame with pts 626 to pts 626
bench:        1 user        0 sys        1 real decode_video 0:1 
bench:        1 user        0 sys        0 real decode_video 0:1 
[h264 @ 0x5569477d9300] nal_unit_type: 6(SEI), nal_ref_idc: 0
[h264 @ 0x5569477d9300] nal_unit_type: 1(Coded slice of a non-IDR picture), nal_ref_idc: 1
    Last message repeated 4 times
[Parsed_fps_0 @ 0x7fb3e0001980] Read frame with in pts 15700, out pts 628
[Parsed_fps_0 @ 0x7fb3e0001980] Writing frame with pts 627 to pts 627
bench:        1 user        0 sys        1 real decode_video 0:1 
    Last message repeated 1 times
[h264 @ 0x5569477d9300] nal_unit_type: 6(SEI), nal_ref_idc: 0
[h264 @ 0x5569477d9300] nal_unit_type: 1(Coded slice of a non-IDR picture), nal_ref_idc: 1
    Last message repeated 4 times
[Parsed_fps_0 @ 0x7fb3e0001980] Read frame with in pts 15725, out pts 629
[Parsed_fps_0 @ 0x7fb3e0001980] Writing frame with pts 628 to pts 628
bench:        1 user        0 sys        1 real decode_video 0:1 
    Last message repeated 1 times
[h264 @ 0x5569477d9300] nal_unit_type: 6(SEI), nal_ref_idc: 0
[h264 @ 0x5569477d9300] nal_unit_type: 1(Coded slice of a non-IDR picture), nal_ref_idc: 1
    Last message repeated 4 times
[Parsed_fps_0 @ 0x7fb3e0001980] Read frame with in pts 15750, out pts 630
[Parsed_fps_0 @ 0x7fb3e0001980] Writing frame with pts 629 to pts 629
bench:        0 user        0 sys        1 real decode_video 0:1 
bench:        1 user        0 sys        0 real decode_video 0:1 
[h264 @ 0x5569477d9300] nal_unit_type: 6(SEI), nal_ref_idc: 0
[h264 @ 0x5569477d9300] nal_unit_type: 1(Coded slice of a non-IDR picture), nal_ref_idc: 1
    Last message repeated 4 times
[Parsed_fps_0 @ 0x7fb3e0001980] Read frame with in pts 15775, out pts 631
[Parsed_fps_0 @ 0x7fb3e0001980] Writing frame with pts 630 to pts 630
bench:        1 user        0 sys        1 real decode_video 0:1 
    Last message repeated 1 times
[h264 @ 0x5569477d9300] nal_unit_type: 6(SEI), nal_ref_idc: 0
[h264 @ 0x5569477d9300] nal_unit_type: 1(Coded slice of a non-IDR picture), nal_ref_idc: 1
[Parsed_fps_0 @ 0x7fb3e0001980] Read frame with in pts 15800, out pts 632
[Parsed_fps_0 @ 0x7fb3e0001980] Writing frame with pts 631 to pts 631
[h264 @ 0x5569477d9300] nal_unit_type: 1(Coded slice of a non-IDR picture), nal_ref_idc: 1
    Last message repeated 3 times
bench:        1 user        0 sys        1 real decode_video 0:1 
bench:        0 user        0 sys        1 real decode_video 0:1 
[h264 @ 0x5569477d9300] nal_unit_type: 6(SEI), nal_ref_idc: 0
[h264 @ 0x5569477d9300] nal_unit_type: 1(Coded slice of a non-IDR picture), nal_ref_idc: 1
    Last message repeated 4 times
[Parsed_fps_0 @ 0x7fb3e0001980] Read frame with in pts 15825, out pts 633
[Parsed_fps_0 @ 0x7fb3e0001980] Writing frame with pts 632 to pts 632
bench:        2 user        0 sys        1 real decode_video 0:1 
bench:        0 user        0 sys        0 real decode_video 0:1 
[h264 @ 0x5569477d9300] nal_unit_type: 6(SEI), nal_ref_idc: 0
[h264 @ 0x5569477d9300] nal_unit_type: 1(Coded slice of a non-IDR picture), nal_ref_idc: 1
    Last message repeated 4 times
[Parsed_fps_0 @ 0x7fb3e0001980] Read frame with in pts 15850, out pts 634
[Parsed_fps_0 @ 0x7fb3e0001980] Writing frame with pts 633 to pts 633
bench:        1 user        0 sys        1 real decode_video 0:1 
    Last message repeated 1 times
[h264 @ 0x5569477d9300] nal_unit_type: 6(SEI), nal_ref_idc: 0
[h264 @ 0x5569477d9300] nal_unit_type: 1(Coded slice of a non-IDR picture), nal_ref_idc: 1
    Last message repeated 4 times
[Parsed_fps_0 @ 0x7fb3e0001980] Read frame with in pts 15875, out pts 635
[Parsed_fps_0 @ 0x7fb3e0001980] Writing frame with pts 634 to pts 634
bench:        1 user        0 sys        3 real decode_video 0:1 
bench:        0 user        0 sys        0 real decode_video 0:1 
[h264 @ 0x5569477d9300] nal_unit_type: 6(SEI), nal_ref_idc: 0
[h264 @ 0x5569477d9300] nal_unit_type: 1(Coded slice of a non-IDR picture), nal_ref_idc: 1
    Last message repeated 4 times
[Parsed_fps_0 @ 0x7fb3e0001980] Read frame with in pts 15900, out pts 636
[Parsed_fps_0 @ 0x7fb3e0001980] Writing frame with pts 635 to pts 635
bench:        0 user        0 sys        1 real decode_video 0:1 
bench:        1 user        0 sys        0 real decode_video 0:1 
[h264 @ 0x5569477d9300] nal_unit_type: 6(SEI), nal_ref_idc: 0
[h264 @ 0x5569477d9300] nal_unit_type: 1(Coded slice of a non-IDR picture), nal_ref_idc: 1
    Last message repeated 4 times
[Parsed_fps_0 @ 0x7fb3e0001980] Read frame with in pts 15925, out pts 637
[Parsed_fps_0 @ 0x7fb3e0001980] Writing frame with pts 636 to pts 636
bench:        0 user        0 sys        1 real decode_video 0:1 
bench:        1 user        0 sys        1 real decode_video 0:1 
[h264 @ 0x5569477d9300] nal_unit_type: 6(SEI), nal_ref_idc: 0
[h264 @ 0x5569477d9300] nal_unit_type: 1(Coded slice of a non-IDR picture), nal_ref_idc: 1
    Last message repeated 4 times
[Parsed_fps_0 @ 0x7fb3e0001980] Read frame with in pts 15950, out pts 638
[Parsed_fps_0 @ 0x7fb3e0001980] Writing frame with pts 637 to pts 637
bench:        1 user        0 sys        1 real decode_video 0:1 
bench:        0 user        0 sys        1 real decode_video 0:1 
[h264 @ 0x5569477d9300] nal_unit_type: 6(SEI), nal_ref_idc: 0
[h264 @ 0x5569477d9300] nal_unit_type: 5(IDR), nal_ref_idc: 1
    Last message repeated 2 times
[Parsed_fps_0 @ 0x7fb3e0001980] Read frame with in pts 15975, out pts 639
[Parsed_fps_0 @ 0x7fb3e0001980] Writing frame with pts 638 to pts 638
[h264 @ 0x5569477d9300] nal_unit_type: 5(IDR), nal_ref_idc: 1
    Last message repeated 1 times
bench:        1 user        0 sys        1 real decode_video 0:1 
bench:        0 user        0 sys        1 real decode_video 0:1 
[h264 @ 0x5569477d9300] nal_unit_type: 6(SEI), nal_ref_idc: 0
[h264 @ 0x5569477d9300] nal_unit_type: 1(Coded slice of a non-IDR picture), nal_ref_idc: 1
    Last message repeated 4 times
[Parsed_fps_0 @ 0x7fb3e0001980] Read frame with in pts 16000, out pts 640
[Parsed_fps_0 @ 0x7fb3e0001980] Writing frame with pts 639 to pts 639
bench:        0 user        0 sys        1 real decode_video 0:1 
bench:        1 user        0 sys        0 real decode_video 0:1 
[h264 @ 0x5569477d9300] nal_unit_type: 6(SEI), nal_ref_idc: 0
[h264 @ 0x5569477d9300] nal_unit_type: 1(Coded slice of a non-IDR picture), nal_ref_idc: 1
    Last message repeated 4 times
[Parsed_fps_0 @ 0x7fb3e0001980] Read frame with in pts 16025, out pts 641
[Parsed_fps_0 @ 0x7fb3e0001980] Writing frame with pts 640 to pts 640
bench:        0 user        0 sys        1 real decode_video 0:1 
bench:        1 user        0 sys        1 real decode_video 0:1 
[h264 @ 0x5569477d9300] nal_unit_type: 6(SEI), nal_ref_idc: 0
[h264 @ 0x5569477d9300] nal_unit_type: 1(Coded slice of a non-IDR picture), nal_ref_idc: 1
    Last message repeated 4 times
[Parsed_fps_0 @ 0x7fb3e0001980] Read frame with in pts 16050, out pts 642
[Parsed_fps_0 @ 0x7fb3e0001980] Writing frame with pts 641 to pts 641
bench:        1 user        0 sys        2 real decode_video 0:1 
bench:        0 user        0 sys        0 real decode_video 0:1 
[h264 @ 0x5569477d9300] nal_unit_type: 6(SEI), nal_ref_idc: 0
[h264 @ 0x5569477d9300] nal_unit_type: 1(Coded slice of a non-IDR picture), nal_ref_idc: 1
    Last message repeated 4 times
[Parsed_fps_0 @ 0x7fb3e0001980] Read frame with in pts 16075, out pts 643
[Parsed_fps_0 @ 0x7fb3e0001980] Writing frame with pts 642 to pts 642
bench:        1 user        0 sys        1 real decode_video 0:1 
bench:        0 user        0 sys        0 real decode_video 0:1 
[h264 @ 0x5569477d9300] nal_unit_type: 6(SEI), nal_ref_idc: 0
[h264 @ 0x5569477d9300] nal_unit_type: 1(Coded slice of a non-IDR picture), nal_ref_idc: 1
    Last message repeated 4 times
[Parsed_fps_0 @ 0x7fb3e0001980] Read frame with in pts 16100, out pts 644
[Parsed_fps_0 @ 0x7fb3e0001980] Writing frame with pts 643 to pts 643
bench:        1 user        0 sys        1 real decode_video 0:1 
bench:        0 user        0 sys        1 real decode_video 0:1 
[h264 @ 0x5569477d9300] nal_unit_type: 6(SEI), nal_ref_idc: 0
[h264 @ 0x5569477d9300] nal_unit_type: 1(Coded slice of a non-IDR picture), nal_ref_idc: 1
    Last message repeated 4 times
[Parsed_fps_0 @ 0x7fb3e0001980] Read frame with in pts 16125, out pts 645
[Parsed_fps_0 @ 0x7fb3e0001980] Writing frame with pts 644 to pts 644
bench:        1 user        0 sys        1 real decode_video 0:1 
bench:        0 user        0 sys        1 real decode_video 0:1 
[h264 @ 0x5569477d9300] nal_unit_type: 6(SEI), nal_ref_idc: 0
[h264 @ 0x5569477d9300] nal_unit_type: 1(Coded slice of a non-IDR picture), nal_ref_idc: 1
    Last message repeated 4 times
[Parsed_fps_0 @ 0x7fb3e0001980] Read frame with in pts 16150, out pts 646
[Parsed_fps_0 @ 0x7fb3e0001980] Writing frame with pts 645 to pts 645
bench:        0 user        0 sys        1 real decode_video 0:1 
bench:        0 user        0 sys        0 real decode_video 0:1 
[h264 @ 0x5569477d9300] nal_unit_type: 6(SEI), nal_ref_idc: 0
[h264 @ 0x5569477d9300] nal_unit_type: 1(Coded slice of a non-IDR picture), nal_ref_idc: 1
    Last message repeated 4 times
[Parsed_fps_0 @ 0x7fb3e0001980] Read frame with in pts 16175, out pts 647
[Parsed_fps_0 @ 0x7fb3e0001980] Writing frame with pts 646 to pts 646
bench:        1 user        0 sys        1 real decode_video 0:1 
bench:        1 user        0 sys        0 real decode_video 0:1 
[h264 @ 0x5569477d9300] nal_unit_type: 6(SEI), nal_ref_idc: 0
[h264 @ 0x5569477d9300] nal_unit_type: 1(Coded slice of a non-IDR picture), nal_ref_idc: 1
    Last message repeated 4 times
[Parsed_fps_0 @ 0x7fb3e0001980] Read frame with in pts 16200, out pts 648
[Parsed_fps_0 @ 0x7fb3e0001980] Writing frame with pts 647 to pts 647
bench:        0 user        0 sys        1 real decode_video 0:1 
    Last message repeated 1 times
[h264 @ 0x5569477d9300] nal_unit_type: 6(SEI), nal_ref_idc: 0
[h264 @ 0x5569477d9300] nal_unit_type: 1(Coded slice of a non-IDR picture), nal_ref_idc: 1
[Parsed_fps_0 @ 0x7fb3e0001980] Read frame with in pts 16225, out pts 649
[Parsed_fps_0 @ 0x7fb3e0001980] Writing frame with pts 648 to pts 648
[h264 @ 0x5569477d9300] nal_unit_type: 1(Coded slice of a non-IDR picture), nal_ref_idc: 1
    Last message repeated 3 times
bench:        1 user        0 sys        1 real decode_video 0:1 
bench:        1 user        0 sys        0 real decode_video 0:1 
[h264 @ 0x5569477d9300] nal_unit_type: 6(SEI), nal_ref_idc: 0
[h264 @ 0x5569477d9300] nal_unit_type: 1(Coded slice of a non-IDR picture), nal_ref_idc: 1
    Last message repeated 4 times
[Parsed_fps_0 @ 0x7fb3e0001980] Read frame with in pts 16250, out pts 650
[Parsed_fps_0 @ 0x7fb3e0001980] Writing frame with pts 649 to pts 649
bench:        0 user        0 sys        1 real decode_video 0:1 
bench:        1 user        0 sys        1 real decode_video 0:1 
[h264 @ 0x5569477d9300] nal_unit_type: 6(SEI), nal_ref_idc: 0
[h264 @ 0x5569477d9300] nal_unit_type: 1(Coded slice of a non-IDR picture), nal_ref_idc: 1
    Last message repeated 4 times
[Parsed_fps_0 @ 0x7fb3e0001980] Read frame with in pts 16275, out pts 651
[Parsed_fps_0 @ 0x7fb3e0001980] Writing frame with pts 650 to pts 650
bench:        1 user        0 sys        1 real decode_video 0:1 
    Last message repeated 1 times
[h264 @ 0x5569477d9300] nal_unit_type: 6(SEI), nal_ref_idc: 0
[h264 @ 0x5569477d9300] nal_unit_type: 1(Coded slice of a non-IDR picture), nal_ref_idc: 1
    Last message repeated 4 times
[Parsed_fps_0 @ 0x7fb3e0001980] Read frame with in pts 16300, out pts 652
[Parsed_fps_0 @ 0x7fb3e0001980] Writing frame with pts 651 to pts 651
bench:        1 user        0 sys        1 real decode_video 0:1 
bench:        1 user        0 sys        0 real decode_video 0:1 
[h264 @ 0x5569477d9300] nal_unit_type: 6(SEI), nal_ref_idc: 0
[h264 @ 0x5569477d9300] nal_unit_type: 1(Coded slice of a non-IDR picture), nal_ref_idc: 1
    Last message repeated 4 times
[Parsed_fps_0 @ 0x7fb3e0001980] Read frame with in pts 16325, out pts 653
[Parsed_fps_0 @ 0x7fb3e0001980] Writing frame with pts 652 to pts 652
bench:        0 user        0 sys        1 real decode_video 0:1 
    Last message repeated 1 times
[h264 @ 0x5569477d9300] nal_unit_type: 6(SEI), nal_ref_idc: 0
[h264 @ 0x5569477d9300] nal_unit_type: 1(Coded slice of a non-IDR picture), nal_ref_idc: 1
    Last message repeated 4 times
[Parsed_fps_0 @ 0x7fb3e0001980] Read frame with in pts 16350, out pts 654
[Parsed_fps_0 @ 0x7fb3e0001980] Writing frame with pts 653 to pts 653
bench:        1 user        0 sys        1 real decode_video 0:1 
    Last message repeated 1 times
[h264 @ 0x5569477d9300] nal_unit_type: 6(SEI), nal_ref_idc: 0
[h264 @ 0x5569477d9300] nal_unit_type: 1(Coded slice of a non-IDR picture), nal_ref_idc: 1
    Last message repeated 4 times
[Parsed_fps_0 @ 0x7fb3e0001980] Read frame with in pts 16375, out pts 655
[Parsed_fps_0 @ 0x7fb3e0001980] Writing frame with pts 654 to pts 654
bench:        1 user        0 sys        1 real decode_video 0:1 
bench:        0 user        0 sys        1 real decode_video 0:1 
[h264 @ 0x5569477d9300] nal_unit_type: 6(SEI), nal_ref_idc: 0
[h264 @ 0x5569477d9300] nal_unit_type: 1(Coded slice of a non-IDR picture), nal_ref_idc: 1
    Last message repeated 4 times
[Parsed_fps_0 @ 0x7fb3e0001980] Read frame with in pts 16400, out pts 656
[Parsed_fps_0 @ 0x7fb3e0001980] Writing frame with pts 655 to pts 655
bench:        0 user        0 sys        1 real decode_video 0:1 
bench:        0 user        0 sys        0 real decode_video 0:1 
[h264 @ 0x5569477d9300] nal_unit_type: 6(SEI), nal_ref_idc: 0
[h264 @ 0x5569477d9300] nal_unit_type: 1(Coded slice of a non-IDR picture), nal_ref_idc: 1
    Last message repeated 4 times
[Parsed_fps_0 @ 0x7fb3e0001980] Read frame with in pts 16425, out pts 657
[Parsed_fps_0 @ 0x7fb3e0001980] Writing frame with pts 656 to pts 656
bench:        1 user        0 sys        1 real decode_video 0:1 
bench:        1 user        0 sys        0 real decode_video 0:1 
[h264 @ 0x5569477d9300] nal_unit_type: 6(SEI), nal_ref_idc: 0
[h264 @ 0x5569477d9300] nal_unit_type: 1(Coded slice of a non-IDR picture), nal_ref_idc: 1
    Last message repeated 4 times
[Parsed_fps_0 @ 0x7fb3e0001980] Read frame with in pts 16450, out pts 658
[Parsed_fps_0 @ 0x7fb3e0001980] Writing frame with pts 657 to pts 657
bench:        1 user        0 sys        1 real decode_video 0:1 
bench:        1 user        0 sys        0 real decode_video 0:1 
[h264 @ 0x5569477d9300] nal_unit_type: 6(SEI), nal_ref_idc: 0
[h264 @ 0x5569477d9300] nal_unit_type: 1(Coded slice of a non-IDR picture), nal_ref_idc: 1
    Last message repeated 4 times
[Parsed_fps_0 @ 0x7fb3e0001980] Read frame with in pts 16475, out pts 659
[Parsed_fps_0 @ 0x7fb3e0001980] Writing frame with pts 658 to pts 658
bench:        1 user        0 sys        1 real decode_video 0:1 
bench:        0 user        0 sys        1 real decode_video 0:1 
[h264 @ 0x5569477d9300] nal_unit_type: 6(SEI), nal_ref_idc: 0
[h264 @ 0x5569477d9300] nal_unit_type: 1(Coded slice of a non-IDR picture), nal_ref_idc: 1
    Last message repeated 4 times
[Parsed_fps_0 @ 0x7fb3e0001980] Read frame with in pts 16500, out pts 660
[Parsed_fps_0 @ 0x7fb3e0001980] Writing frame with pts 659 to pts 659
bench:        1 user        0 sys        2 real decode_video 0:1 
bench:        1 user        0 sys        1 real decode_video 0:1 
[h264 @ 0x5569477d9300] nal_unit_type: 6(SEI), nal_ref_idc: 0
[h264 @ 0x5569477d9300] nal_unit_type: 1(Coded slice of a non-IDR picture), nal_ref_idc: 1
    Last message repeated 4 times
[Parsed_fps_0 @ 0x7fb3e0001980] Read frame with in pts 16525, out pts 661
[Parsed_fps_0 @ 0x7fb3e0001980] Writing frame with pts 660 to pts 660
bench:        0 user        0 sys        1 real decode_video 0:1 
    Last message repeated 1 times
[h264 @ 0x5569477d9300] nal_unit_type: 6(SEI), nal_ref_idc: 0
[h264 @ 0x5569477d9300] nal_unit_type: 1(Coded slice of a non-IDR picture), nal_ref_idc: 1
    Last message repeated 4 times
[Parsed_fps_0 @ 0x7fb3e0001980] Read frame with in pts 16550, out pts 662
[Parsed_fps_0 @ 0x7fb3e0001980] Writing frame with pts 661 to pts 661
bench:        1 user        0 sys        1 real decode_video 0:1 
    Last message repeated 1 times
[h264 @ 0x5569477d9300] nal_unit_type: 6(SEI), nal_ref_idc: 0
[h264 @ 0x5569477d9300] nal_unit_type: 1(Coded slice of a non-IDR picture), nal_ref_idc: 1
    Last message repeated 4 times
[Parsed_fps_0 @ 0x7fb3e0001980] Read frame with in pts 16575, out pts 663
[Parsed_fps_0 @ 0x7fb3e0001980] Writing frame with pts 662 to pts 662
bench:        1 user        0 sys        2 real decode_video 0:1 
bench:        0 user        0 sys        1 real decode_video 0:1 
[h264 @ 0x5569477d9300] nal_unit_type: 6(SEI), nal_ref_idc: 0
[h264 @ 0x5569477d9300] nal_unit_type: 1(Coded slice of a non-IDR picture), nal_ref_idc: 1
    Last message repeated 4 times
[Parsed_fps_0 @ 0x7fb3e0001980] Read frame with in pts 16600, out pts 664
[Parsed_fps_0 @ 0x7fb3e0001980] Writing frame with pts 663 to pts 663
bench:        1 user        0 sys        1 real decode_video 0:1 
bench:        0 user        0 sys        1 real decode_video 0:1 
[h264 @ 0x5569477d9300] nal_unit_type: 6(SEI), nal_ref_idc: 0
[h264 @ 0x5569477d9300] nal_unit_type: 1(Coded slice of a non-IDR picture), nal_ref_idc: 1
    Last message repeated 4 times
[Parsed_fps_0 @ 0x7fb3e0001980] Read frame with in pts 16625, out pts 665
[Parsed_fps_0 @ 0x7fb3e0001980] Writing frame with pts 664 to pts 664
bench:        1 user        0 sys        1 real decode_video 0:1 
    Last message repeated 1 times
[h264 @ 0x5569477d9300] nal_unit_type: 6(SEI), nal_ref_idc: 0
[h264 @ 0x5569477d9300] nal_unit_type: 1(Coded slice of a non-IDR picture), nal_ref_idc: 1
    Last message repeated 4 times
[Parsed_fps_0 @ 0x7fb3e0001980] Read frame with in pts 16650, out pts 666
[Parsed_fps_0 @ 0x7fb3e0001980] Writing frame with pts 665 to pts 665
bench:        1 user        0 sys        1 real decode_video 0:1 
bench:        0 user        0 sys        1 real decode_video 0:1 
[h264 @ 0x5569477d9300] nal_unit_type: 6(SEI), nal_ref_idc: 0
[h264 @ 0x5569477d9300] nal_unit_type: 1(Coded slice of a non-IDR picture), nal_ref_idc: 1
    Last message repeated 4 times
[Parsed_fps_0 @ 0x7fb3e0001980] Read frame with in pts 16675, out pts 667
[Parsed_fps_0 @ 0x7fb3e0001980] Writing frame with pts 666 to pts 666
bench:        1 user        0 sys        1 real decode_video 0:1 
bench:        1 user        0 sys        0 real decode_video 0:1 
[h264 @ 0x5569477d9300] nal_unit_type: 6(SEI), nal_ref_idc: 0
[h264 @ 0x5569477d9300] nal_unit_type: 1(Coded slice of a non-IDR picture), nal_ref_idc: 1
    Last message repeated 4 times
[Parsed_fps_0 @ 0x7fb3e0001980] Read frame with in pts 16700, out pts 668
[Parsed_fps_0 @ 0x7fb3e0001980] Writing frame with pts 667 to pts 667
bench:        1 user        0 sys        1 real decode_video 0:1 
    Last message repeated 1 times
[h264 @ 0x5569477d9300] nal_unit_type: 6(SEI), nal_ref_idc: 0
[h264 @ 0x5569477d9300] nal_unit_type: 1(Coded slice of a non-IDR picture), nal_ref_idc: 1
    Last message repeated 4 times
[Parsed_fps_0 @ 0x7fb3e0001980] Read frame with in pts 16725, out pts 669
[Parsed_fps_0 @ 0x7fb3e0001980] Writing frame with pts 668 to pts 668
bench:        1 user        0 sys        1 real decode_video 0:1 
bench:        0 user        0 sys        1 real decode_video 0:1 
[h264 @ 0x5569477d9300] nal_unit_type: 6(SEI), nal_ref_idc: 0
[h264 @ 0x5569477d9300] nal_unit_type: 1(Coded slice of a non-IDR picture), nal_ref_idc: 1
    Last message repeated 4 times
[Parsed_fps_0 @ 0x7fb3e0001980] Read frame with in pts 16750, out pts 670
[Parsed_fps_0 @ 0x7fb3e0001980] Writing frame with pts 669 to pts 669
bench:        1 user        0 sys        1 real decode_video 0:1 
bench:        0 user        0 sys        0 real decode_video 0:1 
[h264 @ 0x5569477d9300] nal_unit_type: 6(SEI), nal_ref_idc: 0
[h264 @ 0x5569477d9300] nal_unit_type: 1(Coded slice of a non-IDR picture), nal_ref_idc: 1
    Last message repeated 4 times
[Parsed_fps_0 @ 0x7fb3e0001980] Read frame with in pts 16775, out pts 671
[Parsed_fps_0 @ 0x7fb3e0001980] Writing frame with pts 670 to pts 670
bench:        0 user        0 sys        1 real decode_video 0:1 
bench:        1 user        0 sys        1 real decode_video 0:1 
[h264 @ 0x5569477d9300] nal_unit_type: 6(SEI), nal_ref_idc: 0
[h264 @ 0x5569477d9300] nal_unit_type: 1(Coded slice of a non-IDR picture), nal_ref_idc: 1
    Last message repeated 4 times
[Parsed_fps_0 @ 0x7fb3e0001980] Read frame with in pts 16800, out pts 672
[Parsed_fps_0 @ 0x7fb3e0001980] Writing frame with pts 671 to pts 671
bench:        1 user        0 sys        2 real decode_video 0:1 
bench:        0 user        0 sys        0 real decode_video 0:1 
[h264 @ 0x5569477d9300] nal_unit_type: 6(SEI), nal_ref_idc: 0
[h264 @ 0x5569477d9300] nal_unit_type: 1(Coded slice of a non-IDR picture), nal_ref_idc: 1
    Last message repeated 4 times
[Parsed_fps_0 @ 0x7fb3e0001980] Read frame with in pts 16825, out pts 673
[Parsed_fps_0 @ 0x7fb3e0001980] Writing frame with pts 672 to pts 672
bench:        0 user        0 sys        1 real decode_video 0:1 
bench:        0 user        0 sys        0 real decode_video 0:1 
[h264 @ 0x5569477d9300] nal_unit_type: 6(SEI), nal_ref_idc: 0
[h264 @ 0x5569477d9300] nal_unit_type: 1(Coded slice of a non-IDR picture), nal_ref_idc: 1
    Last message repeated 4 times
[Parsed_fps_0 @ 0x7fb3e0001980] Read frame with in pts 16850, out pts 674
[Parsed_fps_0 @ 0x7fb3e0001980] Writing frame with pts 673 to pts 673
bench:        0 user        0 sys        1 real decode_video 0:1 
bench:        1 user        0 sys        0 real decode_video 0:1 
[h264 @ 0x5569477d9300] nal_unit_type: 6(SEI), nal_ref_idc: 0
[h264 @ 0x5569477d9300] nal_unit_type: 1(Coded slice of a non-IDR picture), nal_ref_idc: 1
    Last message repeated 4 times
[Parsed_fps_0 @ 0x7fb3e0001980] Read frame with in pts 16875, out pts 675
[Parsed_fps_0 @ 0x7fb3e0001980] Writing frame with pts 674 to pts 674
bench:        1 user        0 sys        2 real decode_video 0:1 
bench:        1 user        0 sys        0 real decode_video 0:1 
[h264 @ 0x5569477d9300] nal_unit_type: 6(SEI), nal_ref_idc: 0
[h264 @ 0x5569477d9300] nal_unit_type: 1(Coded slice of a non-IDR picture), nal_ref_idc: 1
    Last message repeated 4 times
[Parsed_fps_0 @ 0x7fb3e0001980] Read frame with in pts 16900, out pts 676
[Parsed_fps_0 @ 0x7fb3e0001980] Writing frame with pts 675 to pts 675
bench:        1 user        0 sys        0 real decode_video 0:1 
    Last message repeated 1 times
[h264 @ 0x5569477d9300] nal_unit_type: 6(SEI), nal_ref_idc: 0
[h264 @ 0x5569477d9300] nal_unit_type: 1(Coded slice of a non-IDR picture), nal_ref_idc: 1
    Last message repeated 4 times
[Parsed_fps_0 @ 0x7fb3e0001980] Read frame with in pts 16925, out pts 677
[Parsed_fps_0 @ 0x7fb3e0001980] Writing frame with pts 676 to pts 676
bench:        1 user        0 sys        1 real decode_video 0:1 
bench:        0 user        0 sys        1 real decode_video 0:1 
[h264 @ 0x5569477d9300] nal_unit_type: 6(SEI), nal_ref_idc: 0
[h264 @ 0x5569477d9300] nal_unit_type: 1(Coded slice of a non-IDR picture), nal_ref_idc: 1
    Last message repeated 4 times
[Parsed_fps_0 @ 0x7fb3e0001980] Read frame with in pts 16950, out pts 678
[Parsed_fps_0 @ 0x7fb3e0001980] Writing frame with pts 677 to pts 677
bench:        1 user        0 sys        1 real decode_video 0:1 
    Last message repeated 1 times
[h264 @ 0x5569477d9300] nal_unit_type: 6(SEI), nal_ref_idc: 0
[h264 @ 0x5569477d9300] nal_unit_type: 1(Coded slice of a non-IDR picture), nal_ref_idc: 1
    Last message repeated 4 times
[Parsed_fps_0 @ 0x7fb3e0001980] Read frame with in pts 16975, out pts 679
[Parsed_fps_0 @ 0x7fb3e0001980] Writing frame with pts 678 to pts 678
bench:        2 user        0 sys        4 real decode_video 0:1 
bench:        1 user        0 sys        1 real decode_video 0:1 
[h264 @ 0x5569477d9300] nal_unit_type: 6(SEI), nal_ref_idc: 0
[h264 @ 0x5569477d9300] nal_unit_type: 1(Coded slice of a non-IDR picture), nal_ref_idc: 1
    Last message repeated 3 times
[Parsed_fps_0 @ 0x7fb3e0001980] Read frame with in pts 17000, out pts 680
[Parsed_fps_0 @ 0x7fb3e0001980] Writing frame with pts 679 to pts 679
[h264 @ 0x5569477d9300] nal_unit_type: 1(Coded slice of a non-IDR picture), nal_ref_idc: 1
bench:        2 user        0 sys        4 real decode_video 0:1 
bench:        1 user        0 sys        1 real decode_video 0:1 
[h264 @ 0x5569477d9300] nal_unit_type: 6(SEI), nal_ref_idc: 0
[h264 @ 0x5569477d9300] nal_unit_type: 1(Coded slice of a non-IDR picture), nal_ref_idc: 1
    Last message repeated 4 times
[Parsed_fps_0 @ 0x7fb3e0001980] Read frame with in pts 17025, out pts 681
[Parsed_fps_0 @ 0x7fb3e0001980] Writing frame with pts 680 to pts 680
bench:        1 user        0 sys        1 real decode_video 0:1 
    Last message repeated 1 times
[h264 @ 0x5569477d9300] nal_unit_type: 6(SEI), nal_ref_idc: 0
[h264 @ 0x5569477d9300] nal_unit_type: 1(Coded slice of a non-IDR picture), nal_ref_idc: 1
    Last message repeated 4 times
[Parsed_fps_0 @ 0x7fb3e0001980] Read frame with in pts 17050, out pts 682
[Parsed_fps_0 @ 0x7fb3e0001980] Writing frame with pts 681 to pts 681
bench:        1 user        0 sys        1 real decode_video 0:1 
    Last message repeated 1 times
[h264 @ 0x5569477d9300] nal_unit_type: 6(SEI), nal_ref_idc: 0
[h264 @ 0x5569477d9300] nal_unit_type: 1(Coded slice of a non-IDR picture), nal_ref_idc: 1
    Last message repeated 4 times
[Parsed_fps_0 @ 0x7fb3e0001980] Read frame with in pts 17075, out pts 683
[Parsed_fps_0 @ 0x7fb3e0001980] Writing frame with pts 682 to pts 682
bench:        0 user        0 sys        1 real decode_video 0:1 
bench:        0 user        0 sys        0 real decode_video 0:1 
[h264 @ 0x5569477d9300] nal_unit_type: 6(SEI), nal_ref_idc: 0
[h264 @ 0x5569477d9300] nal_unit_type: 1(Coded slice of a non-IDR picture), nal_ref_idc: 1
    Last message repeated 4 times
[Parsed_fps_0 @ 0x7fb3e0001980] Read frame with in pts 17100, out pts 684
[Parsed_fps_0 @ 0x7fb3e0001980] Writing frame with pts 683 to pts 683
bench:        1 user        0 sys        1 real decode_video 0:1 
    Last message repeated 1 times
[h264 @ 0x5569477d9300] nal_unit_type: 6(SEI), nal_ref_idc: 0
[h264 @ 0x5569477d9300] nal_unit_type: 1(Coded slice of a non-IDR picture), nal_ref_idc: 1
    Last message repeated 4 times
[Parsed_fps_0 @ 0x7fb3e0001980] Read frame with in pts 17125, out pts 685
[Parsed_fps_0 @ 0x7fb3e0001980] Writing frame with pts 684 to pts 684
bench:        1 user        0 sys        1 real decode_video 0:1 
    Last message repeated 1 times
[h264 @ 0x5569477d9300] nal_unit_type: 6(SEI), nal_ref_idc: 0
[h264 @ 0x5569477d9300] nal_unit_type: 1(Coded slice of a non-IDR picture), nal_ref_idc: 1
    Last message repeated 4 times
[Parsed_fps_0 @ 0x7fb3e0001980] Read frame with in pts 17150, out pts 686
[Parsed_fps_0 @ 0x7fb3e0001980] Writing frame with pts 685 to pts 685
bench:        2 user        0 sys        2 real decode_video 0:1 
bench:        1 user        0 sys        1 real decode_video 0:1 
[h264 @ 0x5569477d9300] nal_unit_type: 6(SEI), nal_ref_idc: 0
[h264 @ 0x5569477d9300] nal_unit_type: 1(Coded slice of a non-IDR picture), nal_ref_idc: 1
    Last message repeated 4 times
[Parsed_fps_0 @ 0x7fb3e0001980] Read frame with in pts 17175, out pts 687
[Parsed_fps_0 @ 0x7fb3e0001980] Writing frame with pts 686 to pts 686
bench:        1 user        0 sys        1 real decode_video 0:1 
    Last message repeated 1 times
[h264 @ 0x5569477d9300] nal_unit_type: 6(SEI), nal_ref_idc: 0
[h264 @ 0x5569477d9300] nal_unit_type: 1(Coded slice of a non-IDR picture), nal_ref_idc: 1
    Last message repeated 4 times
[Parsed_fps_0 @ 0x7fb3e0001980] Read frame with in pts 17200, out pts 688
[Parsed_fps_0 @ 0x7fb3e0001980] Writing frame with pts 687 to pts 687
bench:        1 user        0 sys        0 real decode_video 0:1 
bench:        1 user        0 sys        1 real decode_video 0:1 
[h264 @ 0x5569477d9300] nal_unit_type: 6(SEI), nal_ref_idc: 0
[h264 @ 0x5569477d9300] nal_unit_type: 1(Coded slice of a non-IDR picture), nal_ref_idc: 1
    Last message repeated 4 times
[Parsed_fps_0 @ 0x7fb3e0001980] Read frame with in pts 17225, out pts 689
[Parsed_fps_0 @ 0x7fb3e0001980] Writing frame with pts 688 to pts 688
bench:        1 user        0 sys        1 real decode_video 0:1 
bench:        0 user        0 sys        1 real decode_video 0:1 
[h264 @ 0x5569477d9300] nal_unit_type: 6(SEI), nal_ref_idc: 0
[h264 @ 0x5569477d9300] nal_unit_type: 1(Coded slice of a non-IDR picture), nal_ref_idc: 1
    Last message repeated 4 times
[Parsed_fps_0 @ 0x7fb3e0001980] Read frame with in pts 17250, out pts 690
[Parsed_fps_0 @ 0x7fb3e0001980] Writing frame with pts 689 to pts 689
bench:        2 user        0 sys        3 real decode_video 0:1 
bench:        1 user        0 sys        1 real decode_video 0:1 
[h264 @ 0x5569477d9300] nal_unit_type: 6(SEI), nal_ref_idc: 0
[h264 @ 0x5569477d9300] nal_unit_type: 1(Coded slice of a non-IDR picture), nal_ref_idc: 1
    Last message repeated 4 times
[Parsed_fps_0 @ 0x7fb3e0001980] Read frame with in pts 17275, out pts 691
[Parsed_fps_0 @ 0x7fb3e0001980] Writing frame with pts 690 to pts 690
bench:        2 user        0 sys        4 real decode_video 0:1 
bench:        1 user        0 sys        0 real decode_video 0:1 
[h264 @ 0x5569477d9300] nal_unit_type: 6(SEI), nal_ref_idc: 0
[h264 @ 0x5569477d9300] nal_unit_type: 1(Coded slice of a non-IDR picture), nal_ref_idc: 1
    Last message repeated 4 times
[Parsed_fps_0 @ 0x7fb3e0001980] Read frame with in pts 17300, out pts 692
[Parsed_fps_0 @ 0x7fb3e0001980] Writing frame with pts 691 to pts 691
bench:        1 user        0 sys        1 real decode_video 0:1 
bench:        1 user        0 sys        2 real decode_video 0:1 
[Parsed_fps_0 @ 0x7fb3e0001980] Read frame with in pts 17325, out pts 693
[h264 @ 0x5569477d9300] nal_unit_type: 6(SEI), nal_ref_idc: 0
[h264 @ 0x5569477d9300] nal_unit_type: 1(Coded slice of a non-IDR picture), nal_ref_idc: 1
    Last message repeated 4 times
[Parsed_fps_0 @ 0x7fb3e0001980] Writing frame with pts 692 to pts 692
bench:        1 user        0 sys        3 real decode_video 0:1 
bench:        1 user        0 sys        1 real decode_video 0:1 
[h264 @ 0x5569477d9300] nal_unit_type: 6(SEI), nal_ref_idc: 0
[h264 @ 0x5569477d9300] nal_unit_type: 1(Coded slice of a non-IDR picture), nal_ref_idc: 1
    Last message repeated 4 times
[Parsed_fps_0 @ 0x7fb3e0001980] Read frame with in pts 17350, out pts 694
[Parsed_fps_0 @ 0x7fb3e0001980] Writing frame with pts 693 to pts 693
bench:        1 user        0 sys        2 real decode_video 0:1 
bench:        1 user        0 sys        1 real decode_video 0:1 
[h264 @ 0x5569477d9300] nal_unit_type: 6(SEI), nal_ref_idc: 0
[Parsed_fps_0 @ 0x7fb3e0001980] Read frame with in pts 17375, out pts 695
[Parsed_fps_0 @ 0x7fb3e0001980] Writing frame with pts 694 to pts 694
[h264 @ 0x5569477d9300] nal_unit_type: 1(Coded slice of a non-IDR picture), nal_ref_idc: 1
    Last message repeated 4 times
bench:        1 user        0 sys        1 real decode_video 0:1 
bench:        1 user        0 sys        0 real decode_video 0:1 
[h264 @ 0x5569477d9300] nal_unit_type: 6(SEI), nal_ref_idc: 0
[h264 @ 0x5569477d9300] nal_unit_type: 1(Coded slice of a non-IDR picture), nal_ref_idc: 1
    Last message repeated 4 times
[Parsed_fps_0 @ 0x7fb3e0001980] Read frame with in pts 17400, out pts 696
[Parsed_fps_0 @ 0x7fb3e0001980] Writing frame with pts 695 to pts 695
bench:        1 user        0 sys        2 real decode_video 0:1 
bench:        0 user        0 sys        0 real decode_video 0:1 
[h264 @ 0x5569477d9300] nal_unit_type: 6(SEI), nal_ref_idc: 0
[h264 @ 0x5569477d9300] nal_unit_type: 1(Coded slice of a non-IDR picture), nal_ref_idc: 1
    Last message repeated 4 times
[Parsed_fps_0 @ 0x7fb3e0001980] Read frame with in pts 17425, out pts 697
[Parsed_fps_0 @ 0x7fb3e0001980] Writing frame with pts 696 to pts 696
bench:        1 user        0 sys        0 real decode_video 0:1 
bench:        0 user        0 sys        1 real decode_video 0:1 
[h264 @ 0x5569477d9300] nal_unit_type: 6(SEI), nal_ref_idc: 0
[h264 @ 0x5569477d9300] nal_unit_type: 1(Coded slice of a non-IDR picture), nal_ref_idc: 1
    Last message repeated 4 times
[Parsed_fps_0 @ 0x7fb3e0001980] Read frame with in pts 17450, out pts 698
[Parsed_fps_0 @ 0x7fb3e0001980] Writing frame with pts 697 to pts 697
bench:        0 user        0 sys        2 real decode_video 0:1 
bench:        1 user        0 sys        0 real decode_video 0:1 
[h264 @ 0x5569477d9300] nal_unit_type: 6(SEI), nal_ref_idc: 0
[h264 @ 0x5569477d9300] nal_unit_type: 1(Coded slice of a non-IDR picture), nal_ref_idc: 1
    Last message repeated 4 times
[Parsed_fps_0 @ 0x7fb3e0001980] Read frame with in pts 17475, out pts 699
[Parsed_fps_0 @ 0x7fb3e0001980] Writing frame with pts 698 to pts 698
bench:        1 user        0 sys        1 real decode_video 0:1 
bench:        1 user        0 sys        0 real decode_video 0:1 
[h264 @ 0x5569477d9300] nal_unit_type: 6(SEI), nal_ref_idc: 0
[h264 @ 0x5569477d9300] nal_unit_type: 1(Coded slice of a non-IDR picture), nal_ref_idc: 1
    Last message repeated 4 times
[Parsed_fps_0 @ 0x7fb3e0001980] Read frame with in pts 17500, out pts 700
[Parsed_fps_0 @ 0x7fb3e0001980] Writing frame with pts 699 to pts 699
bench:        1 user        0 sys        1 real decode_video 0:1 
bench:        1 user        0 sys        0 real decode_video 0:1 
[Parsed_fps_0 @ 0x7fb3e0001980] Read frame with in pts 17525, out pts 701
[Parsed_fps_0 @ 0x7fb3e0001980] Writing frame with pts 700 to pts 700
[h264 @ 0x5569477d9300] nal_unit_type: 6(SEI), nal_ref_idc: 0
[h264 @ 0x5569477d9300] nal_unit_type: 1(Coded slice of a non-IDR picture), nal_ref_idc: 1
    Last message repeated 4 times
bench:        1 user        0 sys        2 real decode_video 0:1 
bench:        0 user        0 sys        1 real decode_video 0:1 
[h264 @ 0x5569477d9300] nal_unit_type: 6(SEI), nal_ref_idc: 0
[h264 @ 0x5569477d9300] nal_unit_type: 1(Coded slice of a non-IDR picture), nal_ref_idc: 1
    Last message repeated 4 times
[Parsed_fps_0 @ 0x7fb3e0001980] Read frame with in pts 17550, out pts 702
[Parsed_fps_0 @ 0x7fb3e0001980] Writing frame with pts 701 to pts 701
bench:        1 user        0 sys        2 real decode_video 0:1 
bench:        1 user        0 sys        1 real decode_video 0:1 
[h264 @ 0x5569477d9300] nal_unit_type: 6(SEI), nal_ref_idc: 0
[Parsed_fps_0 @ 0x7fb3e0001980] Read frame with in pts 17575, out pts 703
[Parsed_fps_0 @ 0x7fb3e0001980] Writing frame with pts 702 to pts 702
[h264 @ 0x5569477d9300] nal_unit_type: 5(IDR), nal_ref_idc: 1
    Last message repeated 4 times
bench:        2 user        0 sys        4 real decode_video 0:1 
bench:        1 user        0 sys        1 real decode_video 0:1 
[h264 @ 0x5569477d9300] nal_unit_type: 6(SEI), nal_ref_idc: 0
[h264 @ 0x5569477d9300] nal_unit_type: 1(Coded slice of a non-IDR picture), nal_ref_idc: 1
    Last message repeated 4 times
[Parsed_fps_0 @ 0x7fb3e0001980] Read frame with in pts 17600, out pts 704
[Parsed_fps_0 @ 0x7fb3e0001980] Writing frame with pts 703 to pts 703
bench:        1 user        0 sys        2 real decode_video 0:1 
bench:        0 user        0 sys        1 real decode_video 0:1 
[Parsed_fps_0 @ 0x7fb3e0001980] Read frame with in pts 17625, out pts 705
[Parsed_fps_0 @ 0x7fb3e0001980] Writing frame with pts 704 to pts 704
[h264 @ 0x5569477d9300] nal_unit_type: 6(SEI), nal_ref_idc: 0
[h264 @ 0x5569477d9300] nal_unit_type: 1(Coded slice of a non-IDR picture), nal_ref_idc: 1
    Last message repeated 4 times
bench:        1 user        0 sys        1 real decode_video 0:1 
    Last message repeated 1 times
[h264 @ 0x5569477d9300] nal_unit_type: 6(SEI), nal_ref_idc: 0
[h264 @ 0x5569477d9300] nal_unit_type: 1(Coded slice of a non-IDR picture), nal_ref_idc: 1
    Last message repeated 4 times
[Parsed_fps_0 @ 0x7fb3e0001980] Read frame with in pts 17650, out pts 706
[Parsed_fps_0 @ 0x7fb3e0001980] Writing frame with pts 705 to pts 705
bench:        1 user        0 sys        1 real decode_video 0:1 
    Last message repeated 1 times
[h264 @ 0x5569477d9300] nal_unit_type: 6(SEI), nal_ref_idc: 0
[h264 @ 0x5569477d9300] nal_unit_type: 1(Coded slice of a non-IDR picture), nal_ref_idc: 1
    Last message repeated 4 times
[Parsed_fps_0 @ 0x7fb3e0001980] Read frame with in pts 17675, out pts 707
[Parsed_fps_0 @ 0x7fb3e0001980] Writing frame with pts 706 to pts 706
bench:        1 user        0 sys        1 real decode_video 0:1 
    Last message repeated 1 times
[h264 @ 0x5569477d9300] nal_unit_type: 6(SEI), nal_ref_idc: 0
[h264 @ 0x5569477d9300] nal_unit_type: 1(Coded slice of a non-IDR picture), nal_ref_idc: 1
    Last message repeated 4 times
[Parsed_fps_0 @ 0x7fb3e0001980] Read frame with in pts 17700, out pts 708
[Parsed_fps_0 @ 0x7fb3e0001980] Writing frame with pts 707 to pts 707
bench:        2 user        0 sys        4 real decode_video 0:1 
bench:        1 user        0 sys        1 real decode_video 0:1 
[h264 @ 0x5569477d9300] nal_unit_type: 6(SEI), nal_ref_idc: 0
[h264 @ 0x5569477d9300] nal_unit_type: 1(Coded slice of a non-IDR picture), nal_ref_idc: 1
    Last message repeated 4 times
[Parsed_fps_0 @ 0x7fb3e0001980] Read frame with in pts 17725, out pts 709
[Parsed_fps_0 @ 0x7fb3e0001980] Writing frame with pts 708 to pts 708
bench:        2 user        0 sys        3 real decode_video 0:1 
bench:        1 user        0 sys        1 real decode_video 0:1 
[h264 @ 0x5569477d9300] nal_unit_type: 6(SEI), nal_ref_idc: 0
[h264 @ 0x5569477d9300] nal_unit_type: 1(Coded slice of a non-IDR picture), nal_ref_idc: 1
    Last message repeated 4 times
[Parsed_fps_0 @ 0x7fb3e0001980] Read frame with in pts 17750, out pts 710
[Parsed_fps_0 @ 0x7fb3e0001980] Writing frame with pts 709 to pts 709
bench:        2 user        0 sys        4 real decode_video 0:1 
bench:        1 user        0 sys        1 real decode_video 0:1 
[h264 @ 0x5569477d9300] nal_unit_type: 6(SEI), nal_ref_idc: 0
[h264 @ 0x5569477d9300] nal_unit_type: 1(Coded slice of a non-IDR picture), nal_ref_idc: 1
    Last message repeated 4 times
[Parsed_fps_0 @ 0x7fb3e0001980] Read frame with in pts 17775, out pts 711
[Parsed_fps_0 @ 0x7fb3e0001980] Writing frame with pts 710 to pts 710
bench:        0 user        0 sys        1 real decode_video 0:1 
bench:        0 user        0 sys        0 real decode_video 0:1 
[h264 @ 0x5569477d9300] nal_unit_type: 6(SEI), nal_ref_idc: 0
[h264 @ 0x5569477d9300] nal_unit_type: 1(Coded slice of a non-IDR picture), nal_ref_idc: 1
    Last message repeated 4 times
[Parsed_fps_0 @ 0x7fb3e0001980] Read frame with in pts 17800, out pts 712
[Parsed_fps_0 @ 0x7fb3e0001980] Writing frame with pts 711 to pts 711
bench:        0 user        0 sys        1 real decode_video 0:1 
bench:        1 user        0 sys        1 real decode_video 0:1 
[h264 @ 0x5569477d9300] nal_unit_type: 6(SEI), nal_ref_idc: 0
[h264 @ 0x5569477d9300] nal_unit_type: 1(Coded slice of a non-IDR picture), nal_ref_idc: 1
    Last message repeated 4 times
[Parsed_fps_0 @ 0x7fb3e0001980] Read frame with in pts 17825, out pts 713
[Parsed_fps_0 @ 0x7fb3e0001980] Writing frame with pts 712 to pts 712
bench:        1 user        0 sys        1 real decode_video 0:1 
    Last message repeated 1 times
[h264 @ 0x5569477d9300] nal_unit_type: 6(SEI), nal_ref_idc: 0
[h264 @ 0x5569477d9300] nal_unit_type: 1(Coded slice of a non-IDR picture), nal_ref_idc: 1
    Last message repeated 4 times
[Parsed_fps_0 @ 0x7fb3e0001980] Read frame with in pts 17850, out pts 714
[Parsed_fps_0 @ 0x7fb3e0001980] Writing frame with pts 713 to pts 713
bench:        1 user        0 sys        1 real decode_video 0:1 
bench:        1 user        0 sys        0 real decode_video 0:1 
[h264 @ 0x5569477d9300] nal_unit_type: 6(SEI), nal_ref_idc: 0
[h264 @ 0x5569477d9300] nal_unit_type: 1(Coded slice of a non-IDR picture), nal_ref_idc: 1
    Last message repeated 4 times
[Parsed_fps_0 @ 0x7fb3e0001980] Read frame with in pts 17875, out pts 715
[Parsed_fps_0 @ 0x7fb3e0001980] Writing frame with pts 714 to pts 714
bench:        1 user        0 sys        1 real decode_video 0:1 
bench:        1 user        0 sys        0 real decode_video 0:1 
[h264 @ 0x5569477d9300] nal_unit_type: 6(SEI), nal_ref_idc: 0
[h264 @ 0x5569477d9300] nal_unit_type: 1(Coded slice of a non-IDR picture), nal_ref_idc: 1
    Last message repeated 4 times
[Parsed_fps_0 @ 0x7fb3e0001980] Read frame with in pts 17900, out pts 716
[Parsed_fps_0 @ 0x7fb3e0001980] Writing frame with pts 715 to pts 715
bench:        2 user        0 sys        4 real decode_video 0:1 
bench:        1 user        0 sys        1 real decode_video 0:1 
[h264 @ 0x5569477d9300] nal_unit_type: 6(SEI), nal_ref_idc: 0
[h264 @ 0x5569477d9300] nal_unit_type: 1(Coded slice of a non-IDR picture), nal_ref_idc: 1
    Last message repeated 4 times
[Parsed_fps_0 @ 0x7fb3e0001980] Read frame with in pts 17925, out pts 717
[Parsed_fps_0 @ 0x7fb3e0001980] Writing frame with pts 716 to pts 716
bench:        1 user        0 sys        2 real decode_video 0:1 
bench:        1 user        0 sys        0 real decode_video 0:1 
[h264 @ 0x5569477d9300] nal_unit_type: 6(SEI), nal_ref_idc: 0
[h264 @ 0x5569477d9300] nal_unit_type: 1(Coded slice of a non-IDR picture), nal_ref_idc: 1
    Last message repeated 4 times
[Parsed_fps_0 @ 0x7fb3e0001980] Read frame with in pts 17950, out pts 718
[Parsed_fps_0 @ 0x7fb3e0001980] Writing frame with pts 717 to pts 717
bench:        2 user        0 sys        2 real decode_video 0:1 
bench:        1 user        0 sys        1 real decode_video 0:1 
[h264 @ 0x5569477d9300] nal_unit_type: 6(SEI), nal_ref_idc: 0
[Parsed_fps_0 @ 0x7fb3e0001980] Read frame with in pts 17975, out pts 719
[Parsed_fps_0 @ 0x7fb3e0001980] Writing frame with pts 718 to pts 718
[h264 @ 0x5569477d9300] nal_unit_type: 1(Coded slice of a non-IDR picture), nal_ref_idc: 1
    Last message repeated 4 times
bench:        0 user        1 sys        2 real decode_video 0:1 
bench:        0 user        0 sys        1 real decode_video 0:1 
[h264 @ 0x5569477d9300] nal_unit_type: 6(SEI), nal_ref_idc: 0
[h264 @ 0x5569477d9300] nal_unit_type: 1(Coded slice of a non-IDR picture), nal_ref_idc: 1
    Last message repeated 4 times
[Parsed_fps_0 @ 0x7fb3e0001980] Read frame with in pts 18000, out pts 720
[Parsed_fps_0 @ 0x7fb3e0001980] Writing frame with pts 719 to pts 719
bench:        0 user        1 sys        1 real decode_video 0:1 
bench:        0 user        0 sys        1 real decode_video 0:1 
[h264 @ 0x5569477d9300] nal_unit_type: 6(SEI), nal_ref_idc: 0
[h264 @ 0x5569477d9300] nal_unit_type: 1(Coded slice of a non-IDR picture), nal_ref_idc: 1
    Last message repeated 4 times
[Parsed_fps_0 @ 0x7fb3e0001980] Read frame with in pts 18025, out pts 721
[Parsed_fps_0 @ 0x7fb3e0001980] Writing frame with pts 720 to pts 720
bench:        0 user        1 sys        1 real decode_video 0:1 
bench:        0 user        0 sys        1 real decode_video 0:1 
[h264 @ 0x5569477d9300] nal_unit_type: 6(SEI), nal_ref_idc: 0
[h264 @ 0x5569477d9300] nal_unit_type: 1(Coded slice of a non-IDR picture), nal_ref_idc: 1
    Last message repeated 4 times
[Parsed_fps_0 @ 0x7fb3e0001980] Read frame with in pts 18050, out pts 722
[Parsed_fps_0 @ 0x7fb3e0001980] Writing frame with pts 721 to pts 721
bench:        0 user        1 sys        1 real decode_video 0:1 
bench:        0 user        0 sys        1 real decode_video 0:1 
[h264 @ 0x5569477d9300] nal_unit_type: 6(SEI), nal_ref_idc: 0
[h264 @ 0x5569477d9300] nal_unit_type: 1(Coded slice of a non-IDR picture), nal_ref_idc: 1
    Last message repeated 4 times
[Parsed_fps_0 @ 0x7fb3e0001980] Read frame with in pts 18075, out pts 723
[Parsed_fps_0 @ 0x7fb3e0001980] Writing frame with pts 722 to pts 722
bench:        0 user        1 sys        1 real decode_video 0:1 
    Last message repeated 1 times
[h264 @ 0x5569477d9300] nal_unit_type: 6(SEI), nal_ref_idc: 0
[h264 @ 0x5569477d9300] nal_unit_type: 1(Coded slice of a non-IDR picture), nal_ref_idc: 1
    Last message repeated 4 times
[Parsed_fps_0 @ 0x7fb3e0001980] Read frame with in pts 18100, out pts 724
[Parsed_fps_0 @ 0x7fb3e0001980] Writing frame with pts 723 to pts 723
bench:        0 user        0 sys        1 real decode_video 0:1 
    Last message repeated 1 times
[h264 @ 0x5569477d9300] nal_unit_type: 6(SEI), nal_ref_idc: 0
[h264 @ 0x5569477d9300] nal_unit_type: 1(Coded slice of a non-IDR picture), nal_ref_idc: 1
    Last message repeated 4 times
[Parsed_fps_0 @ 0x7fb3e0001980] Read frame with in pts 18125, out pts 725
[Parsed_fps_0 @ 0x7fb3e0001980] Writing frame with pts 724 to pts 724
bench:        0 user        1 sys        1 real decode_video 0:1 
bench:        0 user        0 sys        0 real decode_video 0:1 
[h264 @ 0x5569477d9300] nal_unit_type: 6(SEI), nal_ref_idc: 0
[h264 @ 0x5569477d9300] nal_unit_type: 1(Coded slice of a non-IDR picture), nal_ref_idc: 1
    Last message repeated 4 times
[Parsed_fps_0 @ 0x7fb3e0001980] Read frame with in pts 18150, out pts 726
[Parsed_fps_0 @ 0x7fb3e0001980] Writing frame with pts 725 to pts 725
bench:        1 user        0 sys        2 real decode_video 0:1 
bench:        0 user        0 sys        1 real decode_video 0:1 
[h264 @ 0x5569477d9300] nal_unit_type: 6(SEI), nal_ref_idc: 0
[h264 @ 0x5569477d9300] nal_unit_type: 1(Coded slice of a non-IDR picture), nal_ref_idc: 1
    Last message repeated 4 times
[Parsed_fps_0 @ 0x7fb3e0001980] Read frame with in pts 18175, out pts 727
[Parsed_fps_0 @ 0x7fb3e0001980] Writing frame with pts 726 to pts 726
bench:        1 user        0 sys        1 real decode_video 0:1 
    Last message repeated 1 times
[h264 @ 0x5569477d9300] nal_unit_type: 6(SEI), nal_ref_idc: 0
[h264 @ 0x5569477d9300] nal_unit_type: 1(Coded slice of a non-IDR picture), nal_ref_idc: 1
    Last message repeated 4 times
[Parsed_fps_0 @ 0x7fb3e0001980] Read frame with in pts 18200, out pts 728
[Parsed_fps_0 @ 0x7fb3e0001980] Writing frame with pts 727 to pts 727
bench:        0 user        0 sys        1 real decode_video 0:1 
    Last message repeated 1 times
[h264 @ 0x5569477d9300] nal_unit_type: 6(SEI), nal_ref_idc: 0
[h264 @ 0x5569477d9300] nal_unit_type: 1(Coded slice of a non-IDR picture), nal_ref_idc: 1
    Last message repeated 4 times
[Parsed_fps_0 @ 0x7fb3e0001980] Read frame with in pts 18225, out pts 729
[Parsed_fps_0 @ 0x7fb3e0001980] Writing frame with pts 728 to pts 728
bench:        1 user        0 sys        2 real decode_video 0:1 
bench:        0 user        0 sys        0 real decode_video 0:1 
[h264 @ 0x5569477d9300] nal_unit_type: 6(SEI), nal_ref_idc: 0
[h264 @ 0x5569477d9300] nal_unit_type: 1(Coded slice of a non-IDR picture), nal_ref_idc: 1
    Last message repeated 4 times
[Parsed_fps_0 @ 0x7fb3e0001980] Read frame with in pts 18250, out pts 730
[Parsed_fps_0 @ 0x7fb3e0001980] Writing frame with pts 729 to pts 729
bench:        1 user        0 sys        2 real decode_video 0:1 
bench:        1 user        0 sys        1 real decode_video 0:1 
[h264 @ 0x5569477d9300] nal_unit_type: 6(SEI), nal_ref_idc: 0
[h264 @ 0x5569477d9300] nal_unit_type: 1(Coded slice of a non-IDR picture), nal_ref_idc: 1
    Last message repeated 4 times
[Parsed_fps_0 @ 0x7fb3e0001980] Read frame with in pts 18275, out pts 731
[Parsed_fps_0 @ 0x7fb3e0001980] Writing frame with pts 730 to pts 730
bench:        1 user        0 sys        1 real decode_video 0:1 
bench:        1 user        0 sys        0 real decode_video 0:1 
[h264 @ 0x5569477d9300] nal_unit_type: 6(SEI), nal_ref_idc: 0
[h264 @ 0x5569477d9300] nal_unit_type: 1(Coded slice of a non-IDR picture), nal_ref_idc: 1
    Last message repeated 4 times
[Parsed_fps_0 @ 0x7fb3e0001980] Read frame with in pts 18300, out pts 732
[Parsed_fps_0 @ 0x7fb3e0001980] Writing frame with pts 731 to pts 731
bench:        1 user        0 sys        2 real decode_video 0:1 
bench:        1 user        0 sys        1 real decode_video 0:1 
[h264 @ 0x5569477d9300] nal_unit_type: 6(SEI), nal_ref_idc: 0
[h264 @ 0x5569477d9300] nal_unit_type: 1(Coded slice of a non-IDR picture), nal_ref_idc: 1
    Last message repeated 4 times
[Parsed_fps_0 @ 0x7fb3e0001980] Read frame with in pts 18325, out pts 733
[Parsed_fps_0 @ 0x7fb3e0001980] Writing frame with pts 732 to pts 732
bench:        0 user        0 sys        1 real decode_video 0:1 
bench:        1 user        0 sys        1 real decode_video 0:1 
[h264 @ 0x5569477d9300] nal_unit_type: 6(SEI), nal_ref_idc: 0
[h264 @ 0x5569477d9300] nal_unit_type: 1(Coded slice of a non-IDR picture), nal_ref_idc: 1
    Last message repeated 4 times
[Parsed_fps_0 @ 0x7fb3e0001980] Read frame with in pts 18350, out pts 734
[Parsed_fps_0 @ 0x7fb3e0001980] Writing frame with pts 733 to pts 733
bench:        1 user        0 sys        2 real decode_video 0:1 
bench:        1 user        0 sys        1 real decode_video 0:1 
[h264 @ 0x5569477d9300] nal_unit_type: 6(SEI), nal_ref_idc: 0
[h264 @ 0x5569477d9300] nal_unit_type: 1(Coded slice of a non-IDR picture), nal_ref_idc: 1
    Last message repeated 4 times
[Parsed_fps_0 @ 0x7fb3e0001980] Read frame with in pts 18375, out pts 735
[Parsed_fps_0 @ 0x7fb3e0001980] Writing frame with pts 734 to pts 734
bench:        1 user        0 sys        2 real decode_video 0:1 
bench:        1 user        0 sys        0 real decode_video 0:1 
[h264 @ 0x5569477d9300] nal_unit_type: 6(SEI), nal_ref_idc: 0
[h264 @ 0x5569477d9300] nal_unit_type: 1(Coded slice of a non-IDR picture), nal_ref_idc: 1
    Last message repeated 2 times
[Parsed_fps_0 @ 0x7fb3e0001980] Read frame with in pts 18400, out pts 736
[Parsed_fps_0 @ 0x7fb3e0001980] Writing frame with pts 735 to pts 735
[h264 @ 0x5569477d9300] nal_unit_type: 1(Coded slice of a non-IDR picture), nal_ref_idc: 1
    Last message repeated 1 times
bench:        0 user        0 sys        1 real decode_video 0:1 
bench:        1 user        0 sys        1 real decode_video 0:1 
[h264 @ 0x5569477d9300] nal_unit_type: 6(SEI), nal_ref_idc: 0
[h264 @ 0x5569477d9300] nal_unit_type: 1(Coded slice of a non-IDR picture), nal_ref_idc: 1
    Last message repeated 4 times
[Parsed_fps_0 @ 0x7fb3e0001980] Read frame with in pts 18425, out pts 737
[Parsed_fps_0 @ 0x7fb3e0001980] Writing frame with pts 736 to pts 736
bench:        0 user        0 sys        1 real decode_video 0:1 
bench:        1 user        0 sys        0 real decode_video 0:1 
[h264 @ 0x5569477d9300] nal_unit_type: 6(SEI), nal_ref_idc: 0
[h264 @ 0x5569477d9300] nal_unit_type: 1(Coded slice of a non-IDR picture), nal_ref_idc: 1
    Last message repeated 4 times
[Parsed_fps_0 @ 0x7fb3e0001980] Read frame with in pts 18450, out pts 738
[Parsed_fps_0 @ 0x7fb3e0001980] Writing frame with pts 737 to pts 737
bench:        1 user        0 sys        3 real decode_video 0:1 
bench:        1 user        0 sys        1 real decode_video 0:1 
[h264 @ 0x5569477d9300] nal_unit_type: 6(SEI), nal_ref_idc: 0
[h264 @ 0x5569477d9300] nal_unit_type: 1(Coded slice of a non-IDR picture), nal_ref_idc: 1
    Last message repeated 4 times
[Parsed_fps_0 @ 0x7fb3e0001980] Read frame with in pts 18475, out pts 739
[Parsed_fps_0 @ 0x7fb3e0001980] Writing frame with pts 738 to pts 738
bench:        0 user        0 sys        2 real decode_video 0:1 
bench:        1 user        0 sys        1 real decode_video 0:1 
[h264 @ 0x5569477d9300] nal_unit_type: 6(SEI), nal_ref_idc: 0
[h264 @ 0x5569477d9300] nal_unit_type: 1(Coded slice of a non-IDR picture), nal_ref_idc: 1
    Last message repeated 4 times
[Parsed_fps_0 @ 0x7fb3e0001980] Read frame with in pts 18500, out pts 740
[Parsed_fps_0 @ 0x7fb3e0001980] Writing frame with pts 739 to pts 739
bench:        1 user        0 sys        2 real decode_video 0:1 
bench:        0 user        0 sys        0 real decode_video 0:1 
[h264 @ 0x5569477d9300] nal_unit_type: 6(SEI), nal_ref_idc: 0
[h264 @ 0x5569477d9300] nal_unit_type: 1(Coded slice of a non-IDR picture), nal_ref_idc: 1
    Last message repeated 4 times
[Parsed_fps_0 @ 0x7fb3e0001980] Read frame with in pts 18525, out pts 741
[Parsed_fps_0 @ 0x7fb3e0001980] Writing frame with pts 740 to pts 740
bench:        0 user        0 sys        1 real decode_video 0:1 
bench:        1 user        0 sys        1 real decode_video 0:1 
[h264 @ 0x5569477d9300] nal_unit_type: 6(SEI), nal_ref_idc: 0
[h264 @ 0x5569477d9300] nal_unit_type: 1(Coded slice of a non-IDR picture), nal_ref_idc: 1
    Last message repeated 4 times
[Parsed_fps_0 @ 0x7fb3e0001980] Read frame with in pts 18550, out pts 742
[Parsed_fps_0 @ 0x7fb3e0001980] Writing frame with pts 741 to pts 741
bench:        1 user        0 sys        1 real decode_video 0:1 
bench:        0 user        0 sys        0 real decode_video 0:1 
[h264 @ 0x5569477d9300] nal_unit_type: 6(SEI), nal_ref_idc: 0
[h264 @ 0x5569477d9300] nal_unit_type: 1(Coded slice of a non-IDR picture), nal_ref_idc: 1
    Last message repeated 4 times
[Parsed_fps_0 @ 0x7fb3e0001980] Read frame with in pts 18575, out pts 743
[Parsed_fps_0 @ 0x7fb3e0001980] Writing frame with pts 742 to pts 742
bench:        1 user        0 sys        1 real decode_video 0:1 
    Last message repeated 1 times
[h264 @ 0x5569477d9300] nal_unit_type: 6(SEI), nal_ref_idc: 0
[h264 @ 0x5569477d9300] nal_unit_type: 1(Coded slice of a non-IDR picture), nal_ref_idc: 1
    Last message repeated 4 times
[Parsed_fps_0 @ 0x7fb3e0001980] Read frame with in pts 18600, out pts 744
[Parsed_fps_0 @ 0x7fb3e0001980] Writing frame with pts 743 to pts 743
bench:        1 user        0 sys        2 real decode_video 0:1 
bench:        0 user        0 sys        0 real decode_video 0:1 
[h264 @ 0x5569477d9300] nal_unit_type: 6(SEI), nal_ref_idc: 0
[h264 @ 0x5569477d9300] nal_unit_type: 1(Coded slice of a non-IDR picture), nal_ref_idc: 1
    Last message repeated 4 times
[Parsed_fps_0 @ 0x7fb3e0001980] Read frame with in pts 18625, out pts 745
[Parsed_fps_0 @ 0x7fb3e0001980] Writing frame with pts 744 to pts 744
bench:        2 user        0 sys        4 real decode_video 0:1 
bench:        1 user        0 sys        1 real decode_video 0:1 
[h264 @ 0x5569477d9300] nal_unit_type: 6(SEI), nal_ref_idc: 0
[h264 @ 0x5569477d9300] nal_unit_type: 1(Coded slice of a non-IDR picture), nal_ref_idc: 1
    Last message repeated 4 times
[Parsed_fps_0 @ 0x7fb3e0001980] Read frame with in pts 18650, out pts 746
[Parsed_fps_0 @ 0x7fb3e0001980] Writing frame with pts 745 to pts 745
bench:        1 user        0 sys        1 real decode_video 0:1 
bench:        0 user        0 sys        0 real decode_video 0:1 
[h264 @ 0x5569477d9300] nal_unit_type: 6(SEI), nal_ref_idc: 0
[h264 @ 0x5569477d9300] nal_unit_type: 1(Coded slice of a non-IDR picture), nal_ref_idc: 1
    Last message repeated 4 times
[Parsed_fps_0 @ 0x7fb3e0001980] Read frame with in pts 18675, out pts 747
[Parsed_fps_0 @ 0x7fb3e0001980] Writing frame with pts 746 to pts 746
bench:        1 user        0 sys        3 real decode_video 0:1 
bench:        1 user        0 sys        1 real decode_video 0:1 
[h264 @ 0x5569477d9300] nal_unit_type: 6(SEI), nal_ref_idc: 0
[h264 @ 0x5569477d9300] nal_unit_type: 1(Coded slice of a non-IDR picture), nal_ref_idc: 1
    Last message repeated 4 times
[Parsed_fps_0 @ 0x7fb3e0001980] Read frame with in pts 18700, out pts 748
[Parsed_fps_0 @ 0x7fb3e0001980] Writing frame with pts 747 to pts 747
bench:        1 user        0 sys        2 real decode_video 0:1 
bench:        1 user        0 sys        1 real decode_video 0:1 
[h264 @ 0x5569477d9300] nal_unit_type: 6(SEI), nal_ref_idc: 0
[h264 @ 0x5569477d9300] nal_unit_type: 1(Coded slice of a non-IDR picture), nal_ref_idc: 1
    Last message repeated 4 times
[Parsed_fps_0 @ 0x7fb3e0001980] Read frame with in pts 18725, out pts 749
[Parsed_fps_0 @ 0x7fb3e0001980] Writing frame with pts 748 to pts 748
bench:        1 user        0 sys        1 real decode_video 0:1 
    Last message repeated 1 times
[h264 @ 0x5569477d9300] nal_unit_type: 6(SEI), nal_ref_idc: 0
[h264 @ 0x5569477d9300] nal_unit_type: 1(Coded slice of a non-IDR picture), nal_ref_idc: 1
    Last message repeated 4 times
[Parsed_fps_0 @ 0x7fb3e0001980] Read frame with in pts 18750, out pts 750
[Parsed_fps_0 @ 0x7fb3e0001980] Writing frame with pts 749 to pts 749
bench:        1 user        0 sys        1 real decode_video 0:1 
    Last message repeated 1 times
[h264 @ 0x5569477d9300] nal_unit_type: 6(SEI), nal_ref_idc: 0
[h264 @ 0x5569477d9300] nal_unit_type: 1(Coded slice of a non-IDR picture), nal_ref_idc: 1
    Last message repeated 4 times
[Parsed_fps_0 @ 0x7fb3e0001980] Read frame with in pts 18775, out pts 751
[Parsed_fps_0 @ 0x7fb3e0001980] Writing frame with pts 750 to pts 750
bench:        1 user        0 sys        2 real decode_video 0:1 
bench:        1 user        0 sys        0 real decode_video 0:1 
[h264 @ 0x5569477d9300] nal_unit_type: 6(SEI), nal_ref_idc: 0
[h264 @ 0x5569477d9300] nal_unit_type: 1(Coded slice of a non-IDR picture), nal_ref_idc: 1
    Last message repeated 4 times
[Parsed_fps_0 @ 0x7fb3e0001980] Read frame with in pts 18800, out pts 752
[Parsed_fps_0 @ 0x7fb3e0001980] Writing frame with pts 751 to pts 751
bench:        1 user        0 sys        1 real decode_video 0:1 
bench:        1 user        0 sys        0 real decode_video 0:1 
[h264 @ 0x5569477d9300] nal_unit_type: 6(SEI), nal_ref_idc: 0
[h264 @ 0x5569477d9300] nal_unit_type: 1(Coded slice of a non-IDR picture), nal_ref_idc: 1
    Last message repeated 4 times
[Parsed_fps_0 @ 0x7fb3e0001980] Read frame with in pts 18825, out pts 753
[Parsed_fps_0 @ 0x7fb3e0001980] Writing frame with pts 752 to pts 752
bench:        2 user        0 sys        4 real decode_video 0:1 
bench:        1 user        0 sys        1 real decode_video 0:1 
[Parsed_fps_0 @ 0x7fb3e0001980] Read frame with in pts 18850, out pts 754
[h264 @ 0x5569477d9300] nal_unit_type: 6(SEI), nal_ref_idc: 0
[h264 @ 0x5569477d9300] nal_unit_type: 1(Coded slice of a non-IDR picture), nal_ref_idc: 1
    Last message repeated 4 times
[Parsed_fps_0 @ 0x7fb3e0001980] Writing frame with pts 753 to pts 753
bench:        1 user        0 sys        1 real decode_video 0:1 
bench:        1 user        0 sys        0 real decode_video 0:1 
[h264 @ 0x5569477d9300] nal_unit_type: 6(SEI), nal_ref_idc: 0
[h264 @ 0x5569477d9300] nal_unit_type: 1(Coded slice of a non-IDR picture), nal_ref_idc: 1
    Last message repeated 4 times
[Parsed_fps_0 @ 0x7fb3e0001980] Read frame with in pts 18875, out pts 755
[Parsed_fps_0 @ 0x7fb3e0001980] Writing frame with pts 754 to pts 754
bench:        1 user        0 sys        1 real decode_video 0:1 
bench:        0 user        0 sys        1 real decode_video 0:1 
[h264 @ 0x5569477d9300] nal_unit_type: 6(SEI), nal_ref_idc: 0
[h264 @ 0x5569477d9300] nal_unit_type: 1(Coded slice of a non-IDR picture), nal_ref_idc: 1
    Last message repeated 4 times
[Parsed_fps_0 @ 0x7fb3e0001980] Read frame with in pts 18900, out pts 756
[Parsed_fps_0 @ 0x7fb3e0001980] Writing frame with pts 755 to pts 755
bench:        1 user        0 sys        1 real decode_video 0:1 
bench:        0 user        0 sys        0 real decode_video 0:1 
[h264 @ 0x5569477d9300] nal_unit_type: 6(SEI), nal_ref_idc: 0
[h264 @ 0x5569477d9300] nal_unit_type: 1(Coded slice of a non-IDR picture), nal_ref_idc: 1
    Last message repeated 1 times
[Parsed_fps_0 @ 0x7fb3e0001980] Read frame with in pts 18925, out pts 757
[Parsed_fps_0 @ 0x7fb3e0001980] Writing frame with pts 756 to pts 756
[h264 @ 0x5569477d9300] nal_unit_type: 1(Coded slice of a non-IDR picture), nal_ref_idc: 1
    Last message repeated 2 times
bench:        1 user        0 sys        2 real decode_video 0:1 
bench:        0 user        0 sys        1 real decode_video 0:1 
[h264 @ 0x5569477d9300] nal_unit_type: 6(SEI), nal_ref_idc: 0
[h264 @ 0x5569477d9300] nal_unit_type: 1(Coded slice of a non-IDR picture), nal_ref_idc: 1
    Last message repeated 4 times
[Parsed_fps_0 @ 0x7fb3e0001980] Read frame with in pts 18950, out pts 758
[Parsed_fps_0 @ 0x7fb3e0001980] Writing frame with pts 757 to pts 757
bench:        0 user        0 sys        1 real decode_video 0:1 
bench:        1 user        0 sys        1 real decode_video 0:1 
[h264 @ 0x5569477d9300] nal_unit_type: 6(SEI), nal_ref_idc: 0
[h264 @ 0x5569477d9300] nal_unit_type: 1(Coded slice of a non-IDR picture), nal_ref_idc: 1
    Last message repeated 4 times
[Parsed_fps_0 @ 0x7fb3e0001980] Read frame with in pts 18975, out pts 759
[Parsed_fps_0 @ 0x7fb3e0001980] Writing frame with pts 758 to pts 758
bench:        1 user        0 sys        2 real decode_video 0:1 
bench:        0 user        0 sys        0 real decode_video 0:1 
[h264 @ 0x5569477d9300] nal_unit_type: 6(SEI), nal_ref_idc: 0
[h264 @ 0x5569477d9300] nal_unit_type: 1(Coded slice of a non-IDR picture), nal_ref_idc: 1
    Last message repeated 4 times
[Parsed_fps_0 @ 0x7fb3e0001980] Read frame with in pts 19000, out pts 760
[Parsed_fps_0 @ 0x7fb3e0001980] Writing frame with pts 759 to pts 759
bench:        3 user        0 sys        5 real decode_video 0:1 
bench:        1 user        0 sys        1 real decode_video 0:1 
[Parsed_fps_0 @ 0x7fb3e0001980] Read frame with in pts 19025, out pts 761
[Parsed_fps_0 @ 0x7fb3e0001980] Writing frame with pts 760 to pts 760
[h264 @ 0x5569477d9300] nal_unit_type: 6(SEI), nal_ref_idc: 0
[h264 @ 0x5569477d9300] nal_unit_type: 1(Coded slice of a non-IDR picture), nal_ref_idc: 1
    Last message repeated 4 times
bench:        2 user        0 sys        4 real decode_video 0:1 
bench:        1 user        0 sys        1 real decode_video 0:1 
[h264 @ 0x5569477d9300] nal_unit_type: 6(SEI), nal_ref_idc: 0
[Parsed_fps_0 @ 0x7fb3e0001980] Read frame with in pts 19050, out pts 762
[Parsed_fps_0 @ 0x7fb3e0001980] Writing frame with pts 761 to pts 761
[h264 @ 0x5569477d9300] nal_unit_type: 1(Coded slice of a non-IDR picture), nal_ref_idc: 1
    Last message repeated 4 times
bench:        2 user        0 sys        3 real decode_video 0:1 
bench:        1 user        0 sys        1 real decode_video 0:1 
[h264 @ 0x5569477d9300] nal_unit_type: 6(SEI), nal_ref_idc: 0
[h264 @ 0x5569477d9300] nal_unit_type: 1(Coded slice of a non-IDR picture), nal_ref_idc: 1
    Last message repeated 4 times
[Parsed_fps_0 @ 0x7fb3e0001980] Read frame with in pts 19075, out pts 763
[Parsed_fps_0 @ 0x7fb3e0001980] Writing frame with pts 762 to pts 762
bench:        1 user        0 sys        2 real decode_video 0:1 
bench:        1 user        0 sys        1 real decode_video 0:1 
[h264 @ 0x5569477d9300] nal_unit_type: 6(SEI), nal_ref_idc: 0
[h264 @ 0x5569477d9300] nal_unit_type: 1(Coded slice of a non-IDR picture), nal_ref_idc: 1
    Last message repeated 4 times
[Parsed_fps_0 @ 0x7fb3e0001980] Read frame with in pts 19100, out pts 764
[Parsed_fps_0 @ 0x7fb3e0001980] Writing frame with pts 763 to pts 763
bench:        0 user        0 sys        1 real decode_video 0:1 
bench:        1 user        0 sys        1 real decode_video 0:1 
[h264 @ 0x5569477d9300] nal_unit_type: 6(SEI), nal_ref_idc: 0
[h264 @ 0x5569477d9300] nal_unit_type: 1(Coded slice of a non-IDR picture), nal_ref_idc: 1
    Last message repeated 4 times
[Parsed_fps_0 @ 0x7fb3e0001980] Read frame with in pts 19125, out pts 765
[Parsed_fps_0 @ 0x7fb3e0001980] Writing frame with pts 764 to pts 764
bench:        1 user        0 sys        1 real decode_video 0:1 
bench:        0 user        0 sys        1 real decode_video 0:1 
[h264 @ 0x5569477d9300] nal_unit_type: 6(SEI), nal_ref_idc: 0
[h264 @ 0x5569477d9300] nal_unit_type: 1(Coded slice of a non-IDR picture), nal_ref_idc: 1
    Last message repeated 4 times
[Parsed_fps_0 @ 0x7fb3e0001980] Read frame with in pts 19150, out pts 766
[Parsed_fps_0 @ 0x7fb3e0001980] Writing frame with pts 765 to pts 765
bench:        0 user        0 sys        1 real decode_video 0:1 
bench:        1 user        0 sys        1 real decode_video 0:1 
[h264 @ 0x5569477d9300] nal_unit_type: 6(SEI), nal_ref_idc: 0
[Parsed_fps_0 @ 0x7fb3e0001980] Read frame with in pts 19175, out pts 767
[Parsed_fps_0 @ 0x7fb3e0001980] Writing frame with pts 766 to pts 766
[h264 @ 0x5569477d9300] nal_unit_type: 5(IDR), nal_ref_idc: 1
    Last message repeated 4 times
bench:        1 user        0 sys        4 real decode_video 0:1 
bench:        1 user        0 sys        0 real decode_video 0:1 
[h264 @ 0x5569477d9300] nal_unit_type: 6(SEI), nal_ref_idc: 0
[h264 @ 0x5569477d9300] nal_unit_type: 1(Coded slice of a non-IDR picture), nal_ref_idc: 1
    Last message repeated 4 times
[Parsed_fps_0 @ 0x7fb3e0001980] Read frame with in pts 19200, out pts 768
[Parsed_fps_0 @ 0x7fb3e0001980] Writing frame with pts 767 to pts 767
bench:        1 user        0 sys        1 real decode_video 0:1 
bench:        0 user        0 sys        0 real decode_video 0:1 
[h264 @ 0x5569477d9300] nal_unit_type: 6(SEI), nal_ref_idc: 0
[h264 @ 0x5569477d9300] nal_unit_type: 1(Coded slice of a non-IDR picture), nal_ref_idc: 1
    Last message repeated 4 times
[Parsed_fps_0 @ 0x7fb3e0001980] Read frame with in pts 19225, out pts 769
[Parsed_fps_0 @ 0x7fb3e0001980] Writing frame with pts 768 to pts 768
bench:        1 user        0 sys        1 real decode_video 0:1 
    Last message repeated 1 times
[h264 @ 0x5569477d9300] nal_unit_type: 6(SEI), nal_ref_idc: 0
[h264 @ 0x5569477d9300] nal_unit_type: 1(Coded slice of a non-IDR picture), nal_ref_idc: 1
    Last message repeated 4 times
[Parsed_fps_0 @ 0x7fb3e0001980] Read frame with in pts 19250, out pts 770
[Parsed_fps_0 @ 0x7fb3e0001980] Writing frame with pts 769 to pts 769
bench:        2 user        0 sys        2 real decode_video 0:1 
bench:        0 user        0 sys        1 real decode_video 0:1 
[h264 @ 0x5569477d9300] nal_unit_type: 6(SEI), nal_ref_idc: 0
[h264 @ 0x5569477d9300] nal_unit_type: 1(Coded slice of a non-IDR picture), nal_ref_idc: 1
    Last message repeated 4 times
[Parsed_fps_0 @ 0x7fb3e0001980] Read frame with in pts 19275, out pts 771
[Parsed_fps_0 @ 0x7fb3e0001980] Writing frame with pts 770 to pts 770
bench:        1 user        0 sys        1 real decode_video 0:1 
bench:        1 user        0 sys        0 real decode_video 0:1 
[h264 @ 0x5569477d9300] nal_unit_type: 6(SEI), nal_ref_idc: 0
[h264 @ 0x5569477d9300] nal_unit_type: 1(Coded slice of a non-IDR picture), nal_ref_idc: 1
    Last message repeated 4 times
[Parsed_fps_0 @ 0x7fb3e0001980] Read frame with in pts 19300, out pts 772
[Parsed_fps_0 @ 0x7fb3e0001980] Writing frame with pts 771 to pts 771
bench:        1 user        0 sys        1 real decode_video 0:1 
bench:        1 user        0 sys        0 real decode_video 0:1 
[h264 @ 0x5569477d9300] nal_unit_type: 6(SEI), nal_ref_idc: 0
[h264 @ 0x5569477d9300] nal_unit_type: 1(Coded slice of a non-IDR picture), nal_ref_idc: 1
    Last message repeated 4 times
[Parsed_fps_0 @ 0x7fb3e0001980] Read frame with in pts 19325, out pts 773
[Parsed_fps_0 @ 0x7fb3e0001980] Writing frame with pts 772 to pts 772
bench:        1 user        0 sys        1 real decode_video 0:1 
    Last message repeated 1 times
[h264 @ 0x5569477d9300] nal_unit_type: 6(SEI), nal_ref_idc: 0
[h264 @ 0x5569477d9300] nal_unit_type: 1(Coded slice of a non-IDR picture), nal_ref_idc: 1
    Last message repeated 4 times
[Parsed_fps_0 @ 0x7fb3e0001980] Read frame with in pts 19350, out pts 774
[Parsed_fps_0 @ 0x7fb3e0001980] Writing frame with pts 773 to pts 773
bench:        0 user        0 sys        1 real decode_video 0:1 
bench:        1 user        0 sys        1 real decode_video 0:1 
[h264 @ 0x5569477d9300] nal_unit_type: 6(SEI), nal_ref_idc: 0
[h264 @ 0x5569477d9300] nal_unit_type: 1(Coded slice of a non-IDR picture), nal_ref_idc: 1
    Last message repeated 4 times
[Parsed_fps_0 @ 0x7fb3e0001980] Read frame with in pts 19375, out pts 775
[Parsed_fps_0 @ 0x7fb3e0001980] Writing frame with pts 774 to pts 774
bench:        1 user        0 sys        1 real decode_video 0:1 
bench:        0 user        0 sys        1 real decode_video 0:1 
[h264 @ 0x5569477d9300] nal_unit_type: 6(SEI), nal_ref_idc: 0
[h264 @ 0x5569477d9300] nal_unit_type: 1(Coded slice of a non-IDR picture), nal_ref_idc: 1
    Last message repeated 4 times
[Parsed_fps_0 @ 0x7fb3e0001980] Read frame with in pts 19400, out pts 776
[Parsed_fps_0 @ 0x7fb3e0001980] Writing frame with pts 775 to pts 775
bench:        1 user        0 sys        1 real decode_video 0:1 
bench:        0 user        0 sys        0 real decode_video 0:1 
[h264 @ 0x5569477d9300] nal_unit_type: 6(SEI), nal_ref_idc: 0
[h264 @ 0x5569477d9300] nal_unit_type: 1(Coded slice of a non-IDR picture), nal_ref_idc: 1
    Last message repeated 4 times
[Parsed_fps_0 @ 0x7fb3e0001980] Read frame with in pts 19425, out pts 777
[Parsed_fps_0 @ 0x7fb3e0001980] Writing frame with pts 776 to pts 776
bench:        1 user        0 sys        1 real decode_video 0:1 
bench:        0 user        0 sys        1 real decode_video 0:1 
[h264 @ 0x5569477d9300] nal_unit_type: 6(SEI), nal_ref_idc: 0
[h264 @ 0x5569477d9300] nal_unit_type: 1(Coded slice of a non-IDR picture), nal_ref_idc: 1
    Last message repeated 4 times
[Parsed_fps_0 @ 0x7fb3e0001980] Read frame with in pts 19450, out pts 778
[Parsed_fps_0 @ 0x7fb3e0001980] Writing frame with pts 777 to pts 777
bench:        1 user        0 sys        1 real decode_video 0:1 
bench:        0 user        0 sys        1 real decode_video 0:1 
[h264 @ 0x5569477d9300] nal_unit_type: 6(SEI), nal_ref_idc: 0
[h264 @ 0x5569477d9300] nal_unit_type: 1(Coded slice of a non-IDR picture), nal_ref_idc: 1
    Last message repeated 4 times
[Parsed_fps_0 @ 0x7fb3e0001980] Read frame with in pts 19475, out pts 779
[Parsed_fps_0 @ 0x7fb3e0001980] Writing frame with pts 778 to pts 778
bench:        1 user        0 sys        1 real decode_video 0:1 
    Last message repeated 1 times
[h264 @ 0x5569477d9300] nal_unit_type: 6(SEI), nal_ref_idc: 0
[h264 @ 0x5569477d9300] nal_unit_type: 1(Coded slice of a non-IDR picture), nal_ref_idc: 1
    Last message repeated 4 times
[Parsed_fps_0 @ 0x7fb3e0001980] Read frame with in pts 19500, out pts 780
[Parsed_fps_0 @ 0x7fb3e0001980] Writing frame with pts 779 to pts 779
bench:        0 user        0 sys        1 real decode_video 0:1 
bench:        1 user        0 sys        0 real decode_video 0:1 
[h264 @ 0x5569477d9300] nal_unit_type: 6(SEI), nal_ref_idc: 0
[h264 @ 0x5569477d9300] nal_unit_type: 1(Coded slice of a non-IDR picture), nal_ref_idc: 1
    Last message repeated 4 times
[Parsed_fps_0 @ 0x7fb3e0001980] Read frame with in pts 19525, out pts 781
[Parsed_fps_0 @ 0x7fb3e0001980] Writing frame with pts 780 to pts 780
bench:        1 user        0 sys        1 real decode_video 0:1 
bench:        0 user        0 sys        1 real decode_video 0:1 
[h264 @ 0x5569477d9300] nal_unit_type: 6(SEI), nal_ref_idc: 0
[h264 @ 0x5569477d9300] nal_unit_type: 1(Coded slice of a non-IDR picture), nal_ref_idc: 1
    Last message repeated 4 times
[Parsed_fps_0 @ 0x7fb3e0001980] Read frame with in pts 19550, out pts 782
[Parsed_fps_0 @ 0x7fb3e0001980] Writing frame with pts 781 to pts 781
bench:        0 user        0 sys        1 real decode_video 0:1 
bench:        0 user        0 sys        0 real decode_video 0:1 
[h264 @ 0x5569477d9300] nal_unit_type: 6(SEI), nal_ref_idc: 0
[h264 @ 0x5569477d9300] nal_unit_type: 1(Coded slice of a non-IDR picture), nal_ref_idc: 1
    Last message repeated 4 times
[Parsed_fps_0 @ 0x7fb3e0001980] Read frame with in pts 19575, out pts 783
[Parsed_fps_0 @ 0x7fb3e0001980] Writing frame with pts 782 to pts 782
bench:        1 user        0 sys        1 real decode_video 0:1 
bench:        0 user        0 sys        0 real decode_video 0:1 
[h264 @ 0x5569477d9300] nal_unit_type: 6(SEI), nal_ref_idc: 0
[h264 @ 0x5569477d9300] nal_unit_type: 1(Coded slice of a non-IDR picture), nal_ref_idc: 1
    Last message repeated 4 times
[Parsed_fps_0 @ 0x7fb3e0001980] Read frame with in pts 19600, out pts 784
[Parsed_fps_0 @ 0x7fb3e0001980] Writing frame with pts 783 to pts 783
bench:        0 user        0 sys        1 real decode_video 0:1 
bench:        1 user        0 sys        0 real decode_video 0:1 
[h264 @ 0x5569477d9300] nal_unit_type: 6(SEI), nal_ref_idc: 0
[h264 @ 0x5569477d9300] nal_unit_type: 1(Coded slice of a non-IDR picture), nal_ref_idc: 1
    Last message repeated 4 times
[Parsed_fps_0 @ 0x7fb3e0001980] Read frame with in pts 19625, out pts 785
[Parsed_fps_0 @ 0x7fb3e0001980] Writing frame with pts 784 to pts 784
bench:        0 user        0 sys        1 real decode_video 0:1 
bench:        1 user        0 sys        0 real decode_video 0:1 
[h264 @ 0x5569477d9300] nal_unit_type: 6(SEI), nal_ref_idc: 0
[h264 @ 0x5569477d9300] nal_unit_type: 1(Coded slice of a non-IDR picture), nal_ref_idc: 1
    Last message repeated 4 times
[Parsed_fps_0 @ 0x7fb3e0001980] Read frame with in pts 19650, out pts 786
[Parsed_fps_0 @ 0x7fb3e0001980] Writing frame with pts 785 to pts 785
bench:        0 user        0 sys        2 real decode_video 0:1 
bench:        0 user        0 sys        0 real decode_video 0:1 
[h264 @ 0x5569477d9300] nal_unit_type: 6(SEI), nal_ref_idc: 0
[h264 @ 0x5569477d9300] nal_unit_type: 1(Coded slice of a non-IDR picture), nal_ref_idc: 1
    Last message repeated 4 times
[Parsed_fps_0 @ 0x7fb3e0001980] Read frame with in pts 19675, out pts 787
[Parsed_fps_0 @ 0x7fb3e0001980] Writing frame with pts 786 to pts 786
bench:        1 user        0 sys        1 real decode_video 0:1 
    Last message repeated 1 times
[h264 @ 0x5569477d9300] nal_unit_type: 6(SEI), nal_ref_idc: 0
[h264 @ 0x5569477d9300] nal_unit_type: 1(Coded slice of a non-IDR picture), nal_ref_idc: 1
    Last message repeated 4 times
[Parsed_fps_0 @ 0x7fb3e0001980] Read frame with in pts 19700, out pts 788
[Parsed_fps_0 @ 0x7fb3e0001980] Writing frame with pts 787 to pts 787
bench:        1 user        0 sys        1 real decode_video 0:1 
    Last message repeated 1 times
[h264 @ 0x5569477d9300] nal_unit_type: 6(SEI), nal_ref_idc: 0
[h264 @ 0x5569477d9300] nal_unit_type: 1(Coded slice of a non-IDR picture), nal_ref_idc: 1
    Last message repeated 4 times
[Parsed_fps_0 @ 0x7fb3e0001980] Read frame with in pts 19725, out pts 789
[Parsed_fps_0 @ 0x7fb3e0001980] Writing frame with pts 788 to pts 788
bench:        1 user        0 sys        1 real decode_video 0:1 
    Last message repeated 1 times
[h264 @ 0x5569477d9300] nal_unit_type: 6(SEI), nal_ref_idc: 0
[h264 @ 0x5569477d9300] nal_unit_type: 1(Coded slice of a non-IDR picture), nal_ref_idc: 1
    Last message repeated 4 times
[Parsed_fps_0 @ 0x7fb3e0001980] Read frame with in pts 19750, out pts 790
[Parsed_fps_0 @ 0x7fb3e0001980] Writing frame with pts 789 to pts 789
bench:        0 user        0 sys        1 real decode_video 0:1 
bench:        0 user        0 sys        0 real decode_video 0:1 
[h264 @ 0x5569477d9300] nal_unit_type: 6(SEI), nal_ref_idc: 0
[h264 @ 0x5569477d9300] nal_unit_type: 1(Coded slice of a non-IDR picture), nal_ref_idc: 1
    Last message repeated 4 times
[Parsed_fps_0 @ 0x7fb3e0001980] Read frame with in pts 19775, out pts 791
[Parsed_fps_0 @ 0x7fb3e0001980] Writing frame with pts 790 to pts 790
bench:        1 user        0 sys        2 real decode_video 0:1 
bench:        1 user        0 sys        1 real decode_video 0:1 
[h264 @ 0x5569477d9300] nal_unit_type: 6(SEI), nal_ref_idc: 0
[h264 @ 0x5569477d9300] nal_unit_type: 1(Coded slice of a non-IDR picture), nal_ref_idc: 1
    Last message repeated 4 times
[Parsed_fps_0 @ 0x7fb3e0001980] Read frame with in pts 19800, out pts 792
[Parsed_fps_0 @ 0x7fb3e0001980] Writing frame with pts 791 to pts 791
bench:        0 user        0 sys        1 real decode_video 0:1 
bench:        2 user        0 sys        2 real decode_video 0:1 
[h264 @ 0x5569477d9300] nal_unit_type: 6(SEI), nal_ref_idc: 0
[h264 @ 0x5569477d9300] nal_unit_type: 1(Coded slice of a non-IDR picture), nal_ref_idc: 1
    Last message repeated 4 times
[Parsed_fps_0 @ 0x7fb3e0001980] Read frame with in pts 19825, out pts 793
[Parsed_fps_0 @ 0x7fb3e0001980] Writing frame with pts 792 to pts 792
bench:        1 user        0 sys        2 real decode_video 0:1 
bench:        0 user        0 sys        1 real decode_video 0:1 
[h264 @ 0x5569477d9300] nal_unit_type: 6(SEI), nal_ref_idc: 0
[h264 @ 0x5569477d9300] nal_unit_type: 1(Coded slice of a non-IDR picture), nal_ref_idc: 1
    Last message repeated 4 times
[Parsed_fps_0 @ 0x7fb3e0001980] Read frame with in pts 19850, out pts 794
[Parsed_fps_0 @ 0x7fb3e0001980] Writing frame with pts 793 to pts 793
bench:        0 user        0 sys        2 real decode_video 0:1 
bench:        0 user        0 sys        1 real decode_video 0:1 
[h264 @ 0x5569477d9300] nal_unit_type: 6(SEI), nal_ref_idc: 0
[h264 @ 0x5569477d9300] nal_unit_type: 1(Coded slice of a non-IDR picture), nal_ref_idc: 1
    Last message repeated 4 times
[Parsed_fps_0 @ 0x7fb3e0001980] Read frame with in pts 19875, out pts 795
[Parsed_fps_0 @ 0x7fb3e0001980] Writing frame with pts 794 to pts 794
bench:        1 user        0 sys        2 real decode_video 0:1 
bench:        0 user        0 sys        1 real decode_video 0:1 
[h264 @ 0x5569477d9300] nal_unit_type: 6(SEI), nal_ref_idc: 0
[h264 @ 0x5569477d9300] nal_unit_type: 1(Coded slice of a non-IDR picture), nal_ref_idc: 1
    Last message repeated 4 times
[Parsed_fps_0 @ 0x7fb3e0001980] Read frame with in pts 19900, out pts 796
[Parsed_fps_0 @ 0x7fb3e0001980] Writing frame with pts 795 to pts 795
bench:        1 user        0 sys        1 real decode_video 0:1 
    Last message repeated 1 times
[h264 @ 0x5569477d9300] nal_unit_type: 6(SEI), nal_ref_idc: 0
[h264 @ 0x5569477d9300] nal_unit_type: 1(Coded slice of a non-IDR picture), nal_ref_idc: 1
    Last message repeated 4 times
[Parsed_fps_0 @ 0x7fb3e0001980] Read frame with in pts 19925, out pts 797
[Parsed_fps_0 @ 0x7fb3e0001980] Writing frame with pts 796 to pts 796
bench:        1 user        0 sys        1 real decode_video 0:1 
bench:        0 user        0 sys        1 real decode_video 0:1 
[h264 @ 0x5569477d9300] nal_unit_type: 6(SEI), nal_ref_idc: 0
[h264 @ 0x5569477d9300] nal_unit_type: 1(Coded slice of a non-IDR picture), nal_ref_idc: 1
    Last message repeated 4 times
[Parsed_fps_0 @ 0x7fb3e0001980] Read frame with in pts 19950, out pts 798
[Parsed_fps_0 @ 0x7fb3e0001980] Writing frame with pts 797 to pts 797
bench:        0 user        0 sys        1 real decode_video 0:1 
    Last message repeated 1 times
[h264 @ 0x5569477d9300] nal_unit_type: 6(SEI), nal_ref_idc: 0
[h264 @ 0x5569477d9300] nal_unit_type: 1(Coded slice of a non-IDR picture), nal_ref_idc: 1
    Last message repeated 4 times
[Parsed_fps_0 @ 0x7fb3e0001980] Read frame with in pts 19975, out pts 799
[Parsed_fps_0 @ 0x7fb3e0001980] Writing frame with pts 798 to pts 798
bench:        1 user        0 sys        1 real decode_video 0:1 
bench:        0 user        0 sys        1 real decode_video 0:1 
[h264 @ 0x5569477d9300] nal_unit_type: 6(SEI), nal_ref_idc: 0
[h264 @ 0x5569477d9300] nal_unit_type: 1(Coded slice of a non-IDR picture), nal_ref_idc: 1
    Last message repeated 4 times
[Parsed_fps_0 @ 0x7fb3e0001980] Read frame with in pts 20000, out pts 800
[Parsed_fps_0 @ 0x7fb3e0001980] Writing frame with pts 799 to pts 799
bench:        1 user        0 sys        1 real decode_video 0:1 
bench:        0 user        0 sys        0 real decode_video 0:1 
[h264 @ 0x5569477d9300] nal_unit_type: 6(SEI), nal_ref_idc: 0
[h264 @ 0x5569477d9300] nal_unit_type: 1(Coded slice of a non-IDR picture), nal_ref_idc: 1
    Last message repeated 3 times
[Parsed_fps_0 @ 0x7fb3e0001980] Read frame with in pts 20025, out pts 801
[Parsed_fps_0 @ 0x7fb3e0001980] Writing frame with pts 800 to pts 800
[h264 @ 0x5569477d9300] nal_unit_type: 1(Coded slice of a non-IDR picture), nal_ref_idc: 1
bench:        1 user        0 sys        1 real decode_video 0:1 
bench:        0 user        0 sys        1 real decode_video 0:1 
[h264 @ 0x5569477d9300] nal_unit_type: 6(SEI), nal_ref_idc: 0
[h264 @ 0x5569477d9300] nal_unit_type: 1(Coded slice of a non-IDR picture), nal_ref_idc: 1
    Last message repeated 4 times
[Parsed_fps_0 @ 0x7fb3e0001980] Read frame with in pts 20050, out pts 802
[Parsed_fps_0 @ 0x7fb3e0001980] Writing frame with pts 801 to pts 801
bench:        1 user        0 sys        1 real decode_video 0:1 
bench:        0 user        0 sys        1 real decode_video 0:1 
[h264 @ 0x5569477d9300] nal_unit_type: 6(SEI), nal_ref_idc: 0
[h264 @ 0x5569477d9300] nal_unit_type: 1(Coded slice of a non-IDR picture), nal_ref_idc: 1
    Last message repeated 4 times
[Parsed_fps_0 @ 0x7fb3e0001980] Read frame with in pts 20075, out pts 803
[Parsed_fps_0 @ 0x7fb3e0001980] Writing frame with pts 802 to pts 802
bench:        1 user        0 sys        1 real decode_video 0:1 
bench:        0 user        0 sys        1 real decode_video 0:1 
[h264 @ 0x5569477d9300] nal_unit_type: 6(SEI), nal_ref_idc: 0
[h264 @ 0x5569477d9300] nal_unit_type: 1(Coded slice of a non-IDR picture), nal_ref_idc: 1
    Last message repeated 4 times
[Parsed_fps_0 @ 0x7fb3e0001980] Read frame with in pts 20100, out pts 804
[Parsed_fps_0 @ 0x7fb3e0001980] Writing frame with pts 803 to pts 803
bench:        1 user        0 sys        2 real decode_video 0:1 
bench:        0 user        0 sys        1 real decode_video 0:1 
[h264 @ 0x5569477d9300] nal_unit_type: 6(SEI), nal_ref_idc: 0
[Parsed_fps_0 @ 0x7fb3e0001980] Read frame with in pts 20125, out pts 805
[Parsed_fps_0 @ 0x7fb3e0001980] Writing frame with pts 804 to pts 804
[h264 @ 0x5569477d9300] nal_unit_type: 1(Coded slice of a non-IDR picture), nal_ref_idc: 1
    Last message repeated 4 times
bench:        1 user        0 sys        1 real decode_video 0:1 
bench:        0 user        0 sys        1 real decode_video 0:1 
[h264 @ 0x5569477d9300] nal_unit_type: 6(SEI), nal_ref_idc: 0
[h264 @ 0x5569477d9300] nal_unit_type: 1(Coded slice of a non-IDR picture), nal_ref_idc: 1
    Last message repeated 4 times
[Parsed_fps_0 @ 0x7fb3e0001980] Read frame with in pts 20150, out pts 806
[Parsed_fps_0 @ 0x7fb3e0001980] Writing frame with pts 805 to pts 805
bench:        1 user        0 sys        1 real decode_video 0:1 
bench:        1 user        0 sys        0 real decode_video 0:1 
[h264 @ 0x5569477d9300] nal_unit_type: 6(SEI), nal_ref_idc: 0
[h264 @ 0x5569477d9300] nal_unit_type: 1(Coded slice of a non-IDR picture), nal_ref_idc: 1
    Last message repeated 4 times
[Parsed_fps_0 @ 0x7fb3e0001980] Read frame with in pts 20175, out pts 807
[Parsed_fps_0 @ 0x7fb3e0001980] Writing frame with pts 806 to pts 806
bench:        1 user        0 sys        1 real decode_video 0:1 
bench:        0 user        0 sys        0 real decode_video 0:1 
[h264 @ 0x5569477d9300] nal_unit_type: 6(SEI), nal_ref_idc: 0
[h264 @ 0x5569477d9300] nal_unit_type: 1(Coded slice of a non-IDR picture), nal_ref_idc: 1
    Last message repeated 4 times
[Parsed_fps_0 @ 0x7fb3e0001980] Read frame with in pts 20200, out pts 808
[Parsed_fps_0 @ 0x7fb3e0001980] Writing frame with pts 807 to pts 807
bench:        2 user        0 sys        4 real decode_video 0:1 
bench:        1 user        0 sys        1 real decode_video 0:1 
[h264 @ 0x5569477d9300] nal_unit_type: 6(SEI), nal_ref_idc: 0
[h264 @ 0x5569477d9300] nal_unit_type: 1(Coded slice of a non-IDR picture), nal_ref_idc: 1
    Last message repeated 4 times
[Parsed_fps_0 @ 0x7fb3e0001980] Read frame with in pts 20225, out pts 809
[Parsed_fps_0 @ 0x7fb3e0001980] Writing frame with pts 808 to pts 808
bench:        1 user        0 sys        1 real decode_video 0:1 
    Last message repeated 1 times
[h264 @ 0x5569477d9300] nal_unit_type: 6(SEI), nal_ref_idc: 0
[h264 @ 0x5569477d9300] nal_unit_type: 1(Coded slice of a non-IDR picture), nal_ref_idc: 1
    Last message repeated 4 times
[Parsed_fps_0 @ 0x7fb3e0001980] Read frame with in pts 20250, out pts 810
[Parsed_fps_0 @ 0x7fb3e0001980] Writing frame with pts 809 to pts 809
bench:        2 user        0 sys        4 real decode_video 0:1 
bench:        1 user        0 sys        0 real decode_video 0:1 
[h264 @ 0x5569477d9300] nal_unit_type: 6(SEI), nal_ref_idc: 0
[h264 @ 0x5569477d9300] nal_unit_type: 1(Coded slice of a non-IDR picture), nal_ref_idc: 1
    Last message repeated 4 times
[Parsed_fps_0 @ 0x7fb3e0001980] Read frame with in pts 20275, out pts 811
[Parsed_fps_0 @ 0x7fb3e0001980] Writing frame with pts 810 to pts 810
bench:        1 user        0 sys        1 real decode_video 0:1 
bench:        1 user        0 sys        0 real decode_video 0:1 
[h264 @ 0x5569477d9300] nal_unit_type: 6(SEI), nal_ref_idc: 0
[h264 @ 0x5569477d9300] nal_unit_type: 1(Coded slice of a non-IDR picture), nal_ref_idc: 1
    Last message repeated 4 times
[Parsed_fps_0 @ 0x7fb3e0001980] Read frame with in pts 20300, out pts 812
[Parsed_fps_0 @ 0x7fb3e0001980] Writing frame with pts 811 to pts 811
bench:        1 user        0 sys        2 real decode_video 0:1 
bench:        1 user        0 sys        1 real decode_video 0:1 
[h264 @ 0x5569477d9300] nal_unit_type: 6(SEI), nal_ref_idc: 0
[h264 @ 0x5569477d9300] nal_unit_type: 1(Coded slice of a non-IDR picture), nal_ref_idc: 1
    Last message repeated 4 times
[Parsed_fps_0 @ 0x7fb3e0001980] Read frame with in pts 20325, out pts 813
[Parsed_fps_0 @ 0x7fb3e0001980] Writing frame with pts 812 to pts 812
bench:        1 user        0 sys        1 real decode_video 0:1 
    Last message repeated 1 times
[h264 @ 0x5569477d9300] nal_unit_type: 6(SEI), nal_ref_idc: 0
[h264 @ 0x5569477d9300] nal_unit_type: 1(Coded slice of a non-IDR picture), nal_ref_idc: 1
    Last message repeated 4 times
[Parsed_fps_0 @ 0x7fb3e0001980] Read frame with in pts 20350, out pts 814
[Parsed_fps_0 @ 0x7fb3e0001980] Writing frame with pts 813 to pts 813
bench:        0 user        0 sys        1 real decode_video 0:1 
bench:        1 user        0 sys        1 real decode_video 0:1 
[h264 @ 0x5569477d9300] nal_unit_type: 6(SEI), nal_ref_idc: 0
[h264 @ 0x5569477d9300] nal_unit_type: 1(Coded slice of a non-IDR picture), nal_ref_idc: 1
    Last message repeated 4 times
[Parsed_fps_0 @ 0x7fb3e0001980] Read frame with in pts 20375, out pts 815
[Parsed_fps_0 @ 0x7fb3e0001980] Writing frame with pts 814 to pts 814
bench:        1 user        0 sys        1 real decode_video 0:1 
bench:        1 user        0 sys        0 real decode_video 0:1 
[h264 @ 0x5569477d9300] nal_unit_type: 6(SEI), nal_ref_idc: 0
[h264 @ 0x5569477d9300] nal_unit_type: 1(Coded slice of a non-IDR picture), nal_ref_idc: 1
    Last message repeated 4 times
[Parsed_fps_0 @ 0x7fb3e0001980] Read frame with in pts 20400, out pts 816
[Parsed_fps_0 @ 0x7fb3e0001980] Writing frame with pts 815 to pts 815
bench:        1 user        0 sys        1 real decode_video 0:1 
bench:        1 user        0 sys        0 real decode_video 0:1 
[h264 @ 0x5569477d9300] nal_unit_type: 6(SEI), nal_ref_idc: 0
[h264 @ 0x5569477d9300] nal_unit_type: 1(Coded slice of a non-IDR picture), nal_ref_idc: 1
    Last message repeated 4 times
[Parsed_fps_0 @ 0x7fb3e0001980] Read frame with in pts 20425, out pts 817
[Parsed_fps_0 @ 0x7fb3e0001980] Writing frame with pts 816 to pts 816
bench:        1 user        0 sys        1 real decode_video 0:1 
bench:        1 user        0 sys        0 real decode_video 0:1 
[h264 @ 0x5569477d9300] nal_unit_type: 6(SEI), nal_ref_idc: 0
[h264 @ 0x5569477d9300] nal_unit_type: 1(Coded slice of a non-IDR picture), nal_ref_idc: 1
    Last message repeated 4 times
[Parsed_fps_0 @ 0x7fb3e0001980] Read frame with in pts 20450, out pts 818
[Parsed_fps_0 @ 0x7fb3e0001980] Writing frame with pts 817 to pts 817
bench:        2 user        0 sys        4 real decode_video 0:1 
bench:        0 user        0 sys        1 real decode_video 0:1 
[h264 @ 0x5569477d9300] nal_unit_type: 6(SEI), nal_ref_idc: 0
[h264 @ 0x5569477d9300] nal_unit_type: 1(Coded slice of a non-IDR picture), nal_ref_idc: 1
    Last message repeated 4 times
[Parsed_fps_0 @ 0x7fb3e0001980] Read frame with in pts 20475, out pts 819
[Parsed_fps_0 @ 0x7fb3e0001980] Writing frame with pts 818 to pts 818
bench:        1 user        0 sys        1 real decode_video 0:1 
bench:        0 user        0 sys        0 real decode_video 0:1 
[h264 @ 0x5569477d9300] nal_unit_type: 6(SEI), nal_ref_idc: 0
[h264 @ 0x5569477d9300] nal_unit_type: 1(Coded slice of a non-IDR picture), nal_ref_idc: 1
    Last message repeated 4 times
[Parsed_fps_0 @ 0x7fb3e0001980] Read frame with in pts 20500, out pts 820
[Parsed_fps_0 @ 0x7fb3e0001980] Writing frame with pts 819 to pts 819
bench:        1 user        0 sys        1 real decode_video 0:1 
    Last message repeated 1 times
[h264 @ 0x5569477d9300] nal_unit_type: 6(SEI), nal_ref_idc: 0
[h264 @ 0x5569477d9300] nal_unit_type: 1(Coded slice of a non-IDR picture), nal_ref_idc: 1
    Last message repeated 4 times
bench:        0 user        0 sys        1 real decode_video 0:1 
bench:        1 user        0 sys        1 real decode_video 0:1 
[h264 @ 0x5569477d9300] nal_unit_type: 6(SEI), nal_ref_idc: 0
[h264 @ 0x5569477d9300] nal_unit_type: 1(Coded slice of a non-IDR picture), nal_ref_idc: 1
    Last message repeated 4 times
[Parsed_fps_0 @ 0x7fb3e0001980] Read frame with in pts 20525, out pts 821
[Parsed_fps_0 @ 0x7fb3e0001980] Writing frame with pts 820 to pts 820
[Parsed_fps_0 @ 0x7fb3e0001980] Read frame with in pts 20550, out pts 822
[Parsed_fps_0 @ 0x7fb3e0001980] Writing frame with pts 821 to pts 821
bench:        1 user        1 sys        3 real decode_video 0:1 
bench:        1 user        0 sys        1 real decode_video 0:1 
[h264 @ 0x5569477d9300] nal_unit_type: 6(SEI), nal_ref_idc: 0
[h264 @ 0x5569477d9300] nal_unit_type: 1(Coded slice of a non-IDR picture), nal_ref_idc: 1
    Last message repeated 4 times
[Parsed_fps_0 @ 0x7fb3e0001980] Read frame with in pts 20575, out pts 823
[Parsed_fps_0 @ 0x7fb3e0001980] Writing frame with pts 822 to pts 822
bench:        1 user        0 sys        1 real decode_video 0:1 
    Last message repeated 1 times
[h264 @ 0x5569477d9300] nal_unit_type: 6(SEI), nal_ref_idc: 0
[h264 @ 0x5569477d9300] nal_unit_type: 1(Coded slice of a non-IDR picture), nal_ref_idc: 1
    Last message repeated 4 times
[Parsed_fps_0 @ 0x7fb3e0001980] Read frame with in pts 20600, out pts 824
[Parsed_fps_0 @ 0x7fb3e0001980] Writing frame with pts 823 to pts 823
bench:        2 user        0 sys        4 real decode_video 0:1 
bench:        1 user        0 sys        1 real decode_video 0:1 
[h264 @ 0x5569477d9300] nal_unit_type: 6(SEI), nal_ref_idc: 0
[h264 @ 0x5569477d9300] nal_unit_type: 1(Coded slice of a non-IDR picture), nal_ref_idc: 1
    Last message repeated 3 times
[Parsed_fps_0 @ 0x7fb3e0001980] Read frame with in pts 20625, out pts 825
[Parsed_fps_0 @ 0x7fb3e0001980] Writing frame with pts 824 to pts 824
[h264 @ 0x5569477d9300] nal_unit_type: 1(Coded slice of a non-IDR picture), nal_ref_idc: 1
bench:        0 user        0 sys        1 real decode_video 0:1 
bench:        1 user        0 sys        1 real decode_video 0:1 
[h264 @ 0x5569477d9300] nal_unit_type: 6(SEI), nal_ref_idc: 0
[Parsed_fps_0 @ 0x7fb3e0001980] Read frame with in pts 20650, out pts 826
[Parsed_fps_0 @ 0x7fb3e0001980] Writing frame with pts 825 to pts 825
[h264 @ 0x5569477d9300] nal_unit_type: 1(Coded slice of a non-IDR picture), nal_ref_idc: 1
    Last message repeated 4 times
bench:        1 user        0 sys        2 real decode_video 0:1 
bench:        0 user        0 sys        0 real decode_video 0:1 
[h264 @ 0x5569477d9300] nal_unit_type: 6(SEI), nal_ref_idc: 0
[h264 @ 0x5569477d9300] nal_unit_type: 1(Coded slice of a non-IDR picture), nal_ref_idc: 1
    Last message repeated 4 times
[Parsed_fps_0 @ 0x7fb3e0001980] Read frame with in pts 20675, out pts 827
[Parsed_fps_0 @ 0x7fb3e0001980] Writing frame with pts 826 to pts 826
bench:        0 user        0 sys        1 real decode_video 0:1 
    Last message repeated 1 times
[Parsed_fps_0 @ 0x7fb3e0001980] Read frame with in pts 20700, out pts 828
[Parsed_fps_0 @ 0x7fb3e0001980] Writing frame with pts 827 to pts 827
[h264 @ 0x5569477d9300] nal_unit_type: 6(SEI), nal_ref_idc: 0
[h264 @ 0x5569477d9300] nal_unit_type: 1(Coded slice of a non-IDR picture), nal_ref_idc: 1
    Last message repeated 4 times
bench:        1 user        0 sys        1 real decode_video 0:1 
bench:        0 user        0 sys        0 real decode_video 0:1 
[h264 @ 0x5569477d9300] nal_unit_type: 6(SEI), nal_ref_idc: 0
[h264 @ 0x5569477d9300] nal_unit_type: 1(Coded slice of a non-IDR picture), nal_ref_idc: 1
    Last message repeated 4 times
[Parsed_fps_0 @ 0x7fb3e0001980] Read frame with in pts 20725, out pts 829
[Parsed_fps_0 @ 0x7fb3e0001980] Writing frame with pts 828 to pts 828
bench:        1 user        0 sys        1 real decode_video 0:1 
    Last message repeated 1 times
[h264 @ 0x5569477d9300] nal_unit_type: 6(SEI), nal_ref_idc: 0
[h264 @ 0x5569477d9300] nal_unit_type: 1(Coded slice of a non-IDR picture), nal_ref_idc: 1
    Last message repeated 4 times
[Parsed_fps_0 @ 0x7fb3e0001980] Read frame with in pts 20750, out pts 830
[Parsed_fps_0 @ 0x7fb3e0001980] Writing frame with pts 829 to pts 829
bench:        1 user        0 sys        2 real decode_video 0:1 
bench:        0 user        0 sys        1 real decode_video 0:1 
[h264 @ 0x5569477d9300] nal_unit_type: 6(SEI), nal_ref_idc: 0
[h264 @ 0x5569477d9300] nal_unit_type: 5(IDR), nal_ref_idc: 1
    Last message repeated 4 times
[Parsed_fps_0 @ 0x7fb3e0001980] Read frame with in pts 20775, out pts 831
[Parsed_fps_0 @ 0x7fb3e0001980] Writing frame with pts 830 to pts 830
bench:        1 user        0 sys        2 real decode_video 0:1 
bench:        1 user        0 sys        1 real decode_video 0:1 
[h264 @ 0x5569477d9300] nal_unit_type: 6(SEI), nal_ref_idc: 0
[h264 @ 0x5569477d9300] nal_unit_type: 1(Coded slice of a non-IDR picture), nal_ref_idc: 1
    Last message repeated 4 times
[Parsed_fps_0 @ 0x7fb3e0001980] Read frame with in pts 20800, out pts 832
[Parsed_fps_0 @ 0x7fb3e0001980] Writing frame with pts 831 to pts 831
bench:        1 user        0 sys        1 real decode_video 0:1 
bench:        0 user        0 sys        0 real decode_video 0:1 
[h264 @ 0x5569477d9300] nal_unit_type: 6(SEI), nal_ref_idc: 0
[h264 @ 0x5569477d9300] nal_unit_type: 1(Coded slice of a non-IDR picture), nal_ref_idc: 1
    Last message repeated 4 times
[Parsed_fps_0 @ 0x7fb3e0001980] Read frame with in pts 20825, out pts 833
[Parsed_fps_0 @ 0x7fb3e0001980] Writing frame with pts 832 to pts 832
bench:        1 user        0 sys        2 real decode_video 0:1 
bench:        1 user        0 sys        1 real decode_video 0:1 
[h264 @ 0x5569477d9300] nal_unit_type: 6(SEI), nal_ref_idc: 0
[h264 @ 0x5569477d9300] nal_unit_type: 1(Coded slice of a non-IDR picture), nal_ref_idc: 1
    Last message repeated 4 times
[Parsed_fps_0 @ 0x7fb3e0001980] Read frame with in pts 20850, out pts 834
[Parsed_fps_0 @ 0x7fb3e0001980] Writing frame with pts 833 to pts 833
bench:        1 user        0 sys        1 real decode_video 0:1 
    Last message repeated 1 times
[h264 @ 0x5569477d9300] nal_unit_type: 6(SEI), nal_ref_idc: 0
[h264 @ 0x5569477d9300] nal_unit_type: 1(Coded slice of a non-IDR picture), nal_ref_idc: 1
    Last message repeated 4 times
[Parsed_fps_0 @ 0x7fb3e0001980] Read frame with in pts 20875, out pts 835
[Parsed_fps_0 @ 0x7fb3e0001980] Writing frame with pts 834 to pts 834
bench:        1 user        0 sys        1 real decode_video 0:1 
bench:        1 user        0 sys        0 real decode_video 0:1 
[h264 @ 0x5569477d9300] nal_unit_type: 6(SEI), nal_ref_idc: 0
[h264 @ 0x5569477d9300] nal_unit_type: 1(Coded slice of a non-IDR picture), nal_ref_idc: 1
    Last message repeated 4 times
[Parsed_fps_0 @ 0x7fb3e0001980] Read frame with in pts 20900, out pts 836
[Parsed_fps_0 @ 0x7fb3e0001980] Writing frame with pts 835 to pts 835
bench:        1 user        0 sys        1 real decode_video 0:1 
bench:        0 user        0 sys        0 real decode_video 0:1 
[h264 @ 0x5569477d9300] nal_unit_type: 6(SEI), nal_ref_idc: 0
[h264 @ 0x5569477d9300] nal_unit_type: 1(Coded slice of a non-IDR picture), nal_ref_idc: 1
    Last message repeated 4 times
[Parsed_fps_0 @ 0x7fb3e0001980] Read frame with in pts 20925, out pts 837
[Parsed_fps_0 @ 0x7fb3e0001980] Writing frame with pts 836 to pts 836
bench:        1 user        0 sys        2 real decode_video 0:1 
bench:        1 user        0 sys        0 real decode_video 0:1 
[h264 @ 0x5569477d9300] nal_unit_type: 6(SEI), nal_ref_idc: 0
[h264 @ 0x5569477d9300] nal_unit_type: 1(Coded slice of a non-IDR picture), nal_ref_idc: 1
    Last message repeated 4 times
[Parsed_fps_0 @ 0x7fb3e0001980] Read frame with in pts 20950, out pts 838
[Parsed_fps_0 @ 0x7fb3e0001980] Writing frame with pts 837 to pts 837
bench:        0 user        0 sys        1 real decode_video 0:1 
    Last message repeated 1 times
[h264 @ 0x5569477d9300] nal_unit_type: 6(SEI), nal_ref_idc: 0
[h264 @ 0x5569477d9300] nal_unit_type: 1(Coded slice of a non-IDR picture), nal_ref_idc: 1
    Last message repeated 4 times
[Parsed_fps_0 @ 0x7fb3e0001980] Read frame with in pts 20975, out pts 839
[Parsed_fps_0 @ 0x7fb3e0001980] Writing frame with pts 838 to pts 838
bench:        0 user        0 sys        1 real decode_video 0:1 
    Last message repeated 1 times
[h264 @ 0x5569477d9300] nal_unit_type: 6(SEI), nal_ref_idc: 0
[h264 @ 0x5569477d9300] nal_unit_type: 1(Coded slice of a non-IDR picture), nal_ref_idc: 1
    Last message repeated 4 times
[Parsed_fps_0 @ 0x7fb3e0001980] Read frame with in pts 21000, out pts 840
[Parsed_fps_0 @ 0x7fb3e0001980] Writing frame with pts 839 to pts 839
bench:        0 user        0 sys        1 real decode_video 0:1 
    Last message repeated 1 times
[h264 @ 0x5569477d9300] nal_unit_type: 6(SEI), nal_ref_idc: 0
[h264 @ 0x5569477d9300] nal_unit_type: 1(Coded slice of a non-IDR picture), nal_ref_idc: 1
    Last message repeated 4 times
[Parsed_fps_0 @ 0x7fb3e0001980] Read frame with in pts 21025, out pts 841
[Parsed_fps_0 @ 0x7fb3e0001980] Writing frame with pts 840 to pts 840
bench:        1 user        0 sys        2 real decode_video 0:1 
bench:        1 user        1 sys        1 real decode_video 0:1 
[h264 @ 0x5569477d9300] nal_unit_type: 6(SEI), nal_ref_idc: 0
[h264 @ 0x5569477d9300] nal_unit_type: 1(Coded slice of a non-IDR picture), nal_ref_idc: 1
    Last message repeated 4 times
[Parsed_fps_0 @ 0x7fb3e0001980] Read frame with in pts 21050, out pts 842
[Parsed_fps_0 @ 0x7fb3e0001980] Writing frame with pts 841 to pts 841
bench:        0 user        0 sys        1 real decode_video 0:1 
    Last message repeated 1 times
[h264 @ 0x5569477d9300] nal_unit_type: 6(SEI), nal_ref_idc: 0
[h264 @ 0x5569477d9300] nal_unit_type: 1(Coded slice of a non-IDR picture), nal_ref_idc: 1
    Last message repeated 4 times
[Parsed_fps_0 @ 0x7fb3e0001980] Read frame with in pts 21075, out pts 843
[Parsed_fps_0 @ 0x7fb3e0001980] Writing frame with pts 842 to pts 842
bench:        1 user        0 sys        2 real decode_video 0:1 
bench:        1 user        0 sys        1 real decode_video 0:1 
[h264 @ 0x5569477d9300] nal_unit_type: 6(SEI), nal_ref_idc: 0
[h264 @ 0x5569477d9300] nal_unit_type: 1(Coded slice of a non-IDR picture), nal_ref_idc: 1
    Last message repeated 4 times
[Parsed_fps_0 @ 0x7fb3e0001980] Read frame with in pts 21100, out pts 844
[Parsed_fps_0 @ 0x7fb3e0001980] Writing frame with pts 843 to pts 843
bench:        1 user        0 sys        2 real decode_video 0:1 
bench:        1 user        0 sys        1 real decode_video 0:1 
[h264 @ 0x5569477d9300] nal_unit_type: 6(SEI), nal_ref_idc: 0
[h264 @ 0x5569477d9300] nal_unit_type: 1(Coded slice of a non-IDR picture), nal_ref_idc: 1
    Last message repeated 1 times
[Parsed_fps_0 @ 0x7fb3e0001980] Read frame with in pts 21125, out pts 845
[Parsed_fps_0 @ 0x7fb3e0001980] Writing frame with pts 844 to pts 844
[h264 @ 0x5569477d9300] nal_unit_type: 1(Coded slice of a non-IDR picture), nal_ref_idc: 1
    Last message repeated 2 times
bench:        1 user        0 sys        1 real decode_video 0:1 
bench:        0 user        0 sys        0 real decode_video 0:1 
[h264 @ 0x5569477d9300] nal_unit_type: 6(SEI), nal_ref_idc: 0
[h264 @ 0x5569477d9300] nal_unit_type: 1(Coded slice of a non-IDR picture), nal_ref_idc: 1
    Last message repeated 4 times
[Parsed_fps_0 @ 0x7fb3e0001980] Read frame with in pts 21150, out pts 846
[Parsed_fps_0 @ 0x7fb3e0001980] Writing frame with pts 845 to pts 845
bench:        1 user        0 sys        1 real decode_video 0:1 
bench:        0 user        0 sys        1 real decode_video 0:1 
[h264 @ 0x5569477d9300] nal_unit_type: 6(SEI), nal_ref_idc: 0
[h264 @ 0x5569477d9300] nal_unit_type: 1(Coded slice of a non-IDR picture), nal_ref_idc: 1
    Last message repeated 4 times
[Parsed_fps_0 @ 0x7fb3e0001980] Read frame with in pts 21175, out pts 847
[Parsed_fps_0 @ 0x7fb3e0001980] Writing frame with pts 846 to pts 846
bench:        1 user        0 sys        1 real decode_video 0:1 
bench:        0 user        0 sys        1 real decode_video 0:1 
[h264 @ 0x5569477d9300] nal_unit_type: 6(SEI), nal_ref_idc: 0
[h264 @ 0x5569477d9300] nal_unit_type: 1(Coded slice of a non-IDR picture), nal_ref_idc: 1
    Last message repeated 4 times
[Parsed_fps_0 @ 0x7fb3e0001980] Read frame with in pts 21200, out pts 848
[Parsed_fps_0 @ 0x7fb3e0001980] Writing frame with pts 847 to pts 847
bench:        1 user        0 sys        1 real decode_video 0:1 
bench:        0 user        0 sys        0 real decode_video 0:1 
[h264 @ 0x5569477d9300] nal_unit_type: 6(SEI), nal_ref_idc: 0
[h264 @ 0x5569477d9300] nal_unit_type: 1(Coded slice of a non-IDR picture), nal_ref_idc: 1
    Last message repeated 4 times
[Parsed_fps_0 @ 0x7fb3e0001980] Read frame with in pts 21225, out pts 849
[Parsed_fps_0 @ 0x7fb3e0001980] Writing frame with pts 848 to pts 848
bench:        1 user        0 sys        1 real decode_video 0:1 
    Last message repeated 1 times
[h264 @ 0x5569477d9300] nal_unit_type: 6(SEI), nal_ref_idc: 0
[h264 @ 0x5569477d9300] nal_unit_type: 1(Coded slice of a non-IDR picture), nal_ref_idc: 1
    Last message repeated 4 times
[Parsed_fps_0 @ 0x7fb3e0001980] Read frame with in pts 21250, out pts 850
[Parsed_fps_0 @ 0x7fb3e0001980] Writing frame with pts 849 to pts 849
bench:        1 user        0 sys        1 real decode_video 0:1 
bench:        0 user        0 sys        0 real decode_video 0:1 
[h264 @ 0x5569477d9300] nal_unit_type: 6(SEI), nal_ref_idc: 0
[h264 @ 0x5569477d9300] nal_unit_type: 1(Coded slice of a non-IDR picture), nal_ref_idc: 1
    Last message repeated 4 times
[Parsed_fps_0 @ 0x7fb3e0001980] Read frame with in pts 21275, out pts 851
[Parsed_fps_0 @ 0x7fb3e0001980] Writing frame with pts 850 to pts 850
bench:        1 user        0 sys        2 real decode_video 0:1 
bench:        0 user        0 sys        1 real decode_video 0:1 
[Parsed_fps_0 @ 0x7fb3e0001980] Read frame with in pts 21300, out pts 852
[h264 @ 0x5569477d9300] nal_unit_type: 6(SEI), nal_ref_idc: 0
[h264 @ 0x5569477d9300] nal_unit_type: 1(Coded slice of a non-IDR picture), nal_ref_idc: 1
    Last message repeated 4 times
[Parsed_fps_0 @ 0x7fb3e0001980] Writing frame with pts 851 to pts 851
bench:        1 user        0 sys        2 real decode_video 0:1 
bench:        0 user        0 sys        1 real decode_video 0:1 
[h264 @ 0x5569477d9300] nal_unit_type: 6(SEI), nal_ref_idc: 0
[h264 @ 0x5569477d9300] nal_unit_type: 1(Coded slice of a non-IDR picture), nal_ref_idc: 1
    Last message repeated 4 times
[Parsed_fps_0 @ 0x7fb3e0001980] Read frame with in pts 21325, out pts 853
[Parsed_fps_0 @ 0x7fb3e0001980] Writing frame with pts 852 to pts 852
bench:        1 user        0 sys        1 real decode_video 0:1 
    Last message repeated 1 times
[h264 @ 0x5569477d9300] nal_unit_type: 6(SEI), nal_ref_idc: 0
[h264 @ 0x5569477d9300] nal_unit_type: 1(Coded slice of a non-IDR picture), nal_ref_idc: 1
[Parsed_fps_0 @ 0x7fb3e0001980] Read frame with in pts 21350, out pts 854
[Parsed_fps_0 @ 0x7fb3e0001980] Writing frame with pts 853 to pts 853
[h264 @ 0x5569477d9300] nal_unit_type: 1(Coded slice of a non-IDR picture), nal_ref_idc: 1
    Last message repeated 3 times
bench:        1 user        0 sys        1 real decode_video 0:1 
bench:        0 user        0 sys        0 real decode_video 0:1 
[h264 @ 0x5569477d9300] nal_unit_type: 6(SEI), nal_ref_idc: 0
[h264 @ 0x5569477d9300] nal_unit_type: 1(Coded slice of a non-IDR picture), nal_ref_idc: 1
    Last message repeated 4 times
[Parsed_fps_0 @ 0x7fb3e0001980] Read frame with in pts 21375, out pts 855
[Parsed_fps_0 @ 0x7fb3e0001980] Writing frame with pts 854 to pts 854
bench:        2 user        0 sys        2 real decode_video 0:1 
bench:        1 user        0 sys        1 real decode_video 0:1 
[h264 @ 0x5569477d9300] nal_unit_type: 6(SEI), nal_ref_idc: 0
[h264 @ 0x5569477d9300] nal_unit_type: 1(Coded slice of a non-IDR picture), nal_ref_idc: 1
    Last message repeated 4 times
[Parsed_fps_0 @ 0x7fb3e0001980] Read frame with in pts 21400, out pts 856
[Parsed_fps_0 @ 0x7fb3e0001980] Writing frame with pts 855 to pts 855
bench:        0 user        0 sys        1 real decode_video 0:1 
bench:        1 user        0 sys        1 real decode_video 0:1 
[h264 @ 0x5569477d9300] nal_unit_type: 6(SEI), nal_ref_idc: 0
[h264 @ 0x5569477d9300] nal_unit_type: 1(Coded slice of a non-IDR picture), nal_ref_idc: 1
    Last message repeated 4 times
[Parsed_fps_0 @ 0x7fb3e0001980] Read frame with in pts 21425, out pts 857
[Parsed_fps_0 @ 0x7fb3e0001980] Writing frame with pts 856 to pts 856
bench:        1 user        0 sys        2 real decode_video 0:1 
bench:        0 user        0 sys        1 real decode_video 0:1 
[h264 @ 0x5569477d9300] nal_unit_type: 6(SEI), nal_ref_idc: 0
[h264 @ 0x5569477d9300] nal_unit_type: 1(Coded slice of a non-IDR picture), nal_ref_idc: 1
    Last message repeated 4 times
[Parsed_fps_0 @ 0x7fb3e0001980] Read frame with in pts 21450, out pts 858
[Parsed_fps_0 @ 0x7fb3e0001980] Writing frame with pts 857 to pts 857
bench:        1 user        0 sys        2 real decode_video 0:1 
bench:        0 user        0 sys        1 real decode_video 0:1 
[h264 @ 0x5569477d9300] nal_unit_type: 6(SEI), nal_ref_idc: 0
[h264 @ 0x5569477d9300] nal_unit_type: 1(Coded slice of a non-IDR picture), nal_ref_idc: 1
    Last message repeated 4 times
[Parsed_fps_0 @ 0x7fb3e0001980] Read frame with in pts 21475, out pts 859
[Parsed_fps_0 @ 0x7fb3e0001980] Writing frame with pts 858 to pts 858
bench:        1 user        0 sys        1 real decode_video 0:1 
bench:        0 user        0 sys        1 real decode_video 0:1 
[h264 @ 0x5569477d9300] nal_unit_type: 6(SEI), nal_ref_idc: 0
[h264 @ 0x5569477d9300] nal_unit_type: 1(Coded slice of a non-IDR picture), nal_ref_idc: 1
    Last message repeated 4 times
[Parsed_fps_0 @ 0x7fb3e0001980] Read frame with in pts 21500, out pts 860
[Parsed_fps_0 @ 0x7fb3e0001980] Writing frame with pts 859 to pts 859
bench:        1 user        0 sys        1 real decode_video 0:1 
bench:        1 user        0 sys        0 real decode_video 0:1 
[h264 @ 0x5569477d9300] nal_unit_type: 6(SEI), nal_ref_idc: 0
[h264 @ 0x5569477d9300] nal_unit_type: 1(Coded slice of a non-IDR picture), nal_ref_idc: 1
    Last message repeated 4 times
[Parsed_fps_0 @ 0x7fb3e0001980] Read frame with in pts 21525, out pts 861
[Parsed_fps_0 @ 0x7fb3e0001980] Writing frame with pts 860 to pts 860
bench:        1 user        0 sys        2 real decode_video 0:1 
bench:        0 user        0 sys        1 real decode_video 0:1 
[h264 @ 0x5569477d9300] nal_unit_type: 6(SEI), nal_ref_idc: 0
[h264 @ 0x5569477d9300] nal_unit_type: 1(Coded slice of a non-IDR picture), nal_ref_idc: 1
    Last message repeated 4 times
[Parsed_fps_0 @ 0x7fb3e0001980] Read frame with in pts 21550, out pts 862
[Parsed_fps_0 @ 0x7fb3e0001980] Writing frame with pts 861 to pts 861
bench:        2 user        0 sys        5 real decode_video 0:1 
bench:        0 user        0 sys        1 real decode_video 0:1 
[h264 @ 0x5569477d9300] nal_unit_type: 6(SEI), nal_ref_idc: 0
[h264 @ 0x5569477d9300] nal_unit_type: 1(Coded slice of a non-IDR picture), nal_ref_idc: 1
    Last message repeated 4 times
[Parsed_fps_0 @ 0x7fb3e0001980] Read frame with in pts 21575, out pts 863
[Parsed_fps_0 @ 0x7fb3e0001980] Writing frame with pts 862 to pts 862
bench:        1 user        1 sys        2 real decode_video 0:1 
bench:        0 user        1 sys        1 real decode_video 0:1 
[h264 @ 0x5569477d9300] nal_unit_type: 6(SEI), nal_ref_idc: 0
[h264 @ 0x5569477d9300] nal_unit_type: 1(Coded slice of a non-IDR picture), nal_ref_idc: 1
    Last message repeated 4 times
[Parsed_fps_0 @ 0x7fb3e0001980] Read frame with in pts 21600, out pts 864
[Parsed_fps_0 @ 0x7fb3e0001980] Writing frame with pts 863 to pts 863
bench:        2 user        0 sys        2 real decode_video 0:1 
    Last message repeated 1 times
[h264 @ 0x5569477d9300] nal_unit_type: 6(SEI), nal_ref_idc: 0
[h264 @ 0x5569477d9300] nal_unit_type: 1(Coded slice of a non-IDR picture), nal_ref_idc: 1
    Last message repeated 4 times
[Parsed_fps_0 @ 0x7fb3e0001980] Read frame with in pts 21625, out pts 865
[Parsed_fps_0 @ 0x7fb3e0001980] Writing frame with pts 864 to pts 864
bench:        1 user        0 sys        2 real decode_video 0:1 
bench:        1 user        0 sys        1 real decode_video 0:1 
[h264 @ 0x5569477d9300] nal_unit_type: 6(SEI), nal_ref_idc: 0
[h264 @ 0x5569477d9300] nal_unit_type: 1(Coded slice of a non-IDR picture), nal_ref_idc: 1
    Last message repeated 4 times
[Parsed_fps_0 @ 0x7fb3e0001980] Read frame with in pts 21650, out pts 866
[Parsed_fps_0 @ 0x7fb3e0001980] Writing frame with pts 865 to pts 865
bench:        0 user        0 sys        1 real decode_video 0:1 
bench:        0 user        0 sys        0 real decode_video 0:1 
[h264 @ 0x5569477d9300] nal_unit_type: 6(SEI), nal_ref_idc: 0
[h264 @ 0x5569477d9300] nal_unit_type: 1(Coded slice of a non-IDR picture), nal_ref_idc: 1
    Last message repeated 4 times
[Parsed_fps_0 @ 0x7fb3e0001980] Read frame with in pts 21675, out pts 867
[Parsed_fps_0 @ 0x7fb3e0001980] Writing frame with pts 866 to pts 866
bench:        2 user        0 sys        1 real decode_video 0:1 
bench:        1 user        0 sys        0 real decode_video 0:1 
[h264 @ 0x5569477d9300] nal_unit_type: 6(SEI), nal_ref_idc: 0
[h264 @ 0x5569477d9300] nal_unit_type: 1(Coded slice of a non-IDR picture), nal_ref_idc: 1
    Last message repeated 4 times
[Parsed_fps_0 @ 0x7fb3e0001980] Read frame with in pts 21700, out pts 868
[Parsed_fps_0 @ 0x7fb3e0001980] Writing frame with pts 867 to pts 867
bench:        1 user        0 sys        1 real decode_video 0:1 
bench:        1 user        0 sys        0 real decode_video 0:1 
[h264 @ 0x5569477d9300] nal_unit_type: 6(SEI), nal_ref_idc: 0
[h264 @ 0x5569477d9300] nal_unit_type: 1(Coded slice of a non-IDR picture), nal_ref_idc: 1
    Last message repeated 4 times
[Parsed_fps_0 @ 0x7fb3e0001980] Read frame with in pts 21725, out pts 869
[Parsed_fps_0 @ 0x7fb3e0001980] Writing frame with pts 868 to pts 868
bench:        1 user        0 sys        1 real decode_video 0:1 
    Last message repeated 1 times
[h264 @ 0x5569477d9300] nal_unit_type: 6(SEI), nal_ref_idc: 0
[h264 @ 0x5569477d9300] nal_unit_type: 1(Coded slice of a non-IDR picture), nal_ref_idc: 1
    Last message repeated 4 times
[Parsed_fps_0 @ 0x7fb3e0001980] Read frame with in pts 21750, out pts 870
[Parsed_fps_0 @ 0x7fb3e0001980] Writing frame with pts 869 to pts 869
bench:        1 user        0 sys        1 real decode_video 0:1 
    Last message repeated 1 times
[h264 @ 0x5569477d9300] nal_unit_type: 6(SEI), nal_ref_idc: 0
[h264 @ 0x5569477d9300] nal_unit_type: 1(Coded slice of a non-IDR picture), nal_ref_idc: 1
    Last message repeated 4 times
[Parsed_fps_0 @ 0x7fb3e0001980] Read frame with in pts 21775, out pts 871
[Parsed_fps_0 @ 0x7fb3e0001980] Writing frame with pts 870 to pts 870
bench:        2 user        0 sys        5 real decode_video 0:1 
bench:        0 user        0 sys        1 real decode_video 0:1 
[h264 @ 0x5569477d9300] nal_unit_type: 6(SEI), nal_ref_idc: 0
[h264 @ 0x5569477d9300] nal_unit_type: 1(Coded slice of a non-IDR picture), nal_ref_idc: 1
    Last message repeated 4 times
[Parsed_fps_0 @ 0x7fb3e0001980] Read frame with in pts 21800, out pts 872
[Parsed_fps_0 @ 0x7fb3e0001980] Writing frame with pts 871 to pts 871
bench:        1 user        1 sys        2 real decode_video 0:1 
bench:        1 user        0 sys        0 real decode_video 0:1 
[h264 @ 0x5569477d9300] nal_unit_type: 6(SEI), nal_ref_idc: 0
[h264 @ 0x5569477d9300] nal_unit_type: 1(Coded slice of a non-IDR picture), nal_ref_idc: 1
    Last message repeated 4 times
[Parsed_fps_0 @ 0x7fb3e0001980] Read frame with in pts 21825, out pts 873
[Parsed_fps_0 @ 0x7fb3e0001980] Writing frame with pts 872 to pts 872
bench:        0 user        0 sys        1 real decode_video 0:1 
bench:        1 user        0 sys        1 real decode_video 0:1 
[h264 @ 0x5569477d9300] nal_unit_type: 6(SEI), nal_ref_idc: 0
[h264 @ 0x5569477d9300] nal_unit_type: 1(Coded slice of a non-IDR picture), nal_ref_idc: 1
    Last message repeated 4 times
[Parsed_fps_0 @ 0x7fb3e0001980] Read frame with in pts 21850, out pts 874
[Parsed_fps_0 @ 0x7fb3e0001980] Writing frame with pts 873 to pts 873
bench:        1 user        0 sys        1 real decode_video 0:1 
bench:        1 user        0 sys        0 real decode_video 0:1 
[h264 @ 0x5569477d9300] nal_unit_type: 6(SEI), nal_ref_idc: 0
[h264 @ 0x5569477d9300] nal_unit_type: 1(Coded slice of a non-IDR picture), nal_ref_idc: 1
    Last message repeated 4 times
[Parsed_fps_0 @ 0x7fb3e0001980] Read frame with in pts 21875, out pts 875
[Parsed_fps_0 @ 0x7fb3e0001980] Writing frame with pts 874 to pts 874
bench:        1 user        0 sys        1 real decode_video 0:1 
    Last message repeated 1 times
[h264 @ 0x5569477d9300] nal_unit_type: 6(SEI), nal_ref_idc: 0
[h264 @ 0x5569477d9300] nal_unit_type: 1(Coded slice of a non-IDR picture), nal_ref_idc: 1
    Last message repeated 4 times
[Parsed_fps_0 @ 0x7fb3e0001980] Read frame with in pts 21900, out pts 876
[Parsed_fps_0 @ 0x7fb3e0001980] Writing frame with pts 875 to pts 875
bench:        1 user        0 sys        1 real decode_video 0:1 
    Last message repeated 1 times
[h264 @ 0x5569477d9300] nal_unit_type: 6(SEI), nal_ref_idc: 0
[h264 @ 0x5569477d9300] nal_unit_type: 1(Coded slice of a non-IDR picture), nal_ref_idc: 1
    Last message repeated 4 times
[Parsed_fps_0 @ 0x7fb3e0001980] Read frame with in pts 21925, out pts 877
[Parsed_fps_0 @ 0x7fb3e0001980] Writing frame with pts 876 to pts 876
bench:        1 user        0 sys        1 real decode_video 0:1 
bench:        0 user        0 sys        1 real decode_video 0:1 
[h264 @ 0x5569477d9300] nal_unit_type: 6(SEI), nal_ref_idc: 0
[h264 @ 0x5569477d9300] nal_unit_type: 1(Coded slice of a non-IDR picture), nal_ref_idc: 1
    Last message repeated 4 times
[Parsed_fps_0 @ 0x7fb3e0001980] Read frame with in pts 21950, out pts 878
[Parsed_fps_0 @ 0x7fb3e0001980] Writing frame with pts 877 to pts 877
bench:        1 user        0 sys        1 real decode_video 0:1 
bench:        0 user        0 sys        0 real decode_video 0:1 
[h264 @ 0x5569477d9300] nal_unit_type: 6(SEI), nal_ref_idc: 0
[h264 @ 0x5569477d9300] nal_unit_type: 1(Coded slice of a non-IDR picture), nal_ref_idc: 1
    Last message repeated 4 times
[Parsed_fps_0 @ 0x7fb3e0001980] Read frame with in pts 21975, out pts 879
[Parsed_fps_0 @ 0x7fb3e0001980] Writing frame with pts 878 to pts 878
bench:        1 user        0 sys        1 real decode_video 0:1 
bench:        0 user        0 sys        1 real decode_video 0:1 
[h264 @ 0x5569477d9300] nal_unit_type: 6(SEI), nal_ref_idc: 0
[h264 @ 0x5569477d9300] nal_unit_type: 1(Coded slice of a non-IDR picture), nal_ref_idc: 1
    Last message repeated 4 times
[Parsed_fps_0 @ 0x7fb3e0001980] Read frame with in pts 22000, out pts 880
[Parsed_fps_0 @ 0x7fb3e0001980] Writing frame with pts 879 to pts 879
bench:        1 user        0 sys        1 real decode_video 0:1 
    Last message repeated 1 times
[h264 @ 0x5569477d9300] nal_unit_type: 6(SEI), nal_ref_idc: 0
[h264 @ 0x5569477d9300] nal_unit_type: 1(Coded slice of a non-IDR picture), nal_ref_idc: 1
    Last message repeated 4 times
[Parsed_fps_0 @ 0x7fb3e0001980] Read frame with in pts 22025, out pts 881
[Parsed_fps_0 @ 0x7fb3e0001980] Writing frame with pts 880 to pts 880
bench:        2 user        0 sys        4 real decode_video 0:1 
bench:        0 user        0 sys        1 real decode_video 0:1 
[h264 @ 0x5569477d9300] nal_unit_type: 6(SEI), nal_ref_idc: 0
[h264 @ 0x5569477d9300] nal_unit_type: 1(Coded slice of a non-IDR picture), nal_ref_idc: 1
    Last message repeated 4 times
[Parsed_fps_0 @ 0x7fb3e0001980] Read frame with in pts 22050, out pts 882
[Parsed_fps_0 @ 0x7fb3e0001980] Writing frame with pts 881 to pts 881
bench:        1 user        0 sys        3 real decode_video 0:1 
bench:        0 user        0 sys        1 real decode_video 0:1 
[h264 @ 0x5569477d9300] nal_unit_type: 6(SEI), nal_ref_idc: 0
[Parsed_fps_0 @ 0x7fb3e0001980] Read frame with in pts 22075, out pts 883
[Parsed_fps_0 @ 0x7fb3e0001980] Writing frame with pts 882 to pts 882
[h264 @ 0x5569477d9300] nal_unit_type: 1(Coded slice of a non-IDR picture), nal_ref_idc: 1
    Last message repeated 4 times
bench:        1 user        0 sys        1 real decode_video 0:1 
bench:        0 user        0 sys        0 real decode_video 0:1 
[h264 @ 0x5569477d9300] nal_unit_type: 6(SEI), nal_ref_idc: 0
[h264 @ 0x5569477d9300] nal_unit_type: 1(Coded slice of a non-IDR picture), nal_ref_idc: 1
    Last message repeated 4 times
[Parsed_fps_0 @ 0x7fb3e0001980] Read frame with in pts 22100, out pts 884
[Parsed_fps_0 @ 0x7fb3e0001980] Writing frame with pts 883 to pts 883
bench:        1 user        0 sys        2 real decode_video 0:1 
bench:        1 user        0 sys        0 real decode_video 0:1 
[h264 @ 0x5569477d9300] nal_unit_type: 6(SEI), nal_ref_idc: 0
[h264 @ 0x5569477d9300] nal_unit_type: 1(Coded slice of a non-IDR picture), nal_ref_idc: 1
    Last message repeated 4 times
[Parsed_fps_0 @ 0x7fb3e0001980] Read frame with in pts 22125, out pts 885
[Parsed_fps_0 @ 0x7fb3e0001980] Writing frame with pts 884 to pts 884
bench:        1 user        0 sys        1 real decode_video 0:1 
bench:        0 user        0 sys        1 real decode_video 0:1 
[h264 @ 0x5569477d9300] nal_unit_type: 6(SEI), nal_ref_idc: 0
[h264 @ 0x5569477d9300] nal_unit_type: 1(Coded slice of a non-IDR picture), nal_ref_idc: 1
    Last message repeated 1 times
[Parsed_fps_0 @ 0x7fb3e0001980] Read frame with in pts 22150, out pts 886
[Parsed_fps_0 @ 0x7fb3e0001980] Writing frame with pts 885 to pts 885
[h264 @ 0x5569477d9300] nal_unit_type: 1(Coded slice of a non-IDR picture), nal_ref_idc: 1
    Last message repeated 2 times
bench:        1 user        0 sys        1 real decode_video 0:1 
    Last message repeated 1 times
[h264 @ 0x5569477d9300] nal_unit_type: 6(SEI), nal_ref_idc: 0
[h264 @ 0x5569477d9300] nal_unit_type: 1(Coded slice of a non-IDR picture), nal_ref_idc: 1
    Last message repeated 4 times
[Parsed_fps_0 @ 0x7fb3e0001980] Read frame with in pts 22175, out pts 887
[Parsed_fps_0 @ 0x7fb3e0001980] Writing frame with pts 886 to pts 886
bench:        1 user        0 sys        1 real decode_video 0:1 
bench:        0 user        0 sys        1 real decode_video 0:1 
[h264 @ 0x5569477d9300] nal_unit_type: 6(SEI), nal_ref_idc: 0
[h264 @ 0x5569477d9300] nal_unit_type: 1(Coded slice of a non-IDR picture), nal_ref_idc: 1
    Last message repeated 4 times
[Parsed_fps_0 @ 0x7fb3e0001980] Read frame with in pts 22200, out pts 888
[Parsed_fps_0 @ 0x7fb3e0001980] Writing frame with pts 887 to pts 887
bench:        1 user        0 sys        1 real decode_video 0:1 
bench:        0 user        0 sys        0 real decode_video 0:1 
[h264 @ 0x5569477d9300] nal_unit_type: 6(SEI), nal_ref_idc: 0
[h264 @ 0x5569477d9300] nal_unit_type: 1(Coded slice of a non-IDR picture), nal_ref_idc: 1
    Last message repeated 4 times
[Parsed_fps_0 @ 0x7fb3e0001980] Read frame with in pts 22225, out pts 889
[Parsed_fps_0 @ 0x7fb3e0001980] Writing frame with pts 888 to pts 888
bench:        1 user        0 sys       21 real decode_video 0:1 
bench:        1 user        0 sys        1 real decode_video 0:1 
[h264 @ 0x5569477d9300] nal_unit_type: 6(SEI), nal_ref_idc: 0
[h264 @ 0x5569477d9300] nal_unit_type: 1(Coded slice of a non-IDR picture), nal_ref_idc: 1
    Last message repeated 4 times
[Parsed_fps_0 @ 0x7fb3e0001980] Read frame with in pts 22250, out pts 890
[Parsed_fps_0 @ 0x7fb3e0001980] Writing frame with pts 889 to pts 889
bench:        2 user        0 sys        3 real decode_video 0:1 
bench:        1 user        0 sys        1 real decode_video 0:1 
[h264 @ 0x5569477d9300] nal_unit_type: 6(SEI), nal_ref_idc: 0
[h264 @ 0x5569477d9300] nal_unit_type: 1(Coded slice of a non-IDR picture), nal_ref_idc: 1
    Last message repeated 4 times
[Parsed_fps_0 @ 0x7fb3e0001980] Read frame with in pts 22275, out pts 891
[Parsed_fps_0 @ 0x7fb3e0001980] Writing frame with pts 890 to pts 890
bench:        1 user        0 sys        1 real decode_video 0:1 
    Last message repeated 1 times
[h264 @ 0x5569477d9300] nal_unit_type: 6(SEI), nal_ref_idc: 0
[h264 @ 0x5569477d9300] nal_unit_type: 1(Coded slice of a non-IDR picture), nal_ref_idc: 1
    Last message repeated 4 times
[Parsed_fps_0 @ 0x7fb3e0001980] Read frame with in pts 22300, out pts 892
[Parsed_fps_0 @ 0x7fb3e0001980] Writing frame with pts 891 to pts 891
bench:        1 user        0 sys        1 real decode_video 0:1 
    Last message repeated 1 times
[h264 @ 0x5569477d9300] nal_unit_type: 6(SEI), nal_ref_idc: 0
[h264 @ 0x5569477d9300] nal_unit_type: 1(Coded slice of a non-IDR picture), nal_ref_idc: 1
    Last message repeated 2 times
[Parsed_fps_0 @ 0x7fb3e0001980] Read frame with in pts 22325, out pts 893
[Parsed_fps_0 @ 0x7fb3e0001980] Writing frame with pts 892 to pts 892
[h264 @ 0x5569477d9300] nal_unit_type: 1(Coded slice of a non-IDR picture), nal_ref_idc: 1
    Last message repeated 1 times
bench:        1 user        0 sys        2 real decode_video 0:1 
bench:        0 user        0 sys        0 real decode_video 0:1 
[h264 @ 0x5569477d9300] nal_unit_type: 6(SEI), nal_ref_idc: 0
[h264 @ 0x5569477d9300] nal_unit_type: 1(Coded slice of a non-IDR picture), nal_ref_idc: 1
    Last message repeated 4 times
[Parsed_fps_0 @ 0x7fb3e0001980] Read frame with in pts 22350, out pts 894
[Parsed_fps_0 @ 0x7fb3e0001980] Writing frame with pts 893 to pts 893
bench:        1 user        0 sys        2 real decode_video 0:1 
bench:        1 user        0 sys        0 real decode_video 0:1 
[h264 @ 0x5569477d9300] nal_unit_type: 6(SEI), nal_ref_idc: 0
[h264 @ 0x5569477d9300] nal_unit_type: 5(IDR), nal_ref_idc: 1
    Last message repeated 2 times
[Parsed_fps_0 @ 0x7fb3e0001980] Read frame with in pts 22375, out pts 895
[Parsed_fps_0 @ 0x7fb3e0001980] Writing frame with pts 894 to pts 894
[h264 @ 0x5569477d9300] nal_unit_type: 5(IDR), nal_ref_idc: 1
    Last message repeated 1 times
bench:        1 user        0 sys        1 real decode_video 0:1 
    Last message repeated 1 times
[h264 @ 0x5569477d9300] nal_unit_type: 6(SEI), nal_ref_idc: 0
[h264 @ 0x5569477d9300] nal_unit_type: 1(Coded slice of a non-IDR picture), nal_ref_idc: 1
    Last message repeated 4 times
[Parsed_fps_0 @ 0x7fb3e0001980] Read frame with in pts 22400, out pts 896
[Parsed_fps_0 @ 0x7fb3e0001980] Writing frame with pts 895 to pts 895
bench:        1 user        0 sys        2 real decode_video 0:1 
bench:        1 user        0 sys        1 real decode_video 0:1 
[h264 @ 0x5569477d9300] nal_unit_type: 6(SEI), nal_ref_idc: 0
[h264 @ 0x5569477d9300] nal_unit_type: 1(Coded slice of a non-IDR picture), nal_ref_idc: 1
    Last message repeated 4 times
[Parsed_fps_0 @ 0x7fb3e0001980] Read frame with in pts 22425, out pts 897
[Parsed_fps_0 @ 0x7fb3e0001980] Writing frame with pts 896 to pts 896
bench:        2 user        0 sys        4 real decode_video 0:1 
bench:        0 user        0 sys        1 real decode_video 0:1 
[h264 @ 0x5569477d9300] nal_unit_type: 6(SEI), nal_ref_idc: 0
[h264 @ 0x5569477d9300] nal_unit_type: 1(Coded slice of a non-IDR picture), nal_ref_idc: 1
    Last message repeated 4 times
[Parsed_fps_0 @ 0x7fb3e0001980] Read frame with in pts 22450, out pts 898
[Parsed_fps_0 @ 0x7fb3e0001980] Writing frame with pts 897 to pts 897
bench:        1 user        0 sys        1 real decode_video 0:1 
    Last message repeated 1 times
[h264 @ 0x5569477d9300] nal_unit_type: 6(SEI), nal_ref_idc: 0
[h264 @ 0x5569477d9300] nal_unit_type: 1(Coded slice of a non-IDR picture), nal_ref_idc: 1
[Parsed_fps_0 @ 0x7fb3e0001980] Read frame with in pts 22475, out pts 899
[Parsed_fps_0 @ 0x7fb3e0001980] Writing frame with pts 898 to pts 898
[h264 @ 0x5569477d9300] nal_unit_type: 1(Coded slice of a non-IDR picture), nal_ref_idc: 1
    Last message repeated 3 times
bench:        2 user        0 sys        2 real decode_video 0:1 
bench:        1 user        0 sys        0 real decode_video 0:1 
[h264 @ 0x5569477d9300] nal_unit_type: 6(SEI), nal_ref_idc: 0
[h264 @ 0x5569477d9300] nal_unit_type: 1(Coded slice of a non-IDR picture), nal_ref_idc: 1
    Last message repeated 4 times
[Parsed_fps_0 @ 0x7fb3e0001980] Read frame with in pts 22500, out pts 900
[Parsed_fps_0 @ 0x7fb3e0001980] Writing frame with pts 899 to pts 899
bench:        1 user        0 sys        1 real decode_video 0:1 
bench:        0 user        0 sys        1 real decode_video 0:1 
[h264 @ 0x5569477d9300] nal_unit_type: 6(SEI), nal_ref_idc: 0
[h264 @ 0x5569477d9300] nal_unit_type: 1(Coded slice of a non-IDR picture), nal_ref_idc: 1
    Last message repeated 4 times
[Parsed_fps_0 @ 0x7fb3e0001980] Read frame with in pts 22525, out pts 901
[Parsed_fps_0 @ 0x7fb3e0001980] Writing frame with pts 900 to pts 900
bench:        1 user        0 sys        2 real decode_video 0:1 
bench:        1 user        0 sys        1 real decode_video 0:1 
[Parsed_fps_0 @ 0x7fb3e0001980] Read frame with in pts 22550, out pts 902
[Parsed_fps_0 @ 0x7fb3e0001980] Writing frame with pts 901 to pts 901
[h264 @ 0x5569477d9300] nal_unit_type: 6(SEI), nal_ref_idc: 0
[h264 @ 0x5569477d9300] nal_unit_type: 1(Coded slice of a non-IDR picture), nal_ref_idc: 1
    Last message repeated 4 times
bench:        1 user        0 sys        1 real decode_video 0:1 
bench:        0 user        0 sys        0 real decode_video 0:1 
[h264 @ 0x5569477d9300] nal_unit_type: 6(SEI), nal_ref_idc: 0
[h264 @ 0x5569477d9300] nal_unit_type: 1(Coded slice of a non-IDR picture), nal_ref_idc: 1
    Last message repeated 4 times
[Parsed_fps_0 @ 0x7fb3e0001980] Read frame with in pts 22575, out pts 903
[Parsed_fps_0 @ 0x7fb3e0001980] Writing frame with pts 902 to pts 902
bench:        1 user        0 sys        1 real decode_video 0:1 
    Last message repeated 1 times
[h264 @ 0x5569477d9300] nal_unit_type: 6(SEI), nal_ref_idc: 0
[h264 @ 0x5569477d9300] nal_unit_type: 1(Coded slice of a non-IDR picture), nal_ref_idc: 1
    Last message repeated 4 times
[Parsed_fps_0 @ 0x7fb3e0001980] Read frame with in pts 22600, out pts 904
[Parsed_fps_0 @ 0x7fb3e0001980] Writing frame with pts 903 to pts 903
bench:        1 user        0 sys        1 real decode_video 0:1 
bench:        1 user        0 sys        0 real decode_video 0:1 
[h264 @ 0x5569477d9300] nal_unit_type: 6(SEI), nal_ref_idc: 0
[h264 @ 0x5569477d9300] nal_unit_type: 1(Coded slice of a non-IDR picture), nal_ref_idc: 1
    Last message repeated 3 times
[Parsed_fps_0 @ 0x7fb3e0001980] Read frame with in pts 22625, out pts 905
[Parsed_fps_0 @ 0x7fb3e0001980] Writing frame with pts 904 to pts 904
[h264 @ 0x5569477d9300] nal_unit_type: 1(Coded slice of a non-IDR picture), nal_ref_idc: 1
bench:        1 user        0 sys        1 real decode_video 0:1 
bench:        0 user        0 sys        1 real decode_video 0:1 
[h264 @ 0x5569477d9300] nal_unit_type: 6(SEI), nal_ref_idc: 0
[h264 @ 0x5569477d9300] nal_unit_type: 1(Coded slice of a non-IDR picture), nal_ref_idc: 1
    Last message repeated 4 times
[Parsed_fps_0 @ 0x7fb3e0001980] Read frame with in pts 22650, out pts 906
[Parsed_fps_0 @ 0x7fb3e0001980] Writing frame with pts 905 to pts 905
bench:      128 user        0 sys      128 real decode_video 0:1 
bench:        1 user        0 sys        1 real decode_video 0:1 
[h264 @ 0x5569477d9300] nal_unit_type: 6(SEI), nal_ref_idc: 0
[h264 @ 0x5569477d9300] nal_unit_type: 1(Coded slice of a non-IDR picture), nal_ref_idc: 1
    Last message repeated 4 times
[Parsed_fps_0 @ 0x7fb3e0001980] Read frame with in pts 22675, out pts 907
[Parsed_fps_0 @ 0x7fb3e0001980] Writing frame with pts 906 to pts 906
bench:        1 user        0 sys        2 real decode_video 0:1 
bench:        0 user        0 sys        1 real decode_video 0:1 
[h264 @ 0x5569477d9300] nal_unit_type: 6(SEI), nal_ref_idc: 0
[h264 @ 0x5569477d9300] nal_unit_type: 1(Coded slice of a non-IDR picture), nal_ref_idc: 1
    Last message repeated 4 times
[Parsed_fps_0 @ 0x7fb3e0001980] Read frame with in pts 22700, out pts 908
[Parsed_fps_0 @ 0x7fb3e0001980] Writing frame with pts 907 to pts 907
bench:        2 user        0 sys        4 real decode_video 0:1 
bench:        1 user        0 sys        0 real decode_video 0:1 
[h264 @ 0x5569477d9300] nal_unit_type: 6(SEI), nal_ref_idc: 0
[h264 @ 0x5569477d9300] nal_unit_type: 1(Coded slice of a non-IDR picture), nal_ref_idc: 1
    Last message repeated 4 times
[Parsed_fps_0 @ 0x7fb3e0001980] Read frame with in pts 22725, out pts 909
[Parsed_fps_0 @ 0x7fb3e0001980] Writing frame with pts 908 to pts 908
bench:        1 user        0 sys        1 real decode_video 0:1 
    Last message repeated 1 times
[h264 @ 0x5569477d9300] nal_unit_type: 6(SEI), nal_ref_idc: 0
[h264 @ 0x5569477d9300] nal_unit_type: 1(Coded slice of a non-IDR picture), nal_ref_idc: 1
    Last message repeated 4 times
[Parsed_fps_0 @ 0x7fb3e0001980] Read frame with in pts 22750, out pts 910
[Parsed_fps_0 @ 0x7fb3e0001980] Writing frame with pts 909 to pts 909
bench:        1 user        0 sys        2 real decode_video 0:1 
bench:        0 user        0 sys        0 real decode_video 0:1 
[h264 @ 0x5569477d9300] nal_unit_type: 6(SEI), nal_ref_idc: 0
[h264 @ 0x5569477d9300] nal_unit_type: 1(Coded slice of a non-IDR picture), nal_ref_idc: 1
    Last message repeated 4 times
[Parsed_fps_0 @ 0x7fb3e0001980] Read frame with in pts 22775, out pts 911
[Parsed_fps_0 @ 0x7fb3e0001980] Writing frame with pts 910 to pts 910
bench:        0 user        0 sys        1 real decode_video 0:1 
    Last message repeated 1 times
[h264 @ 0x5569477d9300] nal_unit_type: 6(SEI), nal_ref_idc: 0
[h264 @ 0x5569477d9300] nal_unit_type: 1(Coded slice of a non-IDR picture), nal_ref_idc: 1
    Last message repeated 4 times
[Parsed_fps_0 @ 0x7fb3e0001980] Read frame with in pts 22800, out pts 912
[Parsed_fps_0 @ 0x7fb3e0001980] Writing frame with pts 911 to pts 911
bench:        1 user        0 sys        2 real decode_video 0:1 
bench:        0 user        0 sys        0 real decode_video 0:1 
[h264 @ 0x5569477d9300] nal_unit_type: 6(SEI), nal_ref_idc: 0
[Parsed_fps_0 @ 0x7fb3e0001980] Read frame with in pts 22825, out pts 913
[Parsed_fps_0 @ 0x7fb3e0001980] Writing frame with pts 912 to pts 912
[h264 @ 0x5569477d9300] nal_unit_type: 1(Coded slice of a non-IDR picture), nal_ref_idc: 1
    Last message repeated 4 times
bench:        1 user        0 sys        1 real decode_video 0:1 
bench:        0 user        0 sys        1 real decode_video 0:1 
[h264 @ 0x5569477d9300] nal_unit_type: 6(SEI), nal_ref_idc: 0
[h264 @ 0x5569477d9300] nal_unit_type: 1(Coded slice of a non-IDR picture), nal_ref_idc: 1
    Last message repeated 4 times
[Parsed_fps_0 @ 0x7fb3e0001980] Read frame with in pts 22850, out pts 914
[Parsed_fps_0 @ 0x7fb3e0001980] Writing frame with pts 913 to pts 913
bench:        2 user        0 sys        2 real decode_video 0:1 
bench:        0 user        0 sys        0 real decode_video 0:1 
[h264 @ 0x5569477d9300] nal_unit_type: 6(SEI), nal_ref_idc: 0
[h264 @ 0x5569477d9300] nal_unit_type: 1(Coded slice of a non-IDR picture), nal_ref_idc: 1
    Last message repeated 4 times
[Parsed_fps_0 @ 0x7fb3e0001980] Read frame with in pts 22875, out pts 915
[Parsed_fps_0 @ 0x7fb3e0001980] Writing frame with pts 914 to pts 914
bench:        1 user        0 sys        1 real decode_video 0:1 
    Last message repeated 1 times
[h264 @ 0x5569477d9300] nal_unit_type: 6(SEI), nal_ref_idc: 0
[h264 @ 0x5569477d9300] nal_unit_type: 1(Coded slice of a non-IDR picture), nal_ref_idc: 1
    Last message repeated 4 times
[Parsed_fps_0 @ 0x7fb3e0001980] Read frame with in pts 22900, out pts 916
[Parsed_fps_0 @ 0x7fb3e0001980] Writing frame with pts 915 to pts 915
bench:        1 user        0 sys        1 real decode_video 0:1 
    Last message repeated 1 times
[h264 @ 0x5569477d9300] nal_unit_type: 6(SEI), nal_ref_idc: 0
[h264 @ 0x5569477d9300] nal_unit_type: 1(Coded slice of a non-IDR picture), nal_ref_idc: 1
    Last message repeated 4 times
[Parsed_fps_0 @ 0x7fb3e0001980] Read frame with in pts 22925, out pts 917
[Parsed_fps_0 @ 0x7fb3e0001980] Writing frame with pts 916 to pts 916
bench:        1 user        0 sys        1 real decode_video 0:1 
bench:        1 user        0 sys        0 real decode_video 0:1 
[h264 @ 0x5569477d9300] nal_unit_type: 6(SEI), nal_ref_idc: 0
[h264 @ 0x5569477d9300] nal_unit_type: 1(Coded slice of a non-IDR picture), nal_ref_idc: 1
    Last message repeated 4 times
[Parsed_fps_0 @ 0x7fb3e0001980] Read frame with in pts 22950, out pts 918
[Parsed_fps_0 @ 0x7fb3e0001980] Writing frame with pts 917 to pts 917
bench:        1 user        0 sys        1 real decode_video 0:1 
bench:        0 user        0 sys        1 real decode_video 0:1 
[h264 @ 0x5569477d9300] nal_unit_type: 6(SEI), nal_ref_idc: 0
[h264 @ 0x5569477d9300] nal_unit_type: 1(Coded slice of a non-IDR picture), nal_ref_idc: 1
    Last message repeated 4 times
[Parsed_fps_0 @ 0x7fb3e0001980] Read frame with in pts 22975, out pts 919
[Parsed_fps_0 @ 0x7fb3e0001980] Writing frame with pts 918 to pts 918
bench:        1 user        0 sys        1 real decode_video 0:1 
bench:        0 user        0 sys        0 real decode_video 0:1 
[h264 @ 0x5569477d9300] nal_unit_type: 6(SEI), nal_ref_idc: 0
[h264 @ 0x5569477d9300] nal_unit_type: 1(Coded slice of a non-IDR picture), nal_ref_idc: 1
    Last message repeated 4 times
[Parsed_fps_0 @ 0x7fb3e0001980] Read frame with in pts 23000, out pts 920
[Parsed_fps_0 @ 0x7fb3e0001980] Writing frame with pts 919 to pts 919
bench:        0 user        0 sys        1 real decode_video 0:1 
bench:        0 user        0 sys        0 real decode_video 0:1 
[h264 @ 0x5569477d9300] nal_unit_type: 6(SEI), nal_ref_idc: 0
[h264 @ 0x5569477d9300] nal_unit_type: 1(Coded slice of a non-IDR picture), nal_ref_idc: 1
    Last message repeated 4 times
[Parsed_fps_0 @ 0x7fb3e0001980] Read frame with in pts 23025, out pts 921
[Parsed_fps_0 @ 0x7fb3e0001980] Writing frame with pts 920 to pts 920
bench:        1 user        0 sys        1 real decode_video 0:1 
bench:        1 user        0 sys        0 real decode_video 0:1 
[h264 @ 0x5569477d9300] nal_unit_type: 6(SEI), nal_ref_idc: 0
[h264 @ 0x5569477d9300] nal_unit_type: 1(Coded slice of a non-IDR picture), nal_ref_idc: 1
    Last message repeated 4 times
[Parsed_fps_0 @ 0x7fb3e0001980] Read frame with in pts 23050, out pts 922
[Parsed_fps_0 @ 0x7fb3e0001980] Writing frame with pts 921 to pts 921
bench:        1 user        0 sys        1 real decode_video 0:1 
bench:        0 user        0 sys        1 real decode_video 0:1 
[h264 @ 0x5569477d9300] nal_unit_type: 6(SEI), nal_ref_idc: 0
[h264 @ 0x5569477d9300] nal_unit_type: 1(Coded slice of a non-IDR picture), nal_ref_idc: 1
    Last message repeated 4 times
[Parsed_fps_0 @ 0x7fb3e0001980] Read frame with in pts 23075, out pts 923
[Parsed_fps_0 @ 0x7fb3e0001980] Writing frame with pts 922 to pts 922
bench:        1 user        0 sys        1 real decode_video 0:1 
    Last message repeated 1 times
[h264 @ 0x5569477d9300] nal_unit_type: 6(SEI), nal_ref_idc: 0
[h264 @ 0x5569477d9300] nal_unit_type: 1(Coded slice of a non-IDR picture), nal_ref_idc: 1
    Last message repeated 3 times
[Parsed_fps_0 @ 0x7fb3e0001980] Read frame with in pts 23100, out pts 924
[Parsed_fps_0 @ 0x7fb3e0001980] Writing frame with pts 923 to pts 923
[h264 @ 0x5569477d9300] nal_unit_type: 1(Coded slice of a non-IDR picture), nal_ref_idc: 1
bench:        0 user        0 sys        1 real decode_video 0:1 
bench:        1 user        0 sys        1 real decode_video 0:1 
[h264 @ 0x5569477d9300] nal_unit_type: 6(SEI), nal_ref_idc: 0
[h264 @ 0x5569477d9300] nal_unit_type: 1(Coded slice of a non-IDR picture), nal_ref_idc: 1
    Last message repeated 4 times
[Parsed_fps_0 @ 0x7fb3e0001980] Read frame with in pts 23125, out pts 925
[Parsed_fps_0 @ 0x7fb3e0001980] Writing frame with pts 924 to pts 924
bench:        1 user        0 sys        2 real decode_video 0:1 
bench:        0 user        0 sys        0 real decode_video 0:1 
[h264 @ 0x5569477d9300] nal_unit_type: 6(SEI), nal_ref_idc: 0
[h264 @ 0x5569477d9300] nal_unit_type: 1(Coded slice of a non-IDR picture), nal_ref_idc: 1
    Last message repeated 4 times
[Parsed_fps_0 @ 0x7fb3e0001980] Read frame with in pts 23150, out pts 926
[Parsed_fps_0 @ 0x7fb3e0001980] Writing frame with pts 925 to pts 925
bench:        1 user        0 sys        1 real decode_video 0:1 
bench:        0 user        0 sys        1 real decode_video 0:1 
[h264 @ 0x5569477d9300] nal_unit_type: 6(SEI), nal_ref_idc: 0
[h264 @ 0x5569477d9300] nal_unit_type: 1(Coded slice of a non-IDR picture), nal_ref_idc: 1
    Last message repeated 4 times
[Parsed_fps_0 @ 0x7fb3e0001980] Read frame with in pts 23175, out pts 927
[Parsed_fps_0 @ 0x7fb3e0001980] Writing frame with pts 926 to pts 926
bench:        1 user        0 sys        2 real decode_video 0:1 
bench:        1 user        0 sys        1 real decode_video 0:1 
[h264 @ 0x5569477d9300] nal_unit_type: 6(SEI), nal_ref_idc: 0
[h264 @ 0x5569477d9300] nal_unit_type: 1(Coded slice of a non-IDR picture), nal_ref_idc: 1
    Last message repeated 4 times
[Parsed_fps_0 @ 0x7fb3e0001980] Read frame with in pts 23200, out pts 928
[Parsed_fps_0 @ 0x7fb3e0001980] Writing frame with pts 927 to pts 927
bench:        1 user        0 sys        1 real decode_video 0:1 
    Last message repeated 1 times
[h264 @ 0x5569477d9300] nal_unit_type: 6(SEI), nal_ref_idc: 0
[h264 @ 0x5569477d9300] nal_unit_type: 1(Coded slice of a non-IDR picture), nal_ref_idc: 1
    Last message repeated 4 times
[Parsed_fps_0 @ 0x7fb3e0001980] Read frame with in pts 23225, out pts 929
[Parsed_fps_0 @ 0x7fb3e0001980] Writing frame with pts 928 to pts 928
bench:        1 user        0 sys        1 real decode_video 0:1 
    Last message repeated 1 times
[h264 @ 0x5569477d9300] nal_unit_type: 6(SEI), nal_ref_idc: 0
[h264 @ 0x5569477d9300] nal_unit_type: 1(Coded slice of a non-IDR picture), nal_ref_idc: 1
    Last message repeated 4 times
[Parsed_fps_0 @ 0x7fb3e0001980] Read frame with in pts 23250, out pts 930
[Parsed_fps_0 @ 0x7fb3e0001980] Writing frame with pts 929 to pts 929
bench:        1 user        0 sys        2 real decode_video 0:1 
bench:        1 user        0 sys        0 real decode_video 0:1 
[h264 @ 0x5569477d9300] nal_unit_type: 6(SEI), nal_ref_idc: 0
[h264 @ 0x5569477d9300] nal_unit_type: 1(Coded slice of a non-IDR picture), nal_ref_idc: 1
    Last message repeated 4 times
[Parsed_fps_0 @ 0x7fb3e0001980] Read frame with in pts 23275, out pts 931
[Parsed_fps_0 @ 0x7fb3e0001980] Writing frame with pts 930 to pts 930
bench:        1 user        0 sys        2 real decode_video 0:1 
bench:        0 user        0 sys        0 real decode_video 0:1 
[h264 @ 0x5569477d9300] nal_unit_type: 6(SEI), nal_ref_idc: 0
[h264 @ 0x5569477d9300] nal_unit_type: 1(Coded slice of a non-IDR picture), nal_ref_idc: 1
    Last message repeated 4 times
[Parsed_fps_0 @ 0x7fb3e0001980] Read frame with in pts 23300, out pts 932
[Parsed_fps_0 @ 0x7fb3e0001980] Writing frame with pts 931 to pts 931
bench:        1 user        0 sys        1 real decode_video 0:1 
bench:        0 user        0 sys        0 real decode_video 0:1 
[h264 @ 0x5569477d9300] nal_unit_type: 6(SEI), nal_ref_idc: 0
[h264 @ 0x5569477d9300] nal_unit_type: 1(Coded slice of a non-IDR picture), nal_ref_idc: 1
    Last message repeated 3 times
[Parsed_fps_0 @ 0x7fb3e0001980] Read frame with in pts 23325, out pts 933
[Parsed_fps_0 @ 0x7fb3e0001980] Writing frame with pts 932 to pts 932
[h264 @ 0x5569477d9300] nal_unit_type: 1(Coded slice of a non-IDR picture), nal_ref_idc: 1
bench:        1 user        0 sys        1 real decode_video 0:1 
    Last message repeated 1 times
[h264 @ 0x5569477d9300] nal_unit_type: 6(SEI), nal_ref_idc: 0
[h264 @ 0x5569477d9300] nal_unit_type: 1(Coded slice of a non-IDR picture), nal_ref_idc: 1
    Last message repeated 4 times
[Parsed_fps_0 @ 0x7fb3e0001980] Read frame with in pts 23350, out pts 934
[Parsed_fps_0 @ 0x7fb3e0001980] Writing frame with pts 933 to pts 933
bench:        1 user        0 sys        1 real decode_video 0:1 
    Last message repeated 1 times
[h264 @ 0x5569477d9300] nal_unit_type: 6(SEI), nal_ref_idc: 0
[h264 @ 0x5569477d9300] nal_unit_type: 1(Coded slice of a non-IDR picture), nal_ref_idc: 1
    Last message repeated 4 times
[Parsed_fps_0 @ 0x7fb3e0001980] Read frame with in pts 23375, out pts 935
[Parsed_fps_0 @ 0x7fb3e0001980] Writing frame with pts 934 to pts 934
bench:        1 user        0 sys        1 real decode_video 0:1 
bench:        1 user        0 sys        0 real decode_video 0:1 
[h264 @ 0x5569477d9300] nal_unit_type: 6(SEI), nal_ref_idc: 0
[h264 @ 0x5569477d9300] nal_unit_type: 1(Coded slice of a non-IDR picture), nal_ref_idc: 1
    Last message repeated 4 times
[Parsed_fps_0 @ 0x7fb3e0001980] Read frame with in pts 23400, out pts 936
[Parsed_fps_0 @ 0x7fb3e0001980] Writing frame with pts 935 to pts 935
bench:        0 user        0 sys        1 real decode_video 0:1 
bench:        1 user        0 sys        0 real decode_video 0:1 
[h264 @ 0x5569477d9300] nal_unit_type: 6(SEI), nal_ref_idc: 0
[h264 @ 0x5569477d9300] nal_unit_type: 1(Coded slice of a non-IDR picture), nal_ref_idc: 1
    Last message repeated 4 times
[Parsed_fps_0 @ 0x7fb3e0001980] Read frame with in pts 23425, out pts 937
[Parsed_fps_0 @ 0x7fb3e0001980] Writing frame with pts 936 to pts 936
bench:        1 user        0 sys        2 real decode_video 0:1 
bench:        0 user        0 sys        1 real decode_video 0:1 
[h264 @ 0x5569477d9300] nal_unit_type: 6(SEI), nal_ref_idc: 0
[h264 @ 0x5569477d9300] nal_unit_type: 1(Coded slice of a non-IDR picture), nal_ref_idc: 1
    Last message repeated 4 times
[Parsed_fps_0 @ 0x7fb3e0001980] Read frame with in pts 23450, out pts 938
[Parsed_fps_0 @ 0x7fb3e0001980] Writing frame with pts 937 to pts 937
bench:        1 user        0 sys        1 real decode_video 0:1 
bench:        0 user        0 sys        0 real decode_video 0:1 
[h264 @ 0x5569477d9300] nal_unit_type: 6(SEI), nal_ref_idc: 0
[h264 @ 0x5569477d9300] nal_unit_type: 1(Coded slice of a non-IDR picture), nal_ref_idc: 1
    Last message repeated 4 times
[Parsed_fps_0 @ 0x7fb3e0001980] Read frame with in pts 23475, out pts 939
[Parsed_fps_0 @ 0x7fb3e0001980] Writing frame with pts 938 to pts 938
bench:        1 user        0 sys        1 real decode_video 0:1 
bench:        0 user        0 sys        1 real decode_video 0:1 
[h264 @ 0x5569477d9300] nal_unit_type: 6(SEI), nal_ref_idc: 0
[h264 @ 0x5569477d9300] nal_unit_type: 1(Coded slice of a non-IDR picture), nal_ref_idc: 1
    Last message repeated 4 times
[Parsed_fps_0 @ 0x7fb3e0001980] Read frame with in pts 23500, out pts 940
[Parsed_fps_0 @ 0x7fb3e0001980] Writing frame with pts 939 to pts 939
bench:        0 user        1 sys        1 real decode_video 0:1 
bench:        1 user        0 sys        0 real decode_video 0:1 
[h264 @ 0x5569477d9300] nal_unit_type: 6(SEI), nal_ref_idc: 0
[h264 @ 0x5569477d9300] nal_unit_type: 1(Coded slice of a non-IDR picture), nal_ref_idc: 1
    Last message repeated 4 times
[Parsed_fps_0 @ 0x7fb3e0001980] Read frame with in pts 23525, out pts 941
[Parsed_fps_0 @ 0x7fb3e0001980] Writing frame with pts 940 to pts 940
bench:        1 user        0 sys        1 real decode_video 0:1 
bench:        1 user        0 sys        0 real decode_video 0:1 
[h264 @ 0x5569477d9300] nal_unit_type: 6(SEI), nal_ref_idc: 0
[h264 @ 0x5569477d9300] nal_unit_type: 1(Coded slice of a non-IDR picture), nal_ref_idc: 1
    Last message repeated 4 times
[Parsed_fps_0 @ 0x7fb3e0001980] Read frame with in pts 23550, out pts 942
[Parsed_fps_0 @ 0x7fb3e0001980] Writing frame with pts 941 to pts 941
bench:        2 user        0 sys        4 real decode_video 0:1 
bench:        1 user        0 sys        1 real decode_video 0:1 
[Parsed_fps_0 @ 0x7fb3e0001980] Read frame with in pts 23575, out pts 943
[Parsed_fps_0 @ 0x7fb3e0001980] Writing frame with pts 942 to pts 942
[h264 @ 0x5569477d9300] nal_unit_type: 6(SEI), nal_ref_idc: 0
[h264 @ 0x5569477d9300] nal_unit_type: 1(Coded slice of a non-IDR picture), nal_ref_idc: 1
    Last message repeated 4 times
bench:        1 user        0 sys        2 real decode_video 0:1 
bench:        1 user        0 sys        1 real decode_video 0:1 
[h264 @ 0x5569477d9300] nal_unit_type: 6(SEI), nal_ref_idc: 0
[h264 @ 0x5569477d9300] nal_unit_type: 1(Coded slice of a non-IDR picture), nal_ref_idc: 1
    Last message repeated 4 times
[Parsed_fps_0 @ 0x7fb3e0001980] Read frame with in pts 23600, out pts 944
[Parsed_fps_0 @ 0x7fb3e0001980] Writing frame with pts 943 to pts 943
bench:        0 user        0 sys        1 real decode_video 0:1 
bench:        1 user        0 sys        1 real decode_video 0:1 
[h264 @ 0x5569477d9300] nal_unit_type: 6(SEI), nal_ref_idc: 0
[h264 @ 0x5569477d9300] nal_unit_type: 1(Coded slice of a non-IDR picture), nal_ref_idc: 1
    Last message repeated 4 times
[Parsed_fps_0 @ 0x7fb3e0001980] Read frame with in pts 23625, out pts 945
[Parsed_fps_0 @ 0x7fb3e0001980] Writing frame with pts 944 to pts 944
bench:        1 user        0 sys        1 real decode_video 0:1 
bench:        1 user        0 sys        0 real decode_video 0:1 
[h264 @ 0x5569477d9300] nal_unit_type: 6(SEI), nal_ref_idc: 0
[h264 @ 0x5569477d9300] nal_unit_type: 1(Coded slice of a non-IDR picture), nal_ref_idc: 1
    Last message repeated 4 times
[Parsed_fps_0 @ 0x7fb3e0001980] Read frame with in pts 23650, out pts 946
[Parsed_fps_0 @ 0x7fb3e0001980] Writing frame with pts 945 to pts 945
bench:        1 user        0 sys        2 real decode_video 0:1 
bench:        1 user        0 sys        1 real decode_video 0:1 
[h264 @ 0x5569477d9300] nal_unit_type: 6(SEI), nal_ref_idc: 0
[h264 @ 0x5569477d9300] nal_unit_type: 1(Coded slice of a non-IDR picture), nal_ref_idc: 1
    Last message repeated 1 times
[Parsed_fps_0 @ 0x7fb3e0001980] Read frame with in pts 23675, out pts 947
[Parsed_fps_0 @ 0x7fb3e0001980] Writing frame with pts 946 to pts 946
[h264 @ 0x5569477d9300] nal_unit_type: 1(Coded slice of a non-IDR picture), nal_ref_idc: 1
    Last message repeated 2 times
bench:        2 user        0 sys        3 real decode_video 0:1 
bench:        1 user        0 sys        0 real decode_video 0:1 
[h264 @ 0x5569477d9300] nal_unit_type: 6(SEI), nal_ref_idc: 0
[h264 @ 0x5569477d9300] nal_unit_type: 1(Coded slice of a non-IDR picture), nal_ref_idc: 1
    Last message repeated 4 times
[Parsed_fps_0 @ 0x7fb3e0001980] Read frame with in pts 23700, out pts 948
[Parsed_fps_0 @ 0x7fb3e0001980] Writing frame with pts 947 to pts 947
bench:        1 user        0 sys        2 real decode_video 0:1 
bench:        0 user        0 sys        1 real decode_video 0:1 
[h264 @ 0x5569477d9300] nal_unit_type: 6(SEI), nal_ref_idc: 0
[h264 @ 0x5569477d9300] nal_unit_type: 1(Coded slice of a non-IDR picture), nal_ref_idc: 1
    Last message repeated 4 times
[Parsed_fps_0 @ 0x7fb3e0001980] Read frame with in pts 23725, out pts 949
[Parsed_fps_0 @ 0x7fb3e0001980] Writing frame with pts 948 to pts 948
bench:        0 user        0 sys        1 real decode_video 0:1 
bench:        1 user        0 sys        1 real decode_video 0:1 
[h264 @ 0x5569477d9300] nal_unit_type: 6(SEI), nal_ref_idc: 0
[h264 @ 0x5569477d9300] nal_unit_type: 1(Coded slice of a non-IDR picture), nal_ref_idc: 1
    Last message repeated 4 times
[Parsed_fps_0 @ 0x7fb3e0001980] Read frame with in pts 23750, out pts 950
[Parsed_fps_0 @ 0x7fb3e0001980] Writing frame with pts 949 to pts 949
bench:        1 user        0 sys        1 real decode_video 0:1 
bench:        0 user        0 sys        1 real decode_video 0:1 
[h264 @ 0x5569477d9300] nal_unit_type: 6(SEI), nal_ref_idc: 0
[h264 @ 0x5569477d9300] nal_unit_type: 1(Coded slice of a non-IDR picture), nal_ref_idc: 1
    Last message repeated 4 times
[Parsed_fps_0 @ 0x7fb3e0001980] Read frame with in pts 23775, out pts 951
[Parsed_fps_0 @ 0x7fb3e0001980] Writing frame with pts 950 to pts 950
bench:        1 user        0 sys        1 real decode_video 0:1 
    Last message repeated 1 times
[h264 @ 0x5569477d9300] nal_unit_type: 6(SEI), nal_ref_idc: 0
[h264 @ 0x5569477d9300] nal_unit_type: 1(Coded slice of a non-IDR picture), nal_ref_idc: 1
    Last message repeated 4 times
[Parsed_fps_0 @ 0x7fb3e0001980] Read frame with in pts 23800, out pts 952
[Parsed_fps_0 @ 0x7fb3e0001980] Writing frame with pts 951 to pts 951
bench:        1 user        0 sys        1 real decode_video 0:1 
    Last message repeated 1 times
[h264 @ 0x5569477d9300] nal_unit_type: 6(SEI), nal_ref_idc: 0
[h264 @ 0x5569477d9300] nal_unit_type: 1(Coded slice of a non-IDR picture), nal_ref_idc: 1
    Last message repeated 4 times
[Parsed_fps_0 @ 0x7fb3e0001980] Read frame with in pts 23825, out pts 953
[Parsed_fps_0 @ 0x7fb3e0001980] Writing frame with pts 952 to pts 952
bench:        0 user        0 sys        1 real decode_video 0:1 
    Last message repeated 1 times
[h264 @ 0x5569477d9300] nal_unit_type: 6(SEI), nal_ref_idc: 0
[h264 @ 0x5569477d9300] nal_unit_type: 1(Coded slice of a non-IDR picture), nal_ref_idc: 1
    Last message repeated 4 times
[Parsed_fps_0 @ 0x7fb3e0001980] Read frame with in pts 23850, out pts 954
[Parsed_fps_0 @ 0x7fb3e0001980] Writing frame with pts 953 to pts 953
bench:        1 user        0 sys        1 real decode_video 0:1 
    Last message repeated 1 times
[h264 @ 0x5569477d9300] nal_unit_type: 6(SEI), nal_ref_idc: 0
[h264 @ 0x5569477d9300] nal_unit_type: 1(Coded slice of a non-IDR picture), nal_ref_idc: 1
    Last message repeated 4 times
[Parsed_fps_0 @ 0x7fb3e0001980] Read frame with in pts 23875, out pts 955
[Parsed_fps_0 @ 0x7fb3e0001980] Writing frame with pts 954 to pts 954
bench:        1 user        0 sys        1 real decode_video 0:1 
bench:        0 user        0 sys        0 real decode_video 0:1 
[h264 @ 0x5569477d9300] nal_unit_type: 6(SEI), nal_ref_idc: 0
[h264 @ 0x5569477d9300] nal_unit_type: 1(Coded slice of a non-IDR picture), nal_ref_idc: 1
    Last message repeated 4 times
[Parsed_fps_0 @ 0x7fb3e0001980] Read frame with in pts 23900, out pts 956
[Parsed_fps_0 @ 0x7fb3e0001980] Writing frame with pts 955 to pts 955
bench:        1 user        0 sys        2 real decode_video 0:1 
bench:        0 user        0 sys        1 real decode_video 0:1 
[h264 @ 0x5569477d9300] nal_unit_type: 6(SEI), nal_ref_idc: 0
[h264 @ 0x5569477d9300] nal_unit_type: 1(Coded slice of a non-IDR picture), nal_ref_idc: 1
    Last message repeated 4 times
[Parsed_fps_0 @ 0x7fb3e0001980] Read frame with in pts 23925, out pts 957
[Parsed_fps_0 @ 0x7fb3e0001980] Writing frame with pts 956 to pts 956
bench:        1 user        0 sys        1 real decode_video 0:1 
    Last message repeated 1 times
[h264 @ 0x5569477d9300] nal_unit_type: 6(SEI), nal_ref_idc: 0
[h264 @ 0x5569477d9300] nal_unit_type: 1(Coded slice of a non-IDR picture), nal_ref_idc: 1
    Last message repeated 4 times
[Parsed_fps_0 @ 0x7fb3e0001980] Read frame with in pts 23950, out pts 958
[Parsed_fps_0 @ 0x7fb3e0001980] Writing frame with pts 957 to pts 957
bench:        1 user        0 sys        2 real decode_video 0:1 
bench:        1 user        0 sys        0 real decode_video 0:1 
[h264 @ 0x5569477d9300] nal_unit_type: 6(SEI), nal_ref_idc: 0
[h264 @ 0x5569477d9300] nal_unit_type: 5(IDR), nal_ref_idc: 1
    Last message repeated 3 times
[Parsed_fps_0 @ 0x7fb3e0001980] Read frame with in pts 23975, out pts 959
[Parsed_fps_0 @ 0x7fb3e0001980] Writing frame with pts 958 to pts 958
[h264 @ 0x5569477d9300] nal_unit_type: 5(IDR), nal_ref_idc: 1
bench:        1 user        0 sys        1 real decode_video 0:1 
bench:        1 user        0 sys        0 real decode_video 0:1 
[h264 @ 0x5569477d9300] nal_unit_type: 6(SEI), nal_ref_idc: 0
[h264 @ 0x5569477d9300] nal_unit_type: 1(Coded slice of a non-IDR picture), nal_ref_idc: 1
    Last message repeated 4 times
[Parsed_fps_0 @ 0x7fb3e0001980] Read frame with in pts 24000, out pts 960
[Parsed_fps_0 @ 0x7fb3e0001980] Writing frame with pts 959 to pts 959
bench:        1 user        0 sys        1 real decode_video 0:1 
bench:        0 user        0 sys        1 real decode_video 0:1 
[h264 @ 0x5569477d9300] nal_unit_type: 6(SEI), nal_ref_idc: 0
[h264 @ 0x5569477d9300] nal_unit_type: 1(Coded slice of a non-IDR picture), nal_ref_idc: 1
    Last message repeated 4 times
[Parsed_fps_0 @ 0x7fb3e0001980] Read frame with in pts 24025, out pts 961
[Parsed_fps_0 @ 0x7fb3e0001980] Writing frame with pts 960 to pts 960
bench:        1 user        0 sys        2 real decode_video 0:1 
bench:        1 user        0 sys        1 real decode_video 0:1 
[h264 @ 0x5569477d9300] nal_unit_type: 6(SEI), nal_ref_idc: 0
[h264 @ 0x5569477d9300] nal_unit_type: 1(Coded slice of a non-IDR picture), nal_ref_idc: 1
    Last message repeated 4 times
[Parsed_fps_0 @ 0x7fb3e0001980] Read frame with in pts 24050, out pts 962
[Parsed_fps_0 @ 0x7fb3e0001980] Writing frame with pts 961 to pts 961
bench:        1 user        0 sys        1 real decode_video 0:1 
bench:        0 user        0 sys        0 real decode_video 0:1 
[h264 @ 0x5569477d9300] nal_unit_type: 6(SEI), nal_ref_idc: 0
[h264 @ 0x5569477d9300] nal_unit_type: 1(Coded slice of a non-IDR picture), nal_ref_idc: 1
    Last message repeated 4 times
[Parsed_fps_0 @ 0x7fb3e0001980] Read frame with in pts 24075, out pts 963
[Parsed_fps_0 @ 0x7fb3e0001980] Writing frame with pts 962 to pts 962
bench:        1 user        0 sys        1 real decode_video 0:1 
bench:        0 user        0 sys        1 real decode_video 0:1 
[h264 @ 0x5569477d9300] nal_unit_type: 6(SEI), nal_ref_idc: 0
[h264 @ 0x5569477d9300] nal_unit_type: 1(Coded slice of a non-IDR picture), nal_ref_idc: 1
    Last message repeated 4 times
[Parsed_fps_0 @ 0x7fb3e0001980] Read frame with in pts 24100, out pts 964
[Parsed_fps_0 @ 0x7fb3e0001980] Writing frame with pts 963 to pts 963
bench:        1 user        0 sys        1 real decode_video 0:1 
bench:        0 user        0 sys        1 real decode_video 0:1 
[h264 @ 0x5569477d9300] nal_unit_type: 6(SEI), nal_ref_idc: 0
[h264 @ 0x5569477d9300] nal_unit_type: 1(Coded slice of a non-IDR picture), nal_ref_idc: 1
    Last message repeated 4 times
[Parsed_fps_0 @ 0x7fb3e0001980] Read frame with in pts 24125, out pts 965
[Parsed_fps_0 @ 0x7fb3e0001980] Writing frame with pts 964 to pts 964
bench:        0 user        0 sys        1 real decode_video 0:1 
bench:        1 user        0 sys        1 real decode_video 0:1 
[h264 @ 0x5569477d9300] nal_unit_type: 6(SEI), nal_ref_idc: 0
[h264 @ 0x5569477d9300] nal_unit_type: 1(Coded slice of a non-IDR picture), nal_ref_idc: 1
    Last message repeated 4 times
[Parsed_fps_0 @ 0x7fb3e0001980] Read frame with in pts 24150, out pts 966
[Parsed_fps_0 @ 0x7fb3e0001980] Writing frame with pts 965 to pts 965
bench:        0 user        0 sys        2 real decode_video 0:1 
bench:        0 user        0 sys        0 real decode_video 0:1 
[h264 @ 0x5569477d9300] nal_unit_type: 6(SEI), nal_ref_idc: 0
[h264 @ 0x5569477d9300] nal_unit_type: 1(Coded slice of a non-IDR picture), nal_ref_idc: 1
    Last message repeated 1 times
[Parsed_fps_0 @ 0x7fb3e0001980] Read frame with in pts 24175, out pts 967
[Parsed_fps_0 @ 0x7fb3e0001980] Writing frame with pts 966 to pts 966
[h264 @ 0x5569477d9300] nal_unit_type: 1(Coded slice of a non-IDR picture), nal_ref_idc: 1
    Last message repeated 2 times
bench:        2 user        0 sys        4 real decode_video 0:1 
bench:        1 user        0 sys        1 real decode_video 0:1 
[h264 @ 0x5569477d9300] nal_unit_type: 6(SEI), nal_ref_idc: 0
[h264 @ 0x5569477d9300] nal_unit_type: 1(Coded slice of a non-IDR picture), nal_ref_idc: 1
    Last message repeated 4 times
[Parsed_fps_0 @ 0x7fb3e0001980] Read frame with in pts 24200, out pts 968
[Parsed_fps_0 @ 0x7fb3e0001980] Writing frame with pts 967 to pts 967
bench:        1 user        0 sys        1 real decode_video 0:1 
bench:        0 user        0 sys        1 real decode_video 0:1 
[h264 @ 0x5569477d9300] nal_unit_type: 6(SEI), nal_ref_idc: 0
[h264 @ 0x5569477d9300] nal_unit_type: 1(Coded slice of a non-IDR picture), nal_ref_idc: 1
    Last message repeated 4 times
[Parsed_fps_0 @ 0x7fb3e0001980] Read frame with in pts 24225, out pts 969
[Parsed_fps_0 @ 0x7fb3e0001980] Writing frame with pts 968 to pts 968
bench:        1 user        0 sys        2 real decode_video 0:1 
bench:        1 user        0 sys        0 real decode_video 0:1 
[h264 @ 0x5569477d9300] nal_unit_type: 6(SEI), nal_ref_idc: 0
[h264 @ 0x5569477d9300] nal_unit_type: 1(Coded slice of a non-IDR picture), nal_ref_idc: 1
    Last message repeated 4 times
[Parsed_fps_0 @ 0x7fb3e0001980] Read frame with in pts 24250, out pts 970
[Parsed_fps_0 @ 0x7fb3e0001980] Writing frame with pts 969 to pts 969
bench:        1 user        0 sys        2 real decode_video 0:1 
bench:        0 user        0 sys        0 real decode_video 0:1 
[h264 @ 0x5569477d9300] nal_unit_type: 6(SEI), nal_ref_idc: 0
[Parsed_fps_0 @ 0x7fb3e0001980] Read frame with in pts 24275, out pts 971
[Parsed_fps_0 @ 0x7fb3e0001980] Writing frame with pts 970 to pts 970
[h264 @ 0x5569477d9300] nal_unit_type: 1(Coded slice of a non-IDR picture), nal_ref_idc: 1
    Last message repeated 4 times
bench:      217 user        0 sys      217 real decode_video 0:1 
bench:        1 user        0 sys        1 real decode_video 0:1 
[h264 @ 0x5569477d9300] nal_unit_type: 6(SEI), nal_ref_idc: 0
[h264 @ 0x5569477d9300] nal_unit_type: 1(Coded slice of a non-IDR picture), nal_ref_idc: 1
    Last message repeated 4 times
[Parsed_fps_0 @ 0x7fb3e0001980] Read frame with in pts 24300, out pts 972
[Parsed_fps_0 @ 0x7fb3e0001980] Writing frame with pts 971 to pts 971
bench:        1 user        0 sys        3 real decode_video 0:1 
bench:        2 user        0 sys        1 real decode_video 0:1 
[Parsed_fps_0 @ 0x7fb3e0001980] Read frame with in pts 24325, out pts 973
[Parsed_fps_0 @ 0x7fb3e0001980] Writing frame with pts 972 to pts 972
[h264 @ 0x5569477d9300] nal_unit_type: 6(SEI), nal_ref_idc: 0
[h264 @ 0x5569477d9300] nal_unit_type: 1(Coded slice of a non-IDR picture), nal_ref_idc: 1
    Last message repeated 4 times
bench:        1 user        1 sys        2 real decode_video 0:1 
bench:        0 user        0 sys        1 real decode_video 0:1 
[h264 @ 0x5569477d9300] nal_unit_type: 6(SEI), nal_ref_idc: 0
[h264 @ 0x5569477d9300] nal_unit_type: 1(Coded slice of a non-IDR picture), nal_ref_idc: 1
    Last message repeated 4 times
[Parsed_fps_0 @ 0x7fb3e0001980] Read frame with in pts 24350, out pts 974
[Parsed_fps_0 @ 0x7fb3e0001980] Writing frame with pts 973 to pts 973
bench:        1 user        0 sys        1 real decode_video 0:1 
bench:        1 user        0 sys        2 real decode_video 0:1 
[h264 @ 0x5569477d9300] nal_unit_type: 6(SEI), nal_ref_idc: 0
[h264 @ 0x5569477d9300] nal_unit_type: 1(Coded slice of a non-IDR picture), nal_ref_idc: 1
    Last message repeated 2 times
[Parsed_fps_0 @ 0x7fb3e0001980] Read frame with in pts 24375, out pts 975
[Parsed_fps_0 @ 0x7fb3e0001980] Writing frame with pts 974 to pts 974
[h264 @ 0x5569477d9300] nal_unit_type: 1(Coded slice of a non-IDR picture), nal_ref_idc: 1
    Last message repeated 1 times
bench:        1 user        0 sys        1 real decode_video 0:1 
bench:        0 user        0 sys        0 real decode_video 0:1 
[h264 @ 0x5569477d9300] nal_unit_type: 6(SEI), nal_ref_idc: 0
[h264 @ 0x5569477d9300] nal_unit_type: 1(Coded slice of a non-IDR picture), nal_ref_idc: 1
    Last message repeated 4 times
[Parsed_fps_0 @ 0x7fb3e0001980] Read frame with in pts 24400, out pts 976
[Parsed_fps_0 @ 0x7fb3e0001980] Writing frame with pts 975 to pts 975
bench:        1 user        0 sys        1 real decode_video 0:1 
bench:        0 user        0 sys        1 real decode_video 0:1 
[h264 @ 0x5569477d9300] nal_unit_type: 6(SEI), nal_ref_idc: 0
[Parsed_fps_0 @ 0x7fb3e0001980] Read frame with in pts 24425, out pts 977
[Parsed_fps_0 @ 0x7fb3e0001980] Writing frame with pts 976 to pts 976
[h264 @ 0x5569477d9300] nal_unit_type: 1(Coded slice of a non-IDR picture), nal_ref_idc: 1
    Last message repeated 4 times
bench:        1 user        0 sys        2 real decode_video 0:1 
bench:        1 user        0 sys        0 real decode_video 0:1 
[h264 @ 0x5569477d9300] nal_unit_type: 6(SEI), nal_ref_idc: 0
[h264 @ 0x5569477d9300] nal_unit_type: 1(Coded slice of a non-IDR picture), nal_ref_idc: 1
    Last message repeated 4 times
[Parsed_fps_0 @ 0x7fb3e0001980] Read frame with in pts 24450, out pts 978
[Parsed_fps_0 @ 0x7fb3e0001980] Writing frame with pts 977 to pts 977
bench:        1 user        0 sys        1 real decode_video 0:1 
    Last message repeated 1 times
[h264 @ 0x5569477d9300] nal_unit_type: 6(SEI), nal_ref_idc: 0
[h264 @ 0x5569477d9300] nal_unit_type: 1(Coded slice of a non-IDR picture), nal_ref_idc: 1
    Last message repeated 4 times
[Parsed_fps_0 @ 0x7fb3e0001980] Read frame with in pts 24475, out pts 979
[Parsed_fps_0 @ 0x7fb3e0001980] Writing frame with pts 978 to pts 978
bench:        2 user        0 sys        4 real decode_video 0:1 
bench:        1 user        0 sys        1 real decode_video 0:1 
[h264 @ 0x5569477d9300] nal_unit_type: 6(SEI), nal_ref_idc: 0
[Parsed_fps_0 @ 0x7fb3e0001980] Read frame with in pts 24500, out pts 980
[Parsed_fps_0 @ 0x7fb3e0001980] Writing frame with pts 979 to pts 979
[h264 @ 0x5569477d9300] nal_unit_type: 1(Coded slice of a non-IDR picture), nal_ref_idc: 1
    Last message repeated 4 times
bench:        1 user        0 sys        1 real decode_video 0:1 
bench:        3 user        0 sys        1 real decode_video 0:1 
[h264 @ 0x5569477d9300] nal_unit_type: 6(SEI), nal_ref_idc: 0
[h264 @ 0x5569477d9300] nal_unit_type: 1(Coded slice of a non-IDR picture), nal_ref_idc: 1
    Last message repeated 4 times
[Parsed_fps_0 @ 0x7fb3e0001980] Read frame with in pts 24525, out pts 981
[Parsed_fps_0 @ 0x7fb3e0001980] Writing frame with pts 980 to pts 980
bench:        2 user        0 sys        2 real decode_video 0:1 
bench:        1 user        0 sys        1 real decode_video 0:1 
[h264 @ 0x5569477d9300] nal_unit_type: 6(SEI), nal_ref_idc: 0
[h264 @ 0x5569477d9300] nal_unit_type: 1(Coded slice of a non-IDR picture), nal_ref_idc: 1
    Last message repeated 4 times
[Parsed_fps_0 @ 0x7fb3e0001980] Read frame with in pts 24550, out pts 982
[Parsed_fps_0 @ 0x7fb3e0001980] Writing frame with pts 981 to pts 981
bench:        0 user        1 sys        2 real decode_video 0:1 
bench:        0 user        0 sys        1 real decode_video 0:1 
[h264 @ 0x5569477d9300] nal_unit_type: 6(SEI), nal_ref_idc: 0
[h264 @ 0x5569477d9300] nal_unit_type: 1(Coded slice of a non-IDR picture), nal_ref_idc: 1
    Last message repeated 4 times
[Parsed_fps_0 @ 0x7fb3e0001980] Read frame with in pts 24575, out pts 983
[Parsed_fps_0 @ 0x7fb3e0001980] Writing frame with pts 982 to pts 982
bench:        0 user        1 sys        1 real decode_video 0:1 
bench:        0 user        1 sys        0 real decode_video 0:1 
[h264 @ 0x5569477d9300] nal_unit_type: 6(SEI), nal_ref_idc: 0
[h264 @ 0x5569477d9300] nal_unit_type: 1(Coded slice of a non-IDR picture), nal_ref_idc: 1
    Last message repeated 4 times
[Parsed_fps_0 @ 0x7fb3e0001980] Read frame with in pts 24600, out pts 984
[Parsed_fps_0 @ 0x7fb3e0001980] Writing frame with pts 983 to pts 983
bench:        0 user        1 sys        2 real decode_video 0:1 
bench:        0 user        1 sys        0 real decode_video 0:1 
[h264 @ 0x5569477d9300] nal_unit_type: 6(SEI), nal_ref_idc: 0
[h264 @ 0x5569477d9300] nal_unit_type: 1(Coded slice of a non-IDR picture), nal_ref_idc: 1
    Last message repeated 4 times
[Parsed_fps_0 @ 0x7fb3e0001980] Read frame with in pts 24625, out pts 985
[Parsed_fps_0 @ 0x7fb3e0001980] Writing frame with pts 984 to pts 984
bench:        0 user        1 sys        1 real decode_video 0:1 
    Last message repeated 1 times
[h264 @ 0x5569477d9300] nal_unit_type: 6(SEI), nal_ref_idc: 0
[h264 @ 0x5569477d9300] nal_unit_type: 1(Coded slice of a non-IDR picture), nal_ref_idc: 1
    Last message repeated 4 times
[Parsed_fps_0 @ 0x7fb3e0001980] Read frame with in pts 24650, out pts 986
[Parsed_fps_0 @ 0x7fb3e0001980] Writing frame with pts 985 to pts 985
bench:        0 user        1 sys        1 real decode_video 0:1 
bench:        0 user        0 sys        1 real decode_video 0:1 
[h264 @ 0x5569477d9300] nal_unit_type: 6(SEI), nal_ref_idc: 0
[h264 @ 0x5569477d9300] nal_unit_type: 1(Coded slice of a non-IDR picture), nal_ref_idc: 1
    Last message repeated 3 times
[Parsed_fps_0 @ 0x7fb3e0001980] Read frame with in pts 24675, out pts 987
[h264 @ 0x5569477d9300] nal_unit_type: 1(Coded slice of a non-IDR picture), nal_ref_idc: 1
[Parsed_fps_0 @ 0x7fb3e0001980] Writing frame with pts 986 to pts 986
bench:        0 user        1 sys        1 real decode_video 0:1 
bench:        0 user        0 sys        1 real decode_video 0:1 
[h264 @ 0x5569477d9300] nal_unit_type: 6(SEI), nal_ref_idc: 0
[h264 @ 0x5569477d9300] nal_unit_type: 1(Coded slice of a non-IDR picture), nal_ref_idc: 1
    Last message repeated 4 times
[Parsed_fps_0 @ 0x7fb3e0001980] Read frame with in pts 24700, out pts 988
[Parsed_fps_0 @ 0x7fb3e0001980] Writing frame with pts 987 to pts 987
bench:        0 user        1 sys        2 real decode_video 0:1 
bench:        0 user        0 sys        1 real decode_video 0:1 
[h264 @ 0x5569477d9300] nal_unit_type: 6(SEI), nal_ref_idc: 0
[h264 @ 0x5569477d9300] nal_unit_type: 1(Coded slice of a non-IDR picture), nal_ref_idc: 1
    Last message repeated 4 times
[Parsed_fps_0 @ 0x7fb3e0001980] Read frame with in pts 24725, out pts 989
[Parsed_fps_0 @ 0x7fb3e0001980] Writing frame with pts 988 to pts 988
bench:        1 user        0 sys        2 real decode_video 0:1 
bench:        1 user        0 sys        0 real decode_video 0:1 
[h264 @ 0x5569477d9300] nal_unit_type: 6(SEI), nal_ref_idc: 0
[h264 @ 0x5569477d9300] nal_unit_type: 1(Coded slice of a non-IDR picture), nal_ref_idc: 1
    Last message repeated 4 times
[Parsed_fps_0 @ 0x7fb3e0001980] Read frame with in pts 24750, out pts 990
[Parsed_fps_0 @ 0x7fb3e0001980] Writing frame with pts 989 to pts 989
bench:        1 user        0 sys        2 real decode_video 0:1 
bench:        1 user        0 sys        0 real decode_video 0:1 
[h264 @ 0x5569477d9300] nal_unit_type: 6(SEI), nal_ref_idc: 0
[h264 @ 0x5569477d9300] nal_unit_type: 1(Coded slice of a non-IDR picture), nal_ref_idc: 1
    Last message repeated 4 times
[Parsed_fps_0 @ 0x7fb3e0001980] Read frame with in pts 24775, out pts 991
[Parsed_fps_0 @ 0x7fb3e0001980] Writing frame with pts 990 to pts 990
bench:        1 user        0 sys        1 real decode_video 0:1 
    Last message repeated 1 times
[h264 @ 0x5569477d9300] nal_unit_type: 6(SEI), nal_ref_idc: 0
[h264 @ 0x5569477d9300] nal_unit_type: 1(Coded slice of a non-IDR picture), nal_ref_idc: 1
    Last message repeated 4 times
[Parsed_fps_0 @ 0x7fb3e0001980] Read frame with in pts 24800, out pts 992
[Parsed_fps_0 @ 0x7fb3e0001980] Writing frame with pts 991 to pts 991
bench:        1 user        0 sys        1 real decode_video 0:1 
bench:        0 user        0 sys        1 real decode_video 0:1 
[h264 @ 0x5569477d9300] nal_unit_type: 6(SEI), nal_ref_idc: 0
[h264 @ 0x5569477d9300] nal_unit_type: 1(Coded slice of a non-IDR picture), nal_ref_idc: 1
    Last message repeated 4 times
[Parsed_fps_0 @ 0x7fb3e0001980] Read frame with in pts 24825, out pts 993
[Parsed_fps_0 @ 0x7fb3e0001980] Writing frame with pts 992 to pts 992
bench:        1 user        0 sys        1 real decode_video 0:1 
    Last message repeated 1 times
[h264 @ 0x5569477d9300] nal_unit_type: 6(SEI), nal_ref_idc: 0
[h264 @ 0x5569477d9300] nal_unit_type: 1(Coded slice of a non-IDR picture), nal_ref_idc: 1
    Last message repeated 4 times
[Parsed_fps_0 @ 0x7fb3e0001980] Read frame with in pts 24850, out pts 994
[Parsed_fps_0 @ 0x7fb3e0001980] Writing frame with pts 993 to pts 993
bench:        2 user        0 sys        3 real decode_video 0:1 
bench:        1 user        0 sys        0 real decode_video 0:1 
[h264 @ 0x5569477d9300] nal_unit_type: 6(SEI), nal_ref_idc: 0
[h264 @ 0x5569477d9300] nal_unit_type: 1(Coded slice of a non-IDR picture), nal_ref_idc: 1
    Last message repeated 4 times
[Parsed_fps_0 @ 0x7fb3e0001980] Read frame with in pts 24875, out pts 995
[Parsed_fps_0 @ 0x7fb3e0001980] Writing frame with pts 994 to pts 994
bench:        1 user        0 sys        1 real decode_video 0:1 
    Last message repeated 1 times
[h264 @ 0x5569477d9300] nal_unit_type: 6(SEI), nal_ref_idc: 0
[h264 @ 0x5569477d9300] nal_unit_type: 1(Coded slice of a non-IDR picture), nal_ref_idc: 1
    Last message repeated 4 times
[Parsed_fps_0 @ 0x7fb3e0001980] Read frame with in pts 24900, out pts 996
[Parsed_fps_0 @ 0x7fb3e0001980] Writing frame with pts 995 to pts 995
bench:        1 user        0 sys        4 real decode_video 0:1 
bench:        1 user        0 sys        1 real decode_video 0:1 
[h264 @ 0x5569477d9300] nal_unit_type: 6(SEI), nal_ref_idc: 0
[h264 @ 0x5569477d9300] nal_unit_type: 1(Coded slice of a non-IDR picture), nal_ref_idc: 1
    Last message repeated 4 times
[Parsed_fps_0 @ 0x7fb3e0001980] Read frame with in pts 24925, out pts 997
[Parsed_fps_0 @ 0x7fb3e0001980] Writing frame with pts 996 to pts 996
bench:        1 user        0 sys        1 real decode_video 0:1 
    Last message repeated 1 times
[h264 @ 0x5569477d9300] nal_unit_type: 6(SEI), nal_ref_idc: 0
[h264 @ 0x5569477d9300] nal_unit_type: 1(Coded slice of a non-IDR picture), nal_ref_idc: 1
    Last message repeated 4 times
[Parsed_fps_0 @ 0x7fb3e0001980] Read frame with in pts 24950, out pts 998
[Parsed_fps_0 @ 0x7fb3e0001980] Writing frame with pts 997 to pts 997
bench:        1 user        0 sys        3 real decode_video 0:1 
bench:        0 user        0 sys        1 real decode_video 0:1 
[h264 @ 0x5569477d9300] nal_unit_type: 6(SEI), nal_ref_idc: 0
[h264 @ 0x5569477d9300] nal_unit_type: 1(Coded slice of a non-IDR picture), nal_ref_idc: 1
    Last message repeated 4 times
[Parsed_fps_0 @ 0x7fb3e0001980] Read frame with in pts 24975, out pts 999
[Parsed_fps_0 @ 0x7fb3e0001980] Writing frame with pts 998 to pts 998
bench:        1 user        0 sys        1 real decode_video 0:1 
    Last message repeated 1 times
[h264 @ 0x5569477d9300] nal_unit_type: 6(SEI), nal_ref_idc: 0
[h264 @ 0x5569477d9300] nal_unit_type: 1(Coded slice of a non-IDR picture), nal_ref_idc: 1
    Last message repeated 4 times
[Parsed_fps_0 @ 0x7fb3e0001980] Read frame with in pts 25000, out pts 1000
[Parsed_fps_0 @ 0x7fb3e0001980] Writing frame with pts 999 to pts 999
bench:        1 user        0 sys        1 real decode_video 0:1 
bench:        1 user        0 sys        0 real decode_video 0:1 
[h264 @ 0x5569477d9300] nal_unit_type: 6(SEI), nal_ref_idc: 0
[h264 @ 0x5569477d9300] nal_unit_type: 1(Coded slice of a non-IDR picture), nal_ref_idc: 1
    Last message repeated 4 times
[Parsed_fps_0 @ 0x7fb3e0001980] Read frame with in pts 25025, out pts 1001
[Parsed_fps_0 @ 0x7fb3e0001980] Writing frame with pts 1000 to pts 1000
bench:        1 user        0 sys        2 real decode_video 0:1 
bench:        1 user        0 sys        0 real decode_video 0:1 
[h264 @ 0x5569477d9300] nal_unit_type: 6(SEI), nal_ref_idc: 0
[h264 @ 0x5569477d9300] nal_unit_type: 1(Coded slice of a non-IDR picture), nal_ref_idc: 1
    Last message repeated 4 times
[Parsed_fps_0 @ 0x7fb3e0001980] Read frame with in pts 25050, out pts 1002
[Parsed_fps_0 @ 0x7fb3e0001980] Writing frame with pts 1001 to pts 1001
bench:        2 user        0 sys        3 real decode_video 0:1 
bench:        1 user        0 sys        1 real decode_video 0:1 
[h264 @ 0x5569477d9300] nal_unit_type: 6(SEI), nal_ref_idc: 0
[h264 @ 0x5569477d9300] nal_unit_type: 1(Coded slice of a non-IDR picture), nal_ref_idc: 1
    Last message repeated 4 times
[Parsed_fps_0 @ 0x7fb3e0001980] Read frame with in pts 25075, out pts 1003
[Parsed_fps_0 @ 0x7fb3e0001980] Writing frame with pts 1002 to pts 1002
bench:        1 user        0 sys        2 real decode_video 0:1 
bench:        0 user        0 sys        1 real decode_video 0:1 
[h264 @ 0x5569477d9300] nal_unit_type: 6(SEI), nal_ref_idc: 0
[h264 @ 0x5569477d9300] nal_unit_type: 1(Coded slice of a non-IDR picture), nal_ref_idc: 1
    Last message repeated 4 times
[Parsed_fps_0 @ 0x7fb3e0001980] Read frame with in pts 25100, out pts 1004
[Parsed_fps_0 @ 0x7fb3e0001980] Writing frame with pts 1003 to pts 1003
bench:        1 user        0 sys        1 real decode_video 0:1 
bench:        1 user        1 sys        1 real decode_video 0:1 
[h264 @ 0x5569477d9300] nal_unit_type: 6(SEI), nal_ref_idc: 0
[h264 @ 0x5569477d9300] nal_unit_type: 1(Coded slice of a non-IDR picture), nal_ref_idc: 1
    Last message repeated 4 times
[Parsed_fps_0 @ 0x7fb3e0001980] Read frame with in pts 25125, out pts 1005
[Parsed_fps_0 @ 0x7fb3e0001980] Writing frame with pts 1004 to pts 1004
bench:        1 user        0 sys        1 real decode_video 0:1 
bench:        1 user        0 sys        0 real decode_video 0:1 
[h264 @ 0x5569477d9300] nal_unit_type: 6(SEI), nal_ref_idc: 0
[h264 @ 0x5569477d9300] nal_unit_type: 1(Coded slice of a non-IDR picture), nal_ref_idc: 1
    Last message repeated 4 times
[Parsed_fps_0 @ 0x7fb3e0001980] Read frame with in pts 25150, out pts 1006
[Parsed_fps_0 @ 0x7fb3e0001980] Writing frame with pts 1005 to pts 1005
bench:        1 user        0 sys        1 real decode_video 0:1 
bench:        0 user        0 sys        0 real decode_video 0:1 
[h264 @ 0x5569477d9300] nal_unit_type: 6(SEI), nal_ref_idc: 0
[h264 @ 0x5569477d9300] nal_unit_type: 1(Coded slice of a non-IDR picture), nal_ref_idc: 1
    Last message repeated 4 times
[Parsed_fps_0 @ 0x7fb3e0001980] Read frame with in pts 25175, out pts 1007
[Parsed_fps_0 @ 0x7fb3e0001980] Writing frame with pts 1006 to pts 1006
bench:        1 user        0 sys        1 real decode_video 0:1 
bench:        0 user        0 sys        1 real decode_video 0:1 
[h264 @ 0x5569477d9300] nal_unit_type: 6(SEI), nal_ref_idc: 0
[h264 @ 0x5569477d9300] nal_unit_type: 1(Coded slice of a non-IDR picture), nal_ref_idc: 1
    Last message repeated 4 times
[Parsed_fps_0 @ 0x7fb3e0001980] Read frame with in pts 25200, out pts 1008
[Parsed_fps_0 @ 0x7fb3e0001980] Writing frame with pts 1007 to pts 1007
bench:        1 user        0 sys        1 real decode_video 0:1 
    Last message repeated 1 times
[h264 @ 0x5569477d9300] nal_unit_type: 6(SEI), nal_ref_idc: 0
[h264 @ 0x5569477d9300] nal_unit_type: 1(Coded slice of a non-IDR picture), nal_ref_idc: 1
    Last message repeated 4 times
[Parsed_fps_0 @ 0x7fb3e0001980] Read frame with in pts 25225, out pts 1009
[Parsed_fps_0 @ 0x7fb3e0001980] Writing frame with pts 1008 to pts 1008
bench:        1 user        0 sys        1 real decode_video 0:1 
bench:        1 user        0 sys        0 real decode_video 0:1 
[h264 @ 0x5569477d9300] nal_unit_type: 6(SEI), nal_ref_idc: 0
[h264 @ 0x5569477d9300] nal_unit_type: 1(Coded slice of a non-IDR picture), nal_ref_idc: 1
    Last message repeated 4 times
[Parsed_fps_0 @ 0x7fb3e0001980] Read frame with in pts 25250, out pts 1010
[Parsed_fps_0 @ 0x7fb3e0001980] Writing frame with pts 1009 to pts 1009
bench:        1 user        0 sys        1 real decode_video 0:1 
bench:        0 user        0 sys        0 real decode_video 0:1 
[h264 @ 0x5569477d9300] nal_unit_type: 6(SEI), nal_ref_idc: 0
[h264 @ 0x5569477d9300] nal_unit_type: 1(Coded slice of a non-IDR picture), nal_ref_idc: 1
    Last message repeated 4 times
[Parsed_fps_0 @ 0x7fb3e0001980] Read frame with in pts 25275, out pts 1011
[Parsed_fps_0 @ 0x7fb3e0001980] Writing frame with pts 1010 to pts 1010
bench:        1 user        0 sys        3 real decode_video 0:1 
bench:        1 user        0 sys        1 real decode_video 0:1 
[h264 @ 0x5569477d9300] nal_unit_type: 6(SEI), nal_ref_idc: 0
[h264 @ 0x5569477d9300] nal_unit_type: 1(Coded slice of a non-IDR picture), nal_ref_idc: 1
    Last message repeated 4 times
[Parsed_fps_0 @ 0x7fb3e0001980] Read frame with in pts 25300, out pts 1012
[Parsed_fps_0 @ 0x7fb3e0001980] Writing frame with pts 1011 to pts 1011
bench:        1 user        0 sys        3 real decode_video 0:1 
bench:        1 user        0 sys        1 real decode_video 0:1 
[h264 @ 0x5569477d9300] nal_unit_type: 6(SEI), nal_ref_idc: 0
[h264 @ 0x5569477d9300] nal_unit_type: 1(Coded slice of a non-IDR picture), nal_ref_idc: 1
    Last message repeated 4 times
[Parsed_fps_0 @ 0x7fb3e0001980] Read frame with in pts 25325, out pts 1013
[Parsed_fps_0 @ 0x7fb3e0001980] Writing frame with pts 1012 to pts 1012
bench:        1 user        0 sys        2 real decode_video 0:1 
bench:        1 user        0 sys        0 real decode_video 0:1 
[h264 @ 0x5569477d9300] nal_unit_type: 6(SEI), nal_ref_idc: 0
[h264 @ 0x5569477d9300] nal_unit_type: 1(Coded slice of a non-IDR picture), nal_ref_idc: 1
[Parsed_fps_0 @ 0x7fb3e0001980] Read frame with in pts 25350, out pts 1014
[Parsed_fps_0 @ 0x7fb3e0001980] Writing frame with pts 1013 to pts 1013
[h264 @ 0x5569477d9300] nal_unit_type: 1(Coded slice of a non-IDR picture), nal_ref_idc: 1
    Last message repeated 3 times
bench:        1 user        0 sys        1 real decode_video 0:1 
    Last message repeated 1 times
[h264 @ 0x5569477d9300] nal_unit_type: 6(SEI), nal_ref_idc: 0
[h264 @ 0x5569477d9300] nal_unit_type: 1(Coded slice of a non-IDR picture), nal_ref_idc: 1
    Last message repeated 4 times
[Parsed_fps_0 @ 0x7fb3e0001980] Read frame with in pts 25375, out pts 1015
[Parsed_fps_0 @ 0x7fb3e0001980] Writing frame with pts 1014 to pts 1014
bench:        1 user        0 sys        1 real decode_video 0:1 
bench:        0 user        0 sys        1 real decode_video 0:1 
[h264 @ 0x5569477d9300] nal_unit_type: 6(SEI), nal_ref_idc: 0
[h264 @ 0x5569477d9300] nal_unit_type: 1(Coded slice of a non-IDR picture), nal_ref_idc: 1
    Last message repeated 4 times
[Parsed_fps_0 @ 0x7fb3e0001980] Read frame with in pts 25400, out pts 1016
[Parsed_fps_0 @ 0x7fb3e0001980] Writing frame with pts 1015 to pts 1015
bench:        1 user        0 sys        1 real decode_video 0:1 
bench:        0 user        0 sys        1 real decode_video 0:1 
[h264 @ 0x5569477d9300] nal_unit_type: 6(SEI), nal_ref_idc: 0
[h264 @ 0x5569477d9300] nal_unit_type: 1(Coded slice of a non-IDR picture), nal_ref_idc: 1
    Last message repeated 4 times
[Parsed_fps_0 @ 0x7fb3e0001980] Read frame with in pts 25425, out pts 1017
[Parsed_fps_0 @ 0x7fb3e0001980] Writing frame with pts 1016 to pts 1016
bench:        3 user        0 sys        5 real decode_video 0:1 
bench:        0 user        0 sys        0 real decode_video 0:1 
[h264 @ 0x5569477d9300] nal_unit_type: 6(SEI), nal_ref_idc: 0
[h264 @ 0x5569477d9300] nal_unit_type: 1(Coded slice of a non-IDR picture), nal_ref_idc: 1
    Last message repeated 4 times
[Parsed_fps_0 @ 0x7fb3e0001980] Read frame with in pts 25450, out pts 1018
[Parsed_fps_0 @ 0x7fb3e0001980] Writing frame with pts 1017 to pts 1017
bench:        1 user        0 sys        1 real decode_video 0:1 
bench:        0 user        0 sys        1 real decode_video 0:1 
[h264 @ 0x5569477d9300] nal_unit_type: 6(SEI), nal_ref_idc: 0
[h264 @ 0x5569477d9300] nal_unit_type: 1(Coded slice of a non-IDR picture), nal_ref_idc: 1
    Last message repeated 4 times
[Parsed_fps_0 @ 0x7fb3e0001980] Read frame with in pts 25475, out pts 1019
[Parsed_fps_0 @ 0x7fb3e0001980] Writing frame with pts 1018 to pts 1018
bench:        2 user        0 sys        3 real decode_video 0:1 
bench:        1 user        0 sys        0 real decode_video 0:1 
[h264 @ 0x5569477d9300] nal_unit_type: 6(SEI), nal_ref_idc: 0
[h264 @ 0x5569477d9300] nal_unit_type: 1(Coded slice of a non-IDR picture), nal_ref_idc: 1
    Last message repeated 4 times
[Parsed_fps_0 @ 0x7fb3e0001980] Read frame with in pts 25500, out pts 1020
[Parsed_fps_0 @ 0x7fb3e0001980] Writing frame with pts 1019 to pts 1019
bench:        1 user        0 sys        1 real decode_video 0:1 
bench:        0 user        0 sys        0 real decode_video 0:1 
[h264 @ 0x5569477d9300] nal_unit_type: 6(SEI), nal_ref_idc: 0
[h264 @ 0x5569477d9300] nal_unit_type: 1(Coded slice of a non-IDR picture), nal_ref_idc: 1
    Last message repeated 4 times
[Parsed_fps_0 @ 0x7fb3e0001980] Read frame with in pts 25525, out pts 1021
[Parsed_fps_0 @ 0x7fb3e0001980] Writing frame with pts 1020 to pts 1020
bench:        2 user        0 sys        4 real decode_video 0:1 
bench:        1 user        0 sys        1 real decode_video 0:1 
[h264 @ 0x5569477d9300] nal_unit_type: 6(SEI), nal_ref_idc: 0
[h264 @ 0x5569477d9300] nal_unit_type: 1(Coded slice of a non-IDR picture), nal_ref_idc: 1
    Last message repeated 4 times
[Parsed_fps_0 @ 0x7fb3e0001980] Read frame with in pts 25550, out pts 1022
[Parsed_fps_0 @ 0x7fb3e0001980] Writing frame with pts 1021 to pts 1021
bench:        2 user        0 sys        3 real decode_video 0:1 
bench:        1 user        0 sys        1 real decode_video 0:1 
[h264 @ 0x5569477d9300] nal_unit_type: 6(SEI), nal_ref_idc: 0
[h264 @ 0x5569477d9300] nal_unit_type: 5(IDR), nal_ref_idc: 1
    Last message repeated 4 times
[Parsed_fps_0 @ 0x7fb3e0001980] Read frame with in pts 25575, out pts 1023
[Parsed_fps_0 @ 0x7fb3e0001980] Writing frame with pts 1022 to pts 1022
bench:        2 user        0 sys        4 real decode_video 0:1 
bench:        1 user        0 sys        1 real decode_video 0:1 
[h264 @ 0x5569477d9300] nal_unit_type: 6(SEI), nal_ref_idc: 0
[h264 @ 0x5569477d9300] nal_unit_type: 1(Coded slice of a non-IDR picture), nal_ref_idc: 1
    Last message repeated 4 times
[Parsed_fps_0 @ 0x7fb3e0001980] Read frame with in pts 25600, out pts 1024
[Parsed_fps_0 @ 0x7fb3e0001980] Writing frame with pts 1023 to pts 1023
bench:        1 user        0 sys        1 real decode_video 0:1 
bench:        1 user        0 sys        0 real decode_video 0:1 
[h264 @ 0x5569477d9300] nal_unit_type: 6(SEI), nal_ref_idc: 0
[h264 @ 0x5569477d9300] nal_unit_type: 1(Coded slice of a non-IDR picture), nal_ref_idc: 1
    Last message repeated 4 times
[Parsed_fps_0 @ 0x7fb3e0001980] Read frame with in pts 25625, out pts 1025
[Parsed_fps_0 @ 0x7fb3e0001980] Writing frame with pts 1024 to pts 1024
bench:        2 user        0 sys        1 real decode_video 0:1 
bench:        0 user        0 sys        0 real decode_video 0:1 
[h264 @ 0x5569477d9300] nal_unit_type: 6(SEI), nal_ref_idc: 0
[h264 @ 0x5569477d9300] nal_unit_type: 1(Coded slice of a non-IDR picture), nal_ref_idc: 1
    Last message repeated 4 times
[Parsed_fps_0 @ 0x7fb3e0001980] Read frame with in pts 25650, out pts 1026
[Parsed_fps_0 @ 0x7fb3e0001980] Writing frame with pts 1025 to pts 1025
bench:        0 user        0 sys        1 real decode_video 0:1 
    Last message repeated 1 times
[h264 @ 0x5569477d9300] nal_unit_type: 6(SEI), nal_ref_idc: 0
[h264 @ 0x5569477d9300] nal_unit_type: 1(Coded slice of a non-IDR picture), nal_ref_idc: 1
    Last message repeated 4 times
[Parsed_fps_0 @ 0x7fb3e0001980] Read frame with in pts 25675, out pts 1027
[Parsed_fps_0 @ 0x7fb3e0001980] Writing frame with pts 1026 to pts 1026
bench:        1 user        0 sys        1 real decode_video 0:1 
    Last message repeated 1 times
[h264 @ 0x5569477d9300] nal_unit_type: 6(SEI), nal_ref_idc: 0
[h264 @ 0x5569477d9300] nal_unit_type: 1(Coded slice of a non-IDR picture), nal_ref_idc: 1
    Last message repeated 4 times
[Parsed_fps_0 @ 0x7fb3e0001980] Read frame with in pts 25700, out pts 1028
[Parsed_fps_0 @ 0x7fb3e0001980] Writing frame with pts 1027 to pts 1027
bench:        1 user        0 sys        1 real decode_video 0:1 
bench:        1 user        0 sys        0 real decode_video 0:1 
[h264 @ 0x5569477d9300] nal_unit_type: 6(SEI), nal_ref_idc: 0
[h264 @ 0x5569477d9300] nal_unit_type: 1(Coded slice of a non-IDR picture), nal_ref_idc: 1
    Last message repeated 4 times
[Parsed_fps_0 @ 0x7fb3e0001980] Read frame with in pts 25725, out pts 1029
[Parsed_fps_0 @ 0x7fb3e0001980] Writing frame with pts 1028 to pts 1028
bench:        1 user        0 sys        1 real decode_video 0:1 
    Last message repeated 1 times
[h264 @ 0x5569477d9300] nal_unit_type: 6(SEI), nal_ref_idc: 0
[h264 @ 0x5569477d9300] nal_unit_type: 1(Coded slice of a non-IDR picture), nal_ref_idc: 1
    Last message repeated 4 times
[Parsed_fps_0 @ 0x7fb3e0001980] Read frame with in pts 25750, out pts 1030
[Parsed_fps_0 @ 0x7fb3e0001980] Writing frame with pts 1029 to pts 1029
bench:        1 user        0 sys        2 real decode_video 0:1 
bench:        0 user        0 sys        0 real decode_video 0:1 
[h264 @ 0x5569477d9300] nal_unit_type: 6(SEI), nal_ref_idc: 0
[h264 @ 0x5569477d9300] nal_unit_type: 1(Coded slice of a non-IDR picture), nal_ref_idc: 1
    Last message repeated 4 times
[Parsed_fps_0 @ 0x7fb3e0001980] Read frame with in pts 25775, out pts 1031
[Parsed_fps_0 @ 0x7fb3e0001980] Writing frame with pts 1030 to pts 1030
bench:        1 user        0 sys        1 real decode_video 0:1 
bench:        1 user        0 sys        0 real decode_video 0:1 
[h264 @ 0x5569477d9300] nal_unit_type: 6(SEI), nal_ref_idc: 0
[h264 @ 0x5569477d9300] nal_unit_type: 1(Coded slice of a non-IDR picture), nal_ref_idc: 1
    Last message repeated 4 times
[Parsed_fps_0 @ 0x7fb3e0001980] Read frame with in pts 25800, out pts 1032
[Parsed_fps_0 @ 0x7fb3e0001980] Writing frame with pts 1031 to pts 1031
bench:        0 user        1 sys        1 real decode_video 0:1 
    Last message repeated 1 times
[h264 @ 0x5569477d9300] nal_unit_type: 6(SEI), nal_ref_idc: 0
[h264 @ 0x5569477d9300] nal_unit_type: 1(Coded slice of a non-IDR picture), nal_ref_idc: 1
    Last message repeated 4 times
[Parsed_fps_0 @ 0x7fb3e0001980] Read frame with in pts 25825, out pts 1033
[Parsed_fps_0 @ 0x7fb3e0001980] Writing frame with pts 1032 to pts 1032
bench:        0 user        1 sys        1 real decode_video 0:1 
bench:        0 user        0 sys        1 real decode_video 0:1 
[h264 @ 0x5569477d9300] nal_unit_type: 6(SEI), nal_ref_idc: 0
[h264 @ 0x5569477d9300] nal_unit_type: 1(Coded slice of a non-IDR picture), nal_ref_idc: 1
    Last message repeated 4 times
[Parsed_fps_0 @ 0x7fb3e0001980] Read frame with in pts 25850, out pts 1034
[Parsed_fps_0 @ 0x7fb3e0001980] Writing frame with pts 1033 to pts 1033
bench:        0 user        1 sys        1 real decode_video 0:1 
bench:        0 user        0 sys        1 real decode_video 0:1 
[h264 @ 0x5569477d9300] nal_unit_type: 6(SEI), nal_ref_idc: 0
[h264 @ 0x5569477d9300] nal_unit_type: 1(Coded slice of a non-IDR picture), nal_ref_idc: 1
    Last message repeated 4 times
[Parsed_fps_0 @ 0x7fb3e0001980] Read frame with in pts 25875, out pts 1035
[Parsed_fps_0 @ 0x7fb3e0001980] Writing frame with pts 1034 to pts 1034
bench:        0 user        0 sys        1 real decode_video 0:1 
bench:        0 user        1 sys        1 real decode_video 0:1 
[h264 @ 0x5569477d9300] nal_unit_type: 6(SEI), nal_ref_idc: 0
[h264 @ 0x5569477d9300] nal_unit_type: 1(Coded slice of a non-IDR picture), nal_ref_idc: 1
    Last message repeated 4 times
[Parsed_fps_0 @ 0x7fb3e0001980] Read frame with in pts 25900, out pts 1036
[Parsed_fps_0 @ 0x7fb3e0001980] Writing frame with pts 1035 to pts 1035
bench:        0 user        2 sys        4 real decode_video 0:1 
bench:        0 user        1 sys        1 real decode_video 0:1 
[h264 @ 0x5569477d9300] nal_unit_type: 6(SEI), nal_ref_idc: 0
[h264 @ 0x5569477d9300] nal_unit_type: 1(Coded slice of a non-IDR picture), nal_ref_idc: 1
    Last message repeated 4 times
[Parsed_fps_0 @ 0x7fb3e0001980] Read frame with in pts 25925, out pts 1037
[Parsed_fps_0 @ 0x7fb3e0001980] Writing frame with pts 1036 to pts 1036
bench:        0 user        1 sys        1 real decode_video 0:1 
bench:        0 user        1 sys        0 real decode_video 0:1 
[h264 @ 0x5569477d9300] nal_unit_type: 6(SEI), nal_ref_idc: 0
[h264 @ 0x5569477d9300] nal_unit_type: 1(Coded slice of a non-IDR picture), nal_ref_idc: 1
    Last message repeated 4 times
[Parsed_fps_0 @ 0x7fb3e0001980] Read frame with in pts 25950, out pts 1038
[Parsed_fps_0 @ 0x7fb3e0001980] Writing frame with pts 1037 to pts 1037
bench:        0 user        1 sys        2 real decode_video 0:1 
bench:        0 user        1 sys        0 real decode_video 0:1 
[h264 @ 0x5569477d9300] nal_unit_type: 6(SEI), nal_ref_idc: 0
[h264 @ 0x5569477d9300] nal_unit_type: 1(Coded slice of a non-IDR picture), nal_ref_idc: 1
    Last message repeated 4 times
[Parsed_fps_0 @ 0x7fb3e0001980] Read frame with in pts 25975, out pts 1039
[Parsed_fps_0 @ 0x7fb3e0001980] Writing frame with pts 1038 to pts 1038
bench:        0 user        0 sys        2 real decode_video 0:1 
bench:        1 user        0 sys        0 real decode_video 0:1 
[h264 @ 0x5569477d9300] nal_unit_type: 6(SEI), nal_ref_idc: 0
[h264 @ 0x5569477d9300] nal_unit_type: 1(Coded slice of a non-IDR picture), nal_ref_idc: 1
    Last message repeated 4 times
[Parsed_fps_0 @ 0x7fb3e0001980] Read frame with in pts 26000, out pts 1040
[Parsed_fps_0 @ 0x7fb3e0001980] Writing frame with pts 1039 to pts 1039
bench:        1 user        0 sys        4 real decode_video 0:1 
bench:        1 user        0 sys        1 real decode_video 0:1 
[h264 @ 0x5569477d9300] nal_unit_type: 6(SEI), nal_ref_idc: 0
[h264 @ 0x5569477d9300] nal_unit_type: 1(Coded slice of a non-IDR picture), nal_ref_idc: 1
    Last message repeated 4 times
[Parsed_fps_0 @ 0x7fb3e0001980] Read frame with in pts 26025, out pts 1041
[Parsed_fps_0 @ 0x7fb3e0001980] Writing frame with pts 1040 to pts 1040
bench:        1 user        0 sys        2 real decode_video 0:1 
bench:        0 user        0 sys        1 real decode_video 0:1 
[h264 @ 0x5569477d9300] nal_unit_type: 6(SEI), nal_ref_idc: 0
[h264 @ 0x5569477d9300] nal_unit_type: 1(Coded slice of a non-IDR picture), nal_ref_idc: 1
    Last message repeated 3 times
[Parsed_fps_0 @ 0x7fb3e0001980] Read frame with in pts 26050, out pts 1042
[Parsed_fps_0 @ 0x7fb3e0001980] Writing frame with pts 1041 to pts 1041
[h264 @ 0x5569477d9300] nal_unit_type: 1(Coded slice of a non-IDR picture), nal_ref_idc: 1
bench:        1 user        0 sys        1 real decode_video 0:1 
    Last message repeated 1 times
[h264 @ 0x5569477d9300] nal_unit_type: 6(SEI), nal_ref_idc: 0
[h264 @ 0x5569477d9300] nal_unit_type: 1(Coded slice of a non-IDR picture), nal_ref_idc: 1
    Last message repeated 4 times
[Parsed_fps_0 @ 0x7fb3e0001980] Read frame with in pts 26075, out pts 1043
[Parsed_fps_0 @ 0x7fb3e0001980] Writing frame with pts 1042 to pts 1042
bench:        1 user        0 sys        2 real decode_video 0:1 
bench:        0 user        0 sys        1 real decode_video 0:1 
[h264 @ 0x5569477d9300] nal_unit_type: 6(SEI), nal_ref_idc: 0
[h264 @ 0x5569477d9300] nal_unit_type: 1(Coded slice of a non-IDR picture), nal_ref_idc: 1
    Last message repeated 4 times
[Parsed_fps_0 @ 0x7fb3e0001980] Read frame with in pts 26100, out pts 1044
[Parsed_fps_0 @ 0x7fb3e0001980] Writing frame with pts 1043 to pts 1043
bench:        0 user        0 sys        1 real decode_video 0:1 
bench:        0 user        0 sys        0 real decode_video 0:1 
[h264 @ 0x5569477d9300] nal_unit_type: 6(SEI), nal_ref_idc: 0
[h264 @ 0x5569477d9300] nal_unit_type: 1(Coded slice of a non-IDR picture), nal_ref_idc: 1
    Last message repeated 4 times
[Parsed_fps_0 @ 0x7fb3e0001980] Read frame with in pts 26125, out pts 1045
[Parsed_fps_0 @ 0x7fb3e0001980] Writing frame with pts 1044 to pts 1044
bench:        1 user        0 sys        3 real decode_video 0:1 
bench:        0 user        0 sys        1 real decode_video 0:1 
[h264 @ 0x5569477d9300] nal_unit_type: 6(SEI), nal_ref_idc: 0
[h264 @ 0x5569477d9300] nal_unit_type: 1(Coded slice of a non-IDR picture), nal_ref_idc: 1
    Last message repeated 4 times
[Parsed_fps_0 @ 0x7fb3e0001980] Read frame with in pts 26150, out pts 1046
[Parsed_fps_0 @ 0x7fb3e0001980] Writing frame with pts 1045 to pts 1045
bench:        2 user        0 sys        3 real decode_video 0:1 
bench:        1 user        0 sys        1 real decode_video 0:1 
[h264 @ 0x5569477d9300] nal_unit_type: 6(SEI), nal_ref_idc: 0
[h264 @ 0x5569477d9300] nal_unit_type: 1(Coded slice of a non-IDR picture), nal_ref_idc: 1
    Last message repeated 4 times
[Parsed_fps_0 @ 0x7fb3e0001980] Read frame with in pts 26175, out pts 1047
[Parsed_fps_0 @ 0x7fb3e0001980] Writing frame with pts 1046 to pts 1046
bench:        1 user        0 sys        3 real decode_video 0:1 
bench:        1 user        0 sys        1 real decode_video 0:1 
[h264 @ 0x5569477d9300] nal_unit_type: 6(SEI), nal_ref_idc: 0
[h264 @ 0x5569477d9300] nal_unit_type: 1(Coded slice of a non-IDR picture), nal_ref_idc: 1
    Last message repeated 4 times
[Parsed_fps_0 @ 0x7fb3e0001980] Read frame with in pts 26200, out pts 1048
[Parsed_fps_0 @ 0x7fb3e0001980] Writing frame with pts 1047 to pts 1047
bench:        1 user        0 sys        2 real decode_video 0:1 
bench:        0 user        0 sys        1 real decode_video 0:1 
[h264 @ 0x5569477d9300] nal_unit_type: 6(SEI), nal_ref_idc: 0
[h264 @ 0x5569477d9300] nal_unit_type: 1(Coded slice of a non-IDR picture), nal_ref_idc: 1
    Last message repeated 4 times
[Parsed_fps_0 @ 0x7fb3e0001980] Read frame with in pts 26225, out pts 1049
[Parsed_fps_0 @ 0x7fb3e0001980] Writing frame with pts 1048 to pts 1048
bench:        1 user        0 sys        2 real decode_video 0:1 
bench:        0 user        0 sys        0 real decode_video 0:1 
[h264 @ 0x5569477d9300] nal_unit_type: 6(SEI), nal_ref_idc: 0
[h264 @ 0x5569477d9300] nal_unit_type: 1(Coded slice of a non-IDR picture), nal_ref_idc: 1
    Last message repeated 4 times
[Parsed_fps_0 @ 0x7fb3e0001980] Read frame with in pts 26250, out pts 1050
[Parsed_fps_0 @ 0x7fb3e0001980] Writing frame with pts 1049 to pts 1049
bench:        1 user        0 sys        1 real decode_video 0:1 
bench:        0 user        0 sys        1 real decode_video 0:1 
[h264 @ 0x5569477d9300] nal_unit_type: 6(SEI), nal_ref_idc: 0
[h264 @ 0x5569477d9300] nal_unit_type: 1(Coded slice of a non-IDR picture), nal_ref_idc: 1
    Last message repeated 4 times
[Parsed_fps_0 @ 0x7fb3e0001980] Read frame with in pts 26275, out pts 1051
[Parsed_fps_0 @ 0x7fb3e0001980] Writing frame with pts 1050 to pts 1050
bench:        1 user        0 sys        3 real decode_video 0:1 
bench:        1 user        0 sys        1 real decode_video 0:1 
[h264 @ 0x5569477d9300] nal_unit_type: 6(SEI), nal_ref_idc: 0
[h264 @ 0x5569477d9300] nal_unit_type: 1(Coded slice of a non-IDR picture), nal_ref_idc: 1
    Last message repeated 4 times
[Parsed_fps_0 @ 0x7fb3e0001980] Read frame with in pts 26300, out pts 1052
[Parsed_fps_0 @ 0x7fb3e0001980] Writing frame with pts 1051 to pts 1051
bench:        0 user        1 sys        1 real decode_video 0:1 
bench:        0 user        0 sys        0 real decode_video 0:1 
[h264 @ 0x5569477d9300] nal_unit_type: 6(SEI), nal_ref_idc: 0
[h264 @ 0x5569477d9300] nal_unit_type: 1(Coded slice of a non-IDR picture), nal_ref_idc: 1
    Last message repeated 4 times
[Parsed_fps_0 @ 0x7fb3e0001980] Read frame with in pts 26325, out pts 1053
[Parsed_fps_0 @ 0x7fb3e0001980] Writing frame with pts 1052 to pts 1052
bench:        1 user        0 sys        1 real decode_video 0:1 
    Last message repeated 1 times
[h264 @ 0x5569477d9300] nal_unit_type: 6(SEI), nal_ref_idc: 0
[h264 @ 0x5569477d9300] nal_unit_type: 1(Coded slice of a non-IDR picture), nal_ref_idc: 1
    Last message repeated 4 times
[Parsed_fps_0 @ 0x7fb3e0001980] Read frame with in pts 26350, out pts 1054
[Parsed_fps_0 @ 0x7fb3e0001980] Writing frame with pts 1053 to pts 1053
bench:        1 user        0 sys        2 real decode_video 0:1 
bench:        1 user        0 sys        1 real decode_video 0:1 
[h264 @ 0x5569477d9300] nal_unit_type: 6(SEI), nal_ref_idc: 0
[h264 @ 0x5569477d9300] nal_unit_type: 1(Coded slice of a non-IDR picture), nal_ref_idc: 1
    Last message repeated 3 times
[Parsed_fps_0 @ 0x7fb3e0001980] Read frame with in pts 26375, out pts 1055
[Parsed_fps_0 @ 0x7fb3e0001980] Writing frame with pts 1054 to pts 1054
[h264 @ 0x5569477d9300] nal_unit_type: 1(Coded slice of a non-IDR picture), nal_ref_idc: 1
bench:        1 user        0 sys        1 real decode_video 0:1 
bench:        0 user        0 sys        1 real decode_video 0:1 
[h264 @ 0x5569477d9300] nal_unit_type: 6(SEI), nal_ref_idc: 0
[h264 @ 0x5569477d9300] nal_unit_type: 1(Coded slice of a non-IDR picture), nal_ref_idc: 1
    Last message repeated 4 times
[Parsed_fps_0 @ 0x7fb3e0001980] Read frame with in pts 26400, out pts 1056
[Parsed_fps_0 @ 0x7fb3e0001980] Writing frame with pts 1055 to pts 1055
bench:        1 user        0 sys        2 real decode_video 0:1 
bench:        0 user        0 sys        1 real decode_video 0:1 
[h264 @ 0x5569477d9300] nal_unit_type: 6(SEI), nal_ref_idc: 0
[h264 @ 0x5569477d9300] nal_unit_type: 1(Coded slice of a non-IDR picture), nal_ref_idc: 1
    Last message repeated 4 times
[Parsed_fps_0 @ 0x7fb3e0001980] Read frame with in pts 26425, out pts 1057
[Parsed_fps_0 @ 0x7fb3e0001980] Writing frame with pts 1056 to pts 1056
bench:        1 user        0 sys        1 real decode_video 0:1 
    Last message repeated 1 times
[h264 @ 0x5569477d9300] nal_unit_type: 6(SEI), nal_ref_idc: 0
[h264 @ 0x5569477d9300] nal_unit_type: 1(Coded slice of a non-IDR picture), nal_ref_idc: 1
    Last message repeated 4 times
[Parsed_fps_0 @ 0x7fb3e0001980] Read frame with in pts 26450, out pts 1058
[Parsed_fps_0 @ 0x7fb3e0001980] Writing frame with pts 1057 to pts 1057
bench:        1 user        0 sys        1 real decode_video 0:1 
    Last message repeated 1 times
[h264 @ 0x5569477d9300] nal_unit_type: 6(SEI), nal_ref_idc: 0
[h264 @ 0x5569477d9300] nal_unit_type: 1(Coded slice of a non-IDR picture), nal_ref_idc: 1
    Last message repeated 4 times
[Parsed_fps_0 @ 0x7fb3e0001980] Read frame with in pts 26475, out pts 1059
[Parsed_fps_0 @ 0x7fb3e0001980] Writing frame with pts 1058 to pts 1058
bench:        1 user        0 sys        1 real decode_video 0:1 
bench:        0 user        0 sys        1 real decode_video 0:1 
[h264 @ 0x5569477d9300] nal_unit_type: 6(SEI), nal_ref_idc: 0
[h264 @ 0x5569477d9300] nal_unit_type: 1(Coded slice of a non-IDR picture), nal_ref_idc: 1
    Last message repeated 4 times
[Parsed_fps_0 @ 0x7fb3e0001980] Read frame with in pts 26500, out pts 1060
[Parsed_fps_0 @ 0x7fb3e0001980] Writing frame with pts 1059 to pts 1059
bench:        1 user        0 sys        1 real decode_video 0:1 
    Last message repeated 1 times
[h264 @ 0x5569477d9300] nal_unit_type: 6(SEI), nal_ref_idc: 0
[h264 @ 0x5569477d9300] nal_unit_type: 1(Coded slice of a non-IDR picture), nal_ref_idc: 1
    Last message repeated 1 times
[Parsed_fps_0 @ 0x7fb3e0001980] Read frame with in pts 26525, out pts 1061
[Parsed_fps_0 @ 0x7fb3e0001980] Writing frame with pts 1060 to pts 1060
[h264 @ 0x5569477d9300] nal_unit_type: 1(Coded slice of a non-IDR picture), nal_ref_idc: 1
    Last message repeated 2 times
bench:        1 user        0 sys        2 real decode_video 0:1 
bench:        0 user        0 sys        1 real decode_video 0:1 
[h264 @ 0x5569477d9300] nal_unit_type: 6(SEI), nal_ref_idc: 0
[h264 @ 0x5569477d9300] nal_unit_type: 1(Coded slice of a non-IDR picture), nal_ref_idc: 1
    Last message repeated 4 times
[Parsed_fps_0 @ 0x7fb3e0001980] Read frame with in pts 26550, out pts 1062
[Parsed_fps_0 @ 0x7fb3e0001980] Writing frame with pts 1061 to pts 1061
bench:        0 user        0 sys        1 real decode_video 0:1 
    Last message repeated 1 times
[h264 @ 0x5569477d9300] nal_unit_type: 6(SEI), nal_ref_idc: 0
[h264 @ 0x5569477d9300] nal_unit_type: 1(Coded slice of a non-IDR picture), nal_ref_idc: 1
    Last message repeated 4 times
[Parsed_fps_0 @ 0x7fb3e0001980] Read frame with in pts 26575, out pts 1063
[Parsed_fps_0 @ 0x7fb3e0001980] Writing frame with pts 1062 to pts 1062
bench:        1 user        0 sys        2 real decode_video 0:1 
bench:        1 user        0 sys        1 real decode_video 0:1 
[h264 @ 0x5569477d9300] nal_unit_type: 6(SEI), nal_ref_idc: 0
[h264 @ 0x5569477d9300] nal_unit_type: 1(Coded slice of a non-IDR picture), nal_ref_idc: 1
    Last message repeated 4 times
[Parsed_fps_0 @ 0x7fb3e0001980] Read frame with in pts 26600, out pts 1064
[Parsed_fps_0 @ 0x7fb3e0001980] Writing frame with pts 1063 to pts 1063
bench:        1 user        0 sys        2 real decode_video 0:1 
bench:        1 user        0 sys        1 real decode_video 0:1 
[Parsed_fps_0 @ 0x7fb3e0001980] Read frame with in pts 26625, out pts 1065
[Parsed_fps_0 @ 0x7fb3e0001980] Writing frame with pts 1064 to pts 1064
[h264 @ 0x5569477d9300] nal_unit_type: 6(SEI), nal_ref_idc: 0
[h264 @ 0x5569477d9300] nal_unit_type: 1(Coded slice of a non-IDR picture), nal_ref_idc: 1
    Last message repeated 4 times
bench:        0 user        0 sys        2 real decode_video 0:1 
bench:        1 user        0 sys        1 real decode_video 0:1 
[h264 @ 0x5569477d9300] nal_unit_type: 6(SEI), nal_ref_idc: 0
[h264 @ 0x5569477d9300] nal_unit_type: 1(Coded slice of a non-IDR picture), nal_ref_idc: 1
    Last message repeated 4 times
[Parsed_fps_0 @ 0x7fb3e0001980] Read frame with in pts 26650, out pts 1066
[Parsed_fps_0 @ 0x7fb3e0001980] Writing frame with pts 1065 to pts 1065
bench:        2 user        0 sys       17 real decode_video 0:1 
bench:        1 user        0 sys        1 real decode_video 0:1 
[h264 @ 0x5569477d9300] nal_unit_type: 6(SEI), nal_ref_idc: 0
[h264 @ 0x5569477d9300] nal_unit_type: 1(Coded slice of a non-IDR picture), nal_ref_idc: 1
    Last message repeated 4 times
[Parsed_fps_0 @ 0x7fb3e0001980] Read frame with in pts 26675, out pts 1067
[Parsed_fps_0 @ 0x7fb3e0001980] Writing frame with pts 1066 to pts 1066
bench:        1 user        0 sys        1 real decode_video 0:1 
    Last message repeated 1 times
[h264 @ 0x5569477d9300] nal_unit_type: 6(SEI), nal_ref_idc: 0
[h264 @ 0x5569477d9300] nal_unit_type: 1(Coded slice of a non-IDR picture), nal_ref_idc: 1
    Last message repeated 4 times
[Parsed_fps_0 @ 0x7fb3e0001980] Read frame with in pts 26700, out pts 1068
[Parsed_fps_0 @ 0x7fb3e0001980] Writing frame with pts 1067 to pts 1067
bench:        1 user        0 sys        1 real decode_video 0:1 
    Last message repeated 1 times
[h264 @ 0x5569477d9300] nal_unit_type: 6(SEI), nal_ref_idc: 0
[h264 @ 0x5569477d9300] nal_unit_type: 1(Coded slice of a non-IDR picture), nal_ref_idc: 1
    Last message repeated 4 times
[Parsed_fps_0 @ 0x7fb3e0001980] Read frame with in pts 26725, out pts 1069
[Parsed_fps_0 @ 0x7fb3e0001980] Writing frame with pts 1068 to pts 1068
bench:        2 user        0 sys        4 real decode_video 0:1 
bench:        1 user        0 sys        1 real decode_video 0:1 
[h264 @ 0x5569477d9300] nal_unit_type: 6(SEI), nal_ref_idc: 0
[h264 @ 0x5569477d9300] nal_unit_type: 1(Coded slice of a non-IDR picture), nal_ref_idc: 1
    Last message repeated 4 times
[Parsed_fps_0 @ 0x7fb3e0001980] Read frame with in pts 26750, out pts 1070
[Parsed_fps_0 @ 0x7fb3e0001980] Writing frame with pts 1069 to pts 1069
bench:        1 user        0 sys        1 real decode_video 0:1 
    Last message repeated 1 times
[h264 @ 0x5569477d9300] nal_unit_type: 6(SEI), nal_ref_idc: 0
[h264 @ 0x5569477d9300] nal_unit_type: 1(Coded slice of a non-IDR picture), nal_ref_idc: 1
    Last message repeated 4 times
[Parsed_fps_0 @ 0x7fb3e0001980] Read frame with in pts 26775, out pts 1071
[Parsed_fps_0 @ 0x7fb3e0001980] Writing frame with pts 1070 to pts 1070
bench:        2 user        0 sys        4 real decode_video 0:1 
bench:        1 user        0 sys        1 real decode_video 0:1 
[h264 @ 0x5569477d9300] nal_unit_type: 6(SEI), nal_ref_idc: 0
[h264 @ 0x5569477d9300] nal_unit_type: 1(Coded slice of a non-IDR picture), nal_ref_idc: 1
    Last message repeated 4 times
[Parsed_fps_0 @ 0x7fb3e0001980] Read frame with in pts 26800, out pts 1072
[Parsed_fps_0 @ 0x7fb3e0001980] Writing frame with pts 1071 to pts 1071
bench:        1 user        0 sys        2 real decode_video 0:1 
bench:        1 user        0 sys        1 real decode_video 0:1 
[h264 @ 0x5569477d9300] nal_unit_type: 6(SEI), nal_ref_idc: 0
[h264 @ 0x5569477d9300] nal_unit_type: 1(Coded slice of a non-IDR picture), nal_ref_idc: 1
    Last message repeated 4 times
[Parsed_fps_0 @ 0x7fb3e0001980] Read frame with in pts 26825, out pts 1073
[Parsed_fps_0 @ 0x7fb3e0001980] Writing frame with pts 1072 to pts 1072
bench:        1 user        0 sys        1 real decode_video 0:1 
bench:        0 user        0 sys        1 real decode_video 0:1 
[h264 @ 0x5569477d9300] nal_unit_type: 6(SEI), nal_ref_idc: 0
[h264 @ 0x5569477d9300] nal_unit_type: 1(Coded slice of a non-IDR picture), nal_ref_idc: 1
    Last message repeated 4 times
[Parsed_fps_0 @ 0x7fb3e0001980] Read frame with in pts 26850, out pts 1074
[Parsed_fps_0 @ 0x7fb3e0001980] Writing frame with pts 1073 to pts 1073
bench:        0 user        1 sys        2 real decode_video 0:1 
bench:        0 user        1 sys        0 real decode_video 0:1 
[h264 @ 0x5569477d9300] nal_unit_type: 6(SEI), nal_ref_idc: 0
[h264 @ 0x5569477d9300] nal_unit_type: 1(Coded slice of a non-IDR picture), nal_ref_idc: 1
    Last message repeated 4 times
[Parsed_fps_0 @ 0x7fb3e0001980] Read frame with in pts 26875, out pts 1075
[Parsed_fps_0 @ 0x7fb3e0001980] Writing frame with pts 1074 to pts 1074
bench:        0 user        0 sys        1 real decode_video 0:1 
bench:        0 user        1 sys        1 real decode_video 0:1 
[h264 @ 0x5569477d9300] nal_unit_type: 6(SEI), nal_ref_idc: 0
[h264 @ 0x5569477d9300] nal_unit_type: 1(Coded slice of a non-IDR picture), nal_ref_idc: 1
    Last message repeated 4 times
[Parsed_fps_0 @ 0x7fb3e0001980] Read frame with in pts 26900, out pts 1076
[Parsed_fps_0 @ 0x7fb3e0001980] Writing frame with pts 1075 to pts 1075
bench:        0 user        1 sys        1 real decode_video 0:1 
bench:        0 user        0 sys        1 real decode_video 0:1 
[h264 @ 0x5569477d9300] nal_unit_type: 6(SEI), nal_ref_idc: 0
[h264 @ 0x5569477d9300] nal_unit_type: 1(Coded slice of a non-IDR picture), nal_ref_idc: 1
    Last message repeated 4 times
[Parsed_fps_0 @ 0x7fb3e0001980] Read frame with in pts 26925, out pts 1077
[Parsed_fps_0 @ 0x7fb3e0001980] Writing frame with pts 1076 to pts 1076
bench:        0 user        1 sys        2 real decode_video 0:1 
bench:        0 user        1 sys        1 real decode_video 0:1 
[Parsed_fps_0 @ 0x7fb3e0001980] Read frame with in pts 26950, out pts 1078
[Parsed_fps_0 @ 0x7fb3e0001980] Writing frame with pts 1077 to pts 1077
[h264 @ 0x5569477d9300] nal_unit_type: 6(SEI), nal_ref_idc: 0
[h264 @ 0x5569477d9300] nal_unit_type: 1(Coded slice of a non-IDR picture), nal_ref_idc: 1
    Last message repeated 4 times
bench:        0 user        1 sys        1 real decode_video 0:1 
bench:        0 user        1 sys        0 real decode_video 0:1 
[h264 @ 0x5569477d9300] nal_unit_type: 6(SEI), nal_ref_idc: 0
[h264 @ 0x5569477d9300] nal_unit_type: 1(Coded slice of a non-IDR picture), nal_ref_idc: 1
    Last message repeated 4 times
[Parsed_fps_0 @ 0x7fb3e0001980] Read frame with in pts 26975, out pts 1079
[Parsed_fps_0 @ 0x7fb3e0001980] Writing frame with pts 1078 to pts 1078
bench:        0 user        2 sys        3 real decode_video 0:1 
bench:        0 user        1 sys        0 real decode_video 0:1 
[h264 @ 0x5569477d9300] nal_unit_type: 6(SEI), nal_ref_idc: 0
[h264 @ 0x5569477d9300] nal_unit_type: 1(Coded slice of a non-IDR picture), nal_ref_idc: 1
    Last message repeated 4 times
[Parsed_fps_0 @ 0x7fb3e0001980] Read frame with in pts 27000, out pts 1080
[Parsed_fps_0 @ 0x7fb3e0001980] Writing frame with pts 1079 to pts 1079
bench:        0 user        3 sys        4 real decode_video 0:1 
bench:        0 user        1 sys        1 real decode_video 0:1 
[h264 @ 0x5569477d9300] nal_unit_type: 6(SEI), nal_ref_idc: 0
[h264 @ 0x5569477d9300] nal_unit_type: 1(Coded slice of a non-IDR picture), nal_ref_idc: 1
    Last message repeated 4 times
[Parsed_fps_0 @ 0x7fb3e0001980] Read frame with in pts 27025, out pts 1081
[Parsed_fps_0 @ 0x7fb3e0001980] Writing frame with pts 1080 to pts 1080
bench:        0 user        1 sys        1 real decode_video 0:1 
bench:        0 user        0 sys        0 real decode_video 0:1 
[h264 @ 0x5569477d9300] nal_unit_type: 6(SEI), nal_ref_idc: 0
[h264 @ 0x5569477d9300] nal_unit_type: 1(Coded slice of a non-IDR picture), nal_ref_idc: 1
    Last message repeated 4 times
[Parsed_fps_0 @ 0x7fb3e0001980] Read frame with in pts 27050, out pts 1082
[Parsed_fps_0 @ 0x7fb3e0001980] Writing frame with pts 1081 to pts 1081
bench:        0 user        1 sys        2 real decode_video 0:1 
bench:        0 user        1 sys        1 real decode_video 0:1 
[h264 @ 0x5569477d9300] nal_unit_type: 6(SEI), nal_ref_idc: 0
[h264 @ 0x5569477d9300] nal_unit_type: 1(Coded slice of a non-IDR picture), nal_ref_idc: 1
    Last message repeated 4 times
[Parsed_fps_0 @ 0x7fb3e0001980] Read frame with in pts 27075, out pts 1083
[Parsed_fps_0 @ 0x7fb3e0001980] Writing frame with pts 1082 to pts 1082
bench:        1 user        0 sys        1 real decode_video 0:1 
bench:        1 user        0 sys        0 real decode_video 0:1 
[h264 @ 0x5569477d9300] nal_unit_type: 6(SEI), nal_ref_idc: 0
[h264 @ 0x5569477d9300] nal_unit_type: 1(Coded slice of a non-IDR picture), nal_ref_idc: 1
    Last message repeated 4 times
[Parsed_fps_0 @ 0x7fb3e0001980] Read frame with in pts 27100, out pts 1084
[Parsed_fps_0 @ 0x7fb3e0001980] Writing frame with pts 1083 to pts 1083
bench:        0 user        0 sys        1 real decode_video 0:1 
    Last message repeated 1 times
[h264 @ 0x5569477d9300] nal_unit_type: 6(SEI), nal_ref_idc: 0
[h264 @ 0x5569477d9300] nal_unit_type: 1(Coded slice of a non-IDR picture), nal_ref_idc: 1
    Last message repeated 4 times
[Parsed_fps_0 @ 0x7fb3e0001980] Read frame with in pts 27125, out pts 1085
[Parsed_fps_0 @ 0x7fb3e0001980] Writing frame with pts 1084 to pts 1084
bench:        1 user        0 sys        1 real decode_video 0:1 
    Last message repeated 1 times
[h264 @ 0x5569477d9300] nal_unit_type: 6(SEI), nal_ref_idc: 0
[h264 @ 0x5569477d9300] nal_unit_type: 1(Coded slice of a non-IDR picture), nal_ref_idc: 1
    Last message repeated 2 times
[Parsed_fps_0 @ 0x7fb3e0001980] Read frame with in pts 27150, out pts 1086
[Parsed_fps_0 @ 0x7fb3e0001980] Writing frame with pts 1085 to pts 1085
[h264 @ 0x5569477d9300] nal_unit_type: 1(Coded slice of a non-IDR picture), nal_ref_idc: 1
    Last message repeated 1 times
bench:        0 user        0 sys        1 real decode_video 0:1 
bench:        1 user        0 sys        1 real decode_video 0:1 
[h264 @ 0x5569477d9300] nal_unit_type: 6(SEI), nal_ref_idc: 0
[Parsed_fps_0 @ 0x7fb3e0001980] Read frame with in pts 27175, out pts 1087
[Parsed_fps_0 @ 0x7fb3e0001980] Writing frame with pts 1086 to pts 1086
[h264 @ 0x5569477d9300] nal_unit_type: 5(IDR), nal_ref_idc: 1
    Last message repeated 4 times
bench:        2 user        0 sys        3 real decode_video 0:1 
bench:        1 user        0 sys        1 real decode_video 0:1 
[h264 @ 0x5569477d9300] nal_unit_type: 6(SEI), nal_ref_idc: 0
[h264 @ 0x5569477d9300] nal_unit_type: 1(Coded slice of a non-IDR picture), nal_ref_idc: 1
    Last message repeated 4 times
[Parsed_fps_0 @ 0x7fb3e0001980] Read frame with in pts 27200, out pts 1088
[Parsed_fps_0 @ 0x7fb3e0001980] Writing frame with pts 1087 to pts 1087
bench:        1 user        0 sys        1 real decode_video 0:1 
bench:        0 user        0 sys        1 real decode_video 0:1 
[h264 @ 0x5569477d9300] nal_unit_type: 6(SEI), nal_ref_idc: 0
[h264 @ 0x5569477d9300] nal_unit_type: 1(Coded slice of a non-IDR picture), nal_ref_idc: 1
    Last message repeated 4 times
[Parsed_fps_0 @ 0x7fb3e0001980] Read frame with in pts 27225, out pts 1089
[Parsed_fps_0 @ 0x7fb3e0001980] Writing frame with pts 1088 to pts 1088
bench:        0 user        0 sys        1 real decode_video 0:1 
bench:        1 user        0 sys        0 real decode_video 0:1 
[h264 @ 0x5569477d9300] nal_unit_type: 6(SEI), nal_ref_idc: 0
[h264 @ 0x5569477d9300] nal_unit_type: 1(Coded slice of a non-IDR picture), nal_ref_idc: 1
    Last message repeated 4 times
[Parsed_fps_0 @ 0x7fb3e0001980] Read frame with in pts 27250, out pts 1090
[Parsed_fps_0 @ 0x7fb3e0001980] Writing frame with pts 1089 to pts 1089
bench:        2 user        0 sys        4 real decode_video 0:1 
bench:        1 user        0 sys        1 real decode_video 0:1 
[h264 @ 0x5569477d9300] nal_unit_type: 6(SEI), nal_ref_idc: 0
[h264 @ 0x5569477d9300] nal_unit_type: 1(Coded slice of a non-IDR picture), nal_ref_idc: 1
    Last message repeated 4 times
[Parsed_fps_0 @ 0x7fb3e0001980] Read frame with in pts 27275, out pts 1091
[Parsed_fps_0 @ 0x7fb3e0001980] Writing frame with pts 1090 to pts 1090
bench:        1 user        0 sys        1 real decode_video 0:1 
bench:        1 user        0 sys        0 real decode_video 0:1 
[h264 @ 0x5569477d9300] nal_unit_type: 6(SEI), nal_ref_idc: 0
[h264 @ 0x5569477d9300] nal_unit_type: 1(Coded slice of a non-IDR picture), nal_ref_idc: 1
    Last message repeated 4 times
[Parsed_fps_0 @ 0x7fb3e0001980] Read frame with in pts 27300, out pts 1092
[Parsed_fps_0 @ 0x7fb3e0001980] Writing frame with pts 1091 to pts 1091
bench:        0 user        0 sys        1 real decode_video 0:1 
bench:        0 user        0 sys        0 real decode_video 0:1 
[h264 @ 0x5569477d9300] nal_unit_type: 6(SEI), nal_ref_idc: 0
[h264 @ 0x5569477d9300] nal_unit_type: 1(Coded slice of a non-IDR picture), nal_ref_idc: 1
    Last message repeated 4 times
[Parsed_fps_0 @ 0x7fb3e0001980] Read frame with in pts 27325, out pts 1093
[Parsed_fps_0 @ 0x7fb3e0001980] Writing frame with pts 1092 to pts 1092
bench:        1 user        0 sys        1 real decode_video 0:1 
bench:        1 user        0 sys        0 real decode_video 0:1 
[h264 @ 0x5569477d9300] nal_unit_type: 6(SEI), nal_ref_idc: 0
[h264 @ 0x5569477d9300] nal_unit_type: 1(Coded slice of a non-IDR picture), nal_ref_idc: 1
    Last message repeated 4 times
[Parsed_fps_0 @ 0x7fb3e0001980] Read frame with in pts 27350, out pts 1094
[Parsed_fps_0 @ 0x7fb3e0001980] Writing frame with pts 1093 to pts 1093
bench:        1 user        0 sys        1 real decode_video 0:1 
    Last message repeated 1 times
[h264 @ 0x5569477d9300] nal_unit_type: 6(SEI), nal_ref_idc: 0
[h264 @ 0x5569477d9300] nal_unit_type: 1(Coded slice of a non-IDR picture), nal_ref_idc: 1
[Parsed_fps_0 @ 0x7fb3e0001980] Read frame with in pts 27375, out pts 1095
[Parsed_fps_0 @ 0x7fb3e0001980] Writing frame with pts 1094 to pts 1094
[h264 @ 0x5569477d9300] nal_unit_type: 1(Coded slice of a non-IDR picture), nal_ref_idc: 1
    Last message repeated 3 times
bench:        1 user        0 sys        1 real decode_video 0:1 
    Last message repeated 1 times
[h264 @ 0x5569477d9300] nal_unit_type: 6(SEI), nal_ref_idc: 0
[h264 @ 0x5569477d9300] nal_unit_type: 1(Coded slice of a non-IDR picture), nal_ref_idc: 1
    Last message repeated 4 times
[Parsed_fps_0 @ 0x7fb3e0001980] Read frame with in pts 27400, out pts 1096
[Parsed_fps_0 @ 0x7fb3e0001980] Writing frame with pts 1095 to pts 1095
bench:        1 user        0 sys        1 real decode_video 0:1 
bench:        1 user        0 sys        0 real decode_video 0:1 
[h264 @ 0x5569477d9300] nal_unit_type: 6(SEI), nal_ref_idc: 0
[h264 @ 0x5569477d9300] nal_unit_type: 1(Coded slice of a non-IDR picture), nal_ref_idc: 1
    Last message repeated 4 times
[Parsed_fps_0 @ 0x7fb3e0001980] Read frame with in pts 27425, out pts 1097
[Parsed_fps_0 @ 0x7fb3e0001980] Writing frame with pts 1096 to pts 1096
bench:        2 user        0 sys        2 real decode_video 0:1 
bench:        1 user        0 sys        1 real decode_video 0:1 
[h264 @ 0x5569477d9300] nal_unit_type: 6(SEI), nal_ref_idc: 0
[h264 @ 0x5569477d9300] nal_unit_type: 1(Coded slice of a non-IDR picture), nal_ref_idc: 1
    Last message repeated 4 times
[Parsed_fps_0 @ 0x7fb3e0001980] Read frame with in pts 27450, out pts 1098
[Parsed_fps_0 @ 0x7fb3e0001980] Writing frame with pts 1097 to pts 1097
bench:        0 user        0 sys        1 real decode_video 0:1 
bench:        1 user        0 sys        0 real decode_video 0:1 
[h264 @ 0x5569477d9300] nal_unit_type: 6(SEI), nal_ref_idc: 0
[h264 @ 0x5569477d9300] nal_unit_type: 1(Coded slice of a non-IDR picture), nal_ref_idc: 1
    Last message repeated 4 times
[Parsed_fps_0 @ 0x7fb3e0001980] Read frame with in pts 27475, out pts 1099
[Parsed_fps_0 @ 0x7fb3e0001980] Writing frame with pts 1098 to pts 1098
bench:        1 user        0 sys        1 real decode_video 0:1 
    Last message repeated 1 times
[h264 @ 0x5569477d9300] nal_unit_type: 6(SEI), nal_ref_idc: 0
[h264 @ 0x5569477d9300] nal_unit_type: 1(Coded slice of a non-IDR picture), nal_ref_idc: 1
    Last message repeated 4 times
[Parsed_fps_0 @ 0x7fb3e0001980] Read frame with in pts 27500, out pts 1100
[Parsed_fps_0 @ 0x7fb3e0001980] Writing frame with pts 1099 to pts 1099
bench:        2 user        0 sys        4 real decode_video 0:1 
bench:        1 user        0 sys        1 real decode_video 0:1 
[h264 @ 0x5569477d9300] nal_unit_type: 6(SEI), nal_ref_idc: 0
[h264 @ 0x5569477d9300] nal_unit_type: 1(Coded slice of a non-IDR picture), nal_ref_idc: 1
    Last message repeated 4 times
[Parsed_fps_0 @ 0x7fb3e0001980] Read frame with in pts 27525, out pts 1101
[Parsed_fps_0 @ 0x7fb3e0001980] Writing frame with pts 1100 to pts 1100
bench:        1 user        0 sys        1 real decode_video 0:1 
bench:        0 user        0 sys        1 real decode_video 0:1 
[h264 @ 0x5569477d9300] nal_unit_type: 6(SEI), nal_ref_idc: 0
[h264 @ 0x5569477d9300] nal_unit_type: 1(Coded slice of a non-IDR picture), nal_ref_idc: 1
    Last message repeated 4 times
[Parsed_fps_0 @ 0x7fb3e0001980] Read frame with in pts 27550, out pts 1102
[Parsed_fps_0 @ 0x7fb3e0001980] Writing frame with pts 1101 to pts 1101
bench:        1 user        0 sys        1 real decode_video 0:1 
bench:        1 user        0 sys        2 real decode_video 0:1 
[Parsed_fps_0 @ 0x7fb3e0001980] Read frame with in pts 27575, out pts 1103
[Parsed_fps_0 @ 0x7fb3e0001980] Writing frame with pts 1102 to pts 1102
[h264 @ 0x5569477d9300] nal_unit_type: 6(SEI), nal_ref_idc: 0
[h264 @ 0x5569477d9300] nal_unit_type: 1(Coded slice of a non-IDR picture), nal_ref_idc: 1
    Last message repeated 4 times
bench:        1 user        0 sys        1 real decode_video 0:1 
bench:        0 user        0 sys        0 real decode_video 0:1 
[h264 @ 0x5569477d9300] nal_unit_type: 6(SEI), nal_ref_idc: 0
[h264 @ 0x5569477d9300] nal_unit_type: 1(Coded slice of a non-IDR picture), nal_ref_idc: 1
    Last message repeated 4 times
[Parsed_fps_0 @ 0x7fb3e0001980] Read frame with in pts 27600, out pts 1104
[Parsed_fps_0 @ 0x7fb3e0001980] Writing frame with pts 1103 to pts 1103
bench:        1 user        0 sys        1 real decode_video 0:1 
bench:        0 user        0 sys        0 real decode_video 0:1 
[h264 @ 0x5569477d9300] nal_unit_type: 6(SEI), nal_ref_idc: 0
[h264 @ 0x5569477d9300] nal_unit_type: 1(Coded slice of a non-IDR picture), nal_ref_idc: 1
    Last message repeated 4 times
[Parsed_fps_0 @ 0x7fb3e0001980] Read frame with in pts 27625, out pts 1105
[Parsed_fps_0 @ 0x7fb3e0001980] Writing frame with pts 1104 to pts 1104
bench:        1 user        0 sys        3 real decode_video 0:1 
bench:        1 user        0 sys        1 real decode_video 0:1 
[h264 @ 0x5569477d9300] nal_unit_type: 6(SEI), nal_ref_idc: 0
[Parsed_fps_0 @ 0x7fb3e0001980] Read frame with in pts 27650, out pts 1106
[Parsed_fps_0 @ 0x7fb3e0001980] Writing frame with pts 1105 to pts 1105
[h264 @ 0x5569477d9300] nal_unit_type: 1(Coded slice of a non-IDR picture), nal_ref_idc: 1
    Last message repeated 4 times
bench:        2 user        0 sys        2 real decode_video 0:1 
bench:        1 user        0 sys        0 real decode_video 0:1 
[h264 @ 0x5569477d9300] nal_unit_type: 6(SEI), nal_ref_idc: 0
[h264 @ 0x5569477d9300] nal_unit_type: 1(Coded slice of a non-IDR picture), nal_ref_idc: 1
    Last message repeated 3 times
[Parsed_fps_0 @ 0x7fb3e0001980] Read frame with in pts 27675, out pts 1107
[Parsed_fps_0 @ 0x7fb3e0001980] Writing frame with pts 1106 to pts 1106
[h264 @ 0x5569477d9300] nal_unit_type: 1(Coded slice of a non-IDR picture), nal_ref_idc: 1
bench:        1 user        0 sys        2 real decode_video 0:1 
bench:        1 user        0 sys        0 real decode_video 0:1 
[h264 @ 0x5569477d9300] nal_unit_type: 6(SEI), nal_ref_idc: 0
[h264 @ 0x5569477d9300] nal_unit_type: 1(Coded slice of a non-IDR picture), nal_ref_idc: 1
    Last message repeated 4 times
[Parsed_fps_0 @ 0x7fb3e0001980] Read frame with in pts 27700, out pts 1108
[Parsed_fps_0 @ 0x7fb3e0001980] Writing frame with pts 1107 to pts 1107
bench:        1 user        0 sys        1 real decode_video 0:1 
    Last message repeated 1 times
[h264 @ 0x5569477d9300] nal_unit_type: 6(SEI), nal_ref_idc: 0
[h264 @ 0x5569477d9300] nal_unit_type: 1(Coded slice of a non-IDR picture), nal_ref_idc: 1
    Last message repeated 4 times
[Parsed_fps_0 @ 0x7fb3e0001980] Read frame with in pts 27725, out pts 1109
[Parsed_fps_0 @ 0x7fb3e0001980] Writing frame with pts 1108 to pts 1108
bench:        1 user        0 sys        1 real decode_video 0:1 
    Last message repeated 1 times
[h264 @ 0x5569477d9300] nal_unit_type: 6(SEI), nal_ref_idc: 0
[h264 @ 0x5569477d9300] nal_unit_type: 1(Coded slice of a non-IDR picture), nal_ref_idc: 1
    Last message repeated 4 times
[Parsed_fps_0 @ 0x7fb3e0001980] Read frame with in pts 27750, out pts 1110
[Parsed_fps_0 @ 0x7fb3e0001980] Writing frame with pts 1109 to pts 1109
bench:        1 user        0 sys        2 real decode_video 0:1 
bench:        0 user        0 sys        1 real decode_video 0:1 
[h264 @ 0x5569477d9300] nal_unit_type: 6(SEI), nal_ref_idc: 0
[h264 @ 0x5569477d9300] nal_unit_type: 1(Coded slice of a non-IDR picture), nal_ref_idc: 1
    Last message repeated 4 times
[Parsed_fps_0 @ 0x7fb3e0001980] Read frame with in pts 27775, out pts 1111
[Parsed_fps_0 @ 0x7fb3e0001980] Writing frame with pts 1110 to pts 1110
bench:        1 user        0 sys        1 real decode_video 0:1 
bench:        1 user        0 sys        0 real decode_video 0:1 
[h264 @ 0x5569477d9300] nal_unit_type: 6(SEI), nal_ref_idc: 0
[h264 @ 0x5569477d9300] nal_unit_type: 1(Coded slice of a non-IDR picture), nal_ref_idc: 1
    Last message repeated 4 times
[Parsed_fps_0 @ 0x7fb3e0001980] Read frame with in pts 27800, out pts 1112
[Parsed_fps_0 @ 0x7fb3e0001980] Writing frame with pts 1111 to pts 1111
bench:        2 user        0 sys        2 real decode_video 0:1 
bench:        1 user        0 sys        1 real decode_video 0:1 
[h264 @ 0x5569477d9300] nal_unit_type: 6(SEI), nal_ref_idc: 0
[h264 @ 0x5569477d9300] nal_unit_type: 1(Coded slice of a non-IDR picture), nal_ref_idc: 1
    Last message repeated 4 times
[Parsed_fps_0 @ 0x7fb3e0001980] Read frame with in pts 27825, out pts 1113
[Parsed_fps_0 @ 0x7fb3e0001980] Writing frame with pts 1112 to pts 1112
bench:        1 user        1 sys        3 real decode_video 0:1 
bench:        1 user        0 sys        1 real decode_video 0:1 
[h264 @ 0x5569477d9300] nal_unit_type: 6(SEI), nal_ref_idc: 0
[h264 @ 0x5569477d9300] nal_unit_type: 1(Coded slice of a non-IDR picture), nal_ref_idc: 1
    Last message repeated 4 times
[Parsed_fps_0 @ 0x7fb3e0001980] Read frame with in pts 27850, out pts 1114
[Parsed_fps_0 @ 0x7fb3e0001980] Writing frame with pts 1113 to pts 1113
bench:        1 user        0 sys        2 real decode_video 0:1 
bench:        1 user        0 sys        0 real decode_video 0:1 
[h264 @ 0x5569477d9300] nal_unit_type: 6(SEI), nal_ref_idc: 0
[h264 @ 0x5569477d9300] nal_unit_type: 1(Coded slice of a non-IDR picture), nal_ref_idc: 1
    Last message repeated 4 times
[Parsed_fps_0 @ 0x7fb3e0001980] Read frame with in pts 27875, out pts 1115
[Parsed_fps_0 @ 0x7fb3e0001980] Writing frame with pts 1114 to pts 1114
bench:        1 user        0 sys        2 real decode_video 0:1 
bench:        1 user        0 sys        1 real decode_video 0:1 
[h264 @ 0x5569477d9300] nal_unit_type: 6(SEI), nal_ref_idc: 0
[h264 @ 0x5569477d9300] nal_unit_type: 1(Coded slice of a non-IDR picture), nal_ref_idc: 1
    Last message repeated 4 times
[Parsed_fps_0 @ 0x7fb3e0001980] Read frame with in pts 27900, out pts 1116
[Parsed_fps_0 @ 0x7fb3e0001980] Writing frame with pts 1115 to pts 1115
bench:        1 user        0 sys        1 real decode_video 0:1 
bench:        1 user        0 sys        0 real decode_video 0:1 
[h264 @ 0x5569477d9300] nal_unit_type: 6(SEI), nal_ref_idc: 0
[h264 @ 0x5569477d9300] nal_unit_type: 1(Coded slice of a non-IDR picture), nal_ref_idc: 1
    Last message repeated 4 times
[Parsed_fps_0 @ 0x7fb3e0001980] Read frame with in pts 27925, out pts 1117
[Parsed_fps_0 @ 0x7fb3e0001980] Writing frame with pts 1116 to pts 1116
bench:        1 user        0 sys        2 real decode_video 0:1 
bench:        0 user        0 sys        1 real decode_video 0:1 
[h264 @ 0x5569477d9300] nal_unit_type: 6(SEI), nal_ref_idc: 0
[h264 @ 0x5569477d9300] nal_unit_type: 1(Coded slice of a non-IDR picture), nal_ref_idc: 1
    Last message repeated 4 times
[Parsed_fps_0 @ 0x7fb3e0001980] Read frame with in pts 27950, out pts 1118
[Parsed_fps_0 @ 0x7fb3e0001980] Writing frame with pts 1117 to pts 1117
bench:        1 user        0 sys        1 real decode_video 0:1 
bench:        1 user        0 sys        0 real decode_video 0:1 
[h264 @ 0x5569477d9300] nal_unit_type: 6(SEI), nal_ref_idc: 0
[Parsed_fps_0 @ 0x7fb3e0001980] Read frame with in pts 27975, out pts 1119
[Parsed_fps_0 @ 0x7fb3e0001980] Writing frame with pts 1118 to pts 1118
[h264 @ 0x5569477d9300] nal_unit_type: 1(Coded slice of a non-IDR picture), nal_ref_idc: 1
    Last message repeated 4 times
bench:        2 user        0 sys        4 real decode_video 0:1 
bench:        1 user        0 sys        1 real decode_video 0:1 
[h264 @ 0x5569477d9300] nal_unit_type: 6(SEI), nal_ref_idc: 0
[h264 @ 0x5569477d9300] nal_unit_type: 1(Coded slice of a non-IDR picture), nal_ref_idc: 1
    Last message repeated 4 times
[Parsed_fps_0 @ 0x7fb3e0001980] Read frame with in pts 28000, out pts 1120
[Parsed_fps_0 @ 0x7fb3e0001980] Writing frame with pts 1119 to pts 1119
bench:        2 user        0 sys        4 real decode_video 0:1 
bench:        1 user        0 sys        1 real decode_video 0:1 
[Parsed_fps_0 @ 0x7fb3e0001980] Read frame with in pts 28025, out pts 1121
[Parsed_fps_0 @ 0x7fb3e0001980] Writing frame with pts 1120 to pts 1120
[h264 @ 0x5569477d9300] nal_unit_type: 6(SEI), nal_ref_idc: 0
[h264 @ 0x5569477d9300] nal_unit_type: 1(Coded slice of a non-IDR picture), nal_ref_idc: 1
    Last message repeated 4 times
bench:        1 user        0 sys        2 real decode_video 0:1 
bench:        1 user        0 sys        1 real decode_video 0:1 
[h264 @ 0x5569477d9300] nal_unit_type: 6(SEI), nal_ref_idc: 0
[h264 @ 0x5569477d9300] nal_unit_type: 1(Coded slice of a non-IDR picture), nal_ref_idc: 1
    Last message repeated 4 times
[Parsed_fps_0 @ 0x7fb3e0001980] Read frame with in pts 28050, out pts 1122
[Parsed_fps_0 @ 0x7fb3e0001980] Writing frame with pts 1121 to pts 1121
bench:        2 user        0 sys        2 real decode_video 0:1 
bench:        1 user        0 sys        1 real decode_video 0:1 
[h264 @ 0x5569477d9300] nal_unit_type: 6(SEI), nal_ref_idc: 0
[h264 @ 0x5569477d9300] nal_unit_type: 1(Coded slice of a non-IDR picture), nal_ref_idc: 1
    Last message repeated 4 times
[Parsed_fps_0 @ 0x7fb3e0001980] Read frame with in pts 28075, out pts 1123
[Parsed_fps_0 @ 0x7fb3e0001980] Writing frame with pts 1122 to pts 1122
bench:        2 user        0 sys        3 real decode_video 0:1 
bench:        0 user        0 sys        0 real decode_video 0:1 
[h264 @ 0x5569477d9300] nal_unit_type: 6(SEI), nal_ref_idc: 0
[h264 @ 0x5569477d9300] nal_unit_type: 1(Coded slice of a non-IDR picture), nal_ref_idc: 1
    Last message repeated 3 times
[Parsed_fps_0 @ 0x7fb3e0001980] Read frame with in pts 28100, out pts 1124
[Parsed_fps_0 @ 0x7fb3e0001980] Writing frame with pts 1123 to pts 1123
[h264 @ 0x5569477d9300] nal_unit_type: 1(Coded slice of a non-IDR picture), nal_ref_idc: 1
bench:        1 user        0 sys        1 real decode_video 0:1 
    Last message repeated 1 times
[h264 @ 0x5569477d9300] nal_unit_type: 6(SEI), nal_ref_idc: 0
[h264 @ 0x5569477d9300] nal_unit_type: 1(Coded slice of a non-IDR picture), nal_ref_idc: 1
    Last message repeated 4 times
[Parsed_fps_0 @ 0x7fb3e0001980] Read frame with in pts 28125, out pts 1125
[Parsed_fps_0 @ 0x7fb3e0001980] Writing frame with pts 1124 to pts 1124
bench:        1 user        0 sys        3 real decode_video 0:1 
bench:        1 user        0 sys        1 real decode_video 0:1 
[h264 @ 0x5569477d9300] nal_unit_type: 6(SEI), nal_ref_idc: 0
[h264 @ 0x5569477d9300] nal_unit_type: 1(Coded slice of a non-IDR picture), nal_ref_idc: 1
    Last message repeated 4 times
[Parsed_fps_0 @ 0x7fb3e0001980] Read frame with in pts 28150, out pts 1126
[Parsed_fps_0 @ 0x7fb3e0001980] Writing frame with pts 1125 to pts 1125
bench:        2 user        0 sys        2 real decode_video 0:1 
bench:        1 user        0 sys        1 real decode_video 0:1 
[h264 @ 0x5569477d9300] nal_unit_type: 6(SEI), nal_ref_idc: 0
[h264 @ 0x5569477d9300] nal_unit_type: 1(Coded slice of a non-IDR picture), nal_ref_idc: 1
    Last message repeated 1 times
[Parsed_fps_0 @ 0x7fb3e0001980] Read frame with in pts 28175, out pts 1127
[Parsed_fps_0 @ 0x7fb3e0001980] Writing frame with pts 1126 to pts 1126
[h264 @ 0x5569477d9300] nal_unit_type: 1(Coded slice of a non-IDR picture), nal_ref_idc: 1
    Last message repeated 2 times
bench:        1 user        0 sys        2 real decode_video 0:1 
bench:        1 user        0 sys        1 real decode_video 0:1 
[h264 @ 0x5569477d9300] nal_unit_type: 6(SEI), nal_ref_idc: 0
[h264 @ 0x5569477d9300] nal_unit_type: 1(Coded slice of a non-IDR picture), nal_ref_idc: 1
    Last message repeated 4 times
[Parsed_fps_0 @ 0x7fb3e0001980] Read frame with in pts 28200, out pts 1128
[Parsed_fps_0 @ 0x7fb3e0001980] Writing frame with pts 1127 to pts 1127
bench:        1 user        0 sys        1 real decode_video 0:1 
    Last message repeated 1 times
[h264 @ 0x5569477d9300] nal_unit_type: 6(SEI), nal_ref_idc: 0
[Parsed_fps_0 @ 0x7fb3e0001980] Read frame with in pts 28225, out pts 1129
[Parsed_fps_0 @ 0x7fb3e0001980] Writing frame with pts 1128 to pts 1128
[h264 @ 0x5569477d9300] nal_unit_type: 1(Coded slice of a non-IDR picture), nal_ref_idc: 1
    Last message repeated 4 times
bench:        2 user        0 sys        4 real decode_video 0:1 
bench:        1 user        0 sys        1 real decode_video 0:1 
[h264 @ 0x5569477d9300] nal_unit_type: 6(SEI), nal_ref_idc: 0
[h264 @ 0x5569477d9300] nal_unit_type: 1(Coded slice of a non-IDR picture), nal_ref_idc: 1
    Last message repeated 4 times
[Parsed_fps_0 @ 0x7fb3e0001980] Read frame with in pts 28250, out pts 1130
[Parsed_fps_0 @ 0x7fb3e0001980] Writing frame with pts 1129 to pts 1129
bench:        1 user        0 sys        3 real decode_video 0:1 
bench:        0 user        0 sys        1 real decode_video 0:1 
[h264 @ 0x5569477d9300] nal_unit_type: 6(SEI), nal_ref_idc: 0
[h264 @ 0x5569477d9300] nal_unit_type: 1(Coded slice of a non-IDR picture), nal_ref_idc: 1
    Last message repeated 4 times
[Parsed_fps_0 @ 0x7fb3e0001980] Read frame with in pts 28275, out pts 1131
[Parsed_fps_0 @ 0x7fb3e0001980] Writing frame with pts 1130 to pts 1130
bench:        0 user        0 sys        1 real decode_video 0:1 
    Last message repeated 1 times
[h264 @ 0x5569477d9300] nal_unit_type: 6(SEI), nal_ref_idc: 0
[h264 @ 0x5569477d9300] nal_unit_type: 1(Coded slice of a non-IDR picture), nal_ref_idc: 1
    Last message repeated 4 times
[Parsed_fps_0 @ 0x7fb3e0001980] Read frame with in pts 28300, out pts 1132
[Parsed_fps_0 @ 0x7fb3e0001980] Writing frame with pts 1131 to pts 1131
bench:        1 user        0 sys        2 real decode_video 0:1 
bench:        0 user        0 sys        1 real decode_video 0:1 
[h264 @ 0x5569477d9300] nal_unit_type: 6(SEI), nal_ref_idc: 0
[h264 @ 0x5569477d9300] nal_unit_type: 1(Coded slice of a non-IDR picture), nal_ref_idc: 1
    Last message repeated 4 times
[Parsed_fps_0 @ 0x7fb3e0001980] Read frame with in pts 28325, out pts 1133
[Parsed_fps_0 @ 0x7fb3e0001980] Writing frame with pts 1132 to pts 1132
bench:        1 user        0 sys        1 real decode_video 0:1 
bench:        1 user        0 sys        0 real decode_video 0:1 
[h264 @ 0x5569477d9300] nal_unit_type: 6(SEI), nal_ref_idc: 0
[h264 @ 0x5569477d9300] nal_unit_type: 1(Coded slice of a non-IDR picture), nal_ref_idc: 1
    Last message repeated 4 times
[Parsed_fps_0 @ 0x7fb3e0001980] Read frame with in pts 28350, out pts 1134
[Parsed_fps_0 @ 0x7fb3e0001980] Writing frame with pts 1133 to pts 1133
bench:        1 user        0 sys        1 real decode_video 0:1 
bench:        0 user        0 sys        1 real decode_video 0:1 
[h264 @ 0x5569477d9300] nal_unit_type: 6(SEI), nal_ref_idc: 0
[Parsed_fps_0 @ 0x7fb3e0001980] Read frame with in pts 28375, out pts 1135
[Parsed_fps_0 @ 0x7fb3e0001980] Writing frame with pts 1134 to pts 1134
[h264 @ 0x5569477d9300] nal_unit_type: 1(Coded slice of a non-IDR picture), nal_ref_idc: 1
    Last message repeated 4 times
bench:        1 user        0 sys        2 real decode_video 0:1 
bench:        1 user        0 sys        1 real decode_video 0:1 
[h264 @ 0x5569477d9300] nal_unit_type: 6(SEI), nal_ref_idc: 0
[h264 @ 0x5569477d9300] nal_unit_type: 1(Coded slice of a non-IDR picture), nal_ref_idc: 1
    Last message repeated 1 times
[Parsed_fps_0 @ 0x7fb3e0001980] Read frame with in pts 28400, out pts 1136
[Parsed_fps_0 @ 0x7fb3e0001980] Writing frame with pts 1135 to pts 1135
[h264 @ 0x5569477d9300] nal_unit_type: 1(Coded slice of a non-IDR picture), nal_ref_idc: 1
    Last message repeated 2 times
bench:        1 user        0 sys        1 real decode_video 0:1 
    Last message repeated 1 times
[h264 @ 0x5569477d9300] nal_unit_type: 6(SEI), nal_ref_idc: 0
[h264 @ 0x5569477d9300] nal_unit_type: 1(Coded slice of a non-IDR picture), nal_ref_idc: 1
    Last message repeated 4 times
[Parsed_fps_0 @ 0x7fb3e0001980] Read frame with in pts 28425, out pts 1137
[Parsed_fps_0 @ 0x7fb3e0001980] Writing frame with pts 1136 to pts 1136
bench:        1 user        0 sys        1 real decode_video 0:1 
bench:        1 user        0 sys        0 real decode_video 0:1 
[h264 @ 0x5569477d9300] nal_unit_type: 6(SEI), nal_ref_idc: 0
[h264 @ 0x5569477d9300] nal_unit_type: 1(Coded slice of a non-IDR picture), nal_ref_idc: 1
[Parsed_fps_0 @ 0x7fb3e0001980] Read frame with in pts 28450, out pts 1138
[h264 @ 0x5569477d9300] nal_unit_type: 1(Coded slice of a non-IDR picture), nal_ref_idc: 1
    Last message repeated 3 times
[Parsed_fps_0 @ 0x7fb3e0001980] Writing frame with pts 1137 to pts 1137
bench:        1 user        0 sys        1 real decode_video 0:1 
bench:        0 user        0 sys        1 real decode_video 0:1 
[h264 @ 0x5569477d9300] nal_unit_type: 6(SEI), nal_ref_idc: 0
[h264 @ 0x5569477d9300] nal_unit_type: 1(Coded slice of a non-IDR picture), nal_ref_idc: 1
    Last message repeated 4 times
[Parsed_fps_0 @ 0x7fb3e0001980] Read frame with in pts 28475, out pts 1139
[Parsed_fps_0 @ 0x7fb3e0001980] Writing frame with pts 1138 to pts 1138
bench:        1 user        0 sys        1 real decode_video 0:1 
bench:        0 user        0 sys        0 real decode_video 0:1 
[h264 @ 0x5569477d9300] nal_unit_type: 6(SEI), nal_ref_idc: 0
[h264 @ 0x5569477d9300] nal_unit_type: 1(Coded slice of a non-IDR picture), nal_ref_idc: 1
    Last message repeated 4 times
[Parsed_fps_0 @ 0x7fb3e0001980] Read frame with in pts 28500, out pts 1140
[Parsed_fps_0 @ 0x7fb3e0001980] Writing frame with pts 1139 to pts 1139
bench:        1 user        0 sys        4 real decode_video 0:1 
bench:        1 user        0 sys        1 real decode_video 0:1 
[h264 @ 0x5569477d9300] nal_unit_type: 6(SEI), nal_ref_idc: 0
[h264 @ 0x5569477d9300] nal_unit_type: 1(Coded slice of a non-IDR picture), nal_ref_idc: 1
    Last message repeated 4 times
[Parsed_fps_0 @ 0x7fb3e0001980] Read frame with in pts 28525, out pts 1141
[Parsed_fps_0 @ 0x7fb3e0001980] Writing frame with pts 1140 to pts 1140
bench:        1 user        0 sys        2 real decode_video 0:1 
bench:        0 user        0 sys        1 real decode_video 0:1 
[h264 @ 0x5569477d9300] nal_unit_type: 6(SEI), nal_ref_idc: 0
[h264 @ 0x5569477d9300] nal_unit_type: 1(Coded slice of a non-IDR picture), nal_ref_idc: 1
    Last message repeated 4 times
[Parsed_fps_0 @ 0x7fb3e0001980] Read frame with in pts 28550, out pts 1142
[Parsed_fps_0 @ 0x7fb3e0001980] Writing frame with pts 1141 to pts 1141
bench:        1 user        0 sys        2 real decode_video 0:1 
bench:        3 user        0 sys        3 real decode_video 0:1 
[Parsed_fps_0 @ 0x7fb3e0001980] Read frame with in pts 28575, out pts 1143
[h264 @ 0x5569477d9300] nal_unit_type: 6(SEI), nal_ref_idc: 0
[h264 @ 0x5569477d9300] nal_unit_type: 1(Coded slice of a non-IDR picture), nal_ref_idc: 1
    Last message repeated 4 times
[Parsed_fps_0 @ 0x7fb3e0001980] Writing frame with pts 1142 to pts 1142
bench:        1 user        0 sys        1 real decode_video 0:1 
bench:        0 user        0 sys        1 real decode_video 0:1 
[Parsed_fps_0 @ 0x7fb3e0001980] Read frame with in pts 28600, out pts 1144
[Parsed_fps_0 @ 0x7fb3e0001980] Writing frame with pts 1143 to pts 1143
[h264 @ 0x5569477d9300] nal_unit_type: 6(SEI), nal_ref_idc: 0
[h264 @ 0x5569477d9300] nal_unit_type: 1(Coded slice of a non-IDR picture), nal_ref_idc: 1
    Last message repeated 4 times
bench:        2 user        0 sys        4 real decode_video 0:1 
bench:        1 user        0 sys        1 real decode_video 0:1 
[h264 @ 0x5569477d9300] nal_unit_type: 6(SEI), nal_ref_idc: 0
[h264 @ 0x5569477d9300] nal_unit_type: 1(Coded slice of a non-IDR picture), nal_ref_idc: 1
    Last message repeated 4 times
[Parsed_fps_0 @ 0x7fb3e0001980] Read frame with in pts 28625, out pts 1145
[Parsed_fps_0 @ 0x7fb3e0001980] Writing frame with pts 1144 to pts 1144
bench:        1 user        0 sys        2 real decode_video 0:1 
bench:        1 user        0 sys        1 real decode_video 0:1 
[h264 @ 0x5569477d9300] nal_unit_type: 6(SEI), nal_ref_idc: 0
[Parsed_fps_0 @ 0x7fb3e0001980] Read frame with in pts 28650, out pts 1146
[Parsed_fps_0 @ 0x7fb3e0001980] Writing frame with pts 1145 to pts 1145
[h264 @ 0x5569477d9300] nal_unit_type: 1(Coded slice of a non-IDR picture), nal_ref_idc: 1
    Last message repeated 4 times
bench:        1 user        0 sys        1 real decode_video 0:1 
bench:        0 user        0 sys        1 real decode_video 0:1 
[h264 @ 0x5569477d9300] nal_unit_type: 6(SEI), nal_ref_idc: 0
[h264 @ 0x5569477d9300] nal_unit_type: 1(Coded slice of a non-IDR picture), nal_ref_idc: 1
    Last message repeated 4 times
[Parsed_fps_0 @ 0x7fb3e0001980] Read frame with in pts 28675, out pts 1147
[Parsed_fps_0 @ 0x7fb3e0001980] Writing frame with pts 1146 to pts 1146
bench:        1 user        0 sys        2 real decode_video 0:1 
bench:        1 user        0 sys        0 real decode_video 0:1 
[h264 @ 0x5569477d9300] nal_unit_type: 6(SEI), nal_ref_idc: 0
[h264 @ 0x5569477d9300] nal_unit_type: 1(Coded slice of a non-IDR picture), nal_ref_idc: 1
    Last message repeated 4 times
[Parsed_fps_0 @ 0x7fb3e0001980] Read frame with in pts 28700, out pts 1148
[Parsed_fps_0 @ 0x7fb3e0001980] Writing frame with pts 1147 to pts 1147
bench:        0 user        0 sys        1 real decode_video 0:1 
bench:        1 user        0 sys        1 real decode_video 0:1 
[h264 @ 0x5569477d9300] nal_unit_type: 6(SEI), nal_ref_idc: 0
[h264 @ 0x5569477d9300] nal_unit_type: 1(Coded slice of a non-IDR picture), nal_ref_idc: 1
    Last message repeated 4 times
[Parsed_fps_0 @ 0x7fb3e0001980] Read frame with in pts 28725, out pts 1149
[Parsed_fps_0 @ 0x7fb3e0001980] Writing frame with pts 1148 to pts 1148
bench:        0 user        0 sys        1 real decode_video 0:1 
bench:        1 user        0 sys        0 real decode_video 0:1 
[h264 @ 0x5569477d9300] nal_unit_type: 6(SEI), nal_ref_idc: 0
[h264 @ 0x5569477d9300] nal_unit_type: 1(Coded slice of a non-IDR picture), nal_ref_idc: 1
    Last message repeated 4 times
[Parsed_fps_0 @ 0x7fb3e0001980] Read frame with in pts 28750, out pts 1150
[Parsed_fps_0 @ 0x7fb3e0001980] Writing frame with pts 1149 to pts 1149
bench:        1 user        0 sys        1 real decode_video 0:1 
bench:        0 user        0 sys        1 real decode_video 0:1 
[h264 @ 0x5569477d9300] nal_unit_type: 6(SEI), nal_ref_idc: 0
[h264 @ 0x5569477d9300] nal_unit_type: 5(IDR), nal_ref_idc: 1
[Parsed_fps_0 @ 0x7fb3e0001980] Read frame with in pts 28775, out pts 1151
[Parsed_fps_0 @ 0x7fb3e0001980] Writing frame with pts 1150 to pts 1150
[h264 @ 0x5569477d9300] nal_unit_type: 5(IDR), nal_ref_idc: 1
    Last message repeated 3 times
bench:        2 user        0 sys        3 real decode_video 0:1 
bench:        1 user        0 sys        1 real decode_video 0:1 
[h264 @ 0x5569477d9300] nal_unit_type: 6(SEI), nal_ref_idc: 0
[h264 @ 0x5569477d9300] nal_unit_type: 1(Coded slice of a non-IDR picture), nal_ref_idc: 1
    Last message repeated 4 times
[Parsed_fps_0 @ 0x7fb3e0001980] Read frame with in pts 28800, out pts 1152
[Parsed_fps_0 @ 0x7fb3e0001980] Writing frame with pts 1151 to pts 1151
bench:        1 user        0 sys        1 real decode_video 0:1 
bench:        1 user        0 sys        0 real decode_video 0:1 
[h264 @ 0x5569477d9300] nal_unit_type: 6(SEI), nal_ref_idc: 0
[h264 @ 0x5569477d9300] nal_unit_type: 1(Coded slice of a non-IDR picture), nal_ref_idc: 1
    Last message repeated 4 times
[Parsed_fps_0 @ 0x7fb3e0001980] Read frame with in pts 28825, out pts 1153
[Parsed_fps_0 @ 0x7fb3e0001980] Writing frame with pts 1152 to pts 1152
bench:        1 user        0 sys        1 real decode_video 0:1 
bench:        0 user        0 sys        0 real decode_video 0:1 
[h264 @ 0x5569477d9300] nal_unit_type: 6(SEI), nal_ref_idc: 0
[Parsed_fps_0 @ 0x7fb3e0001980] Read frame with in pts 28850, out pts 1154
[Parsed_fps_0 @ 0x7fb3e0001980] Writing frame with pts 1153 to pts 1153
[h264 @ 0x5569477d9300] nal_unit_type: 1(Coded slice of a non-IDR picture), nal_ref_idc: 1
    Last message repeated 4 times
bench:        1 user        0 sys        2 real decode_video 0:1 
bench:        1 user        0 sys        1 real decode_video 0:1 
[h264 @ 0x5569477d9300] nal_unit_type: 6(SEI), nal_ref_idc: 0
[h264 @ 0x5569477d9300] nal_unit_type: 1(Coded slice of a non-IDR picture), nal_ref_idc: 1
    Last message repeated 4 times
[Parsed_fps_0 @ 0x7fb3e0001980] Read frame with in pts 28875, out pts 1155
[Parsed_fps_0 @ 0x7fb3e0001980] Writing frame with pts 1154 to pts 1154
bench:        1 user        0 sys        1 real decode_video 0:1 
    Last message repeated 1 times
[h264 @ 0x5569477d9300] nal_unit_type: 6(SEI), nal_ref_idc: 0
[h264 @ 0x5569477d9300] nal_unit_type: 1(Coded slice of a non-IDR picture), nal_ref_idc: 1
    Last message repeated 4 times
[Parsed_fps_0 @ 0x7fb3e0001980] Read frame with in pts 28900, out pts 1156
[Parsed_fps_0 @ 0x7fb3e0001980] Writing frame with pts 1155 to pts 1155
bench:        1 user        0 sys        1 real decode_video 0:1 
bench:        1 user        0 sys        0 real decode_video 0:1 
[h264 @ 0x5569477d9300] nal_unit_type: 6(SEI), nal_ref_idc: 0
[h264 @ 0x5569477d9300] nal_unit_type: 1(Coded slice of a non-IDR picture), nal_ref_idc: 1
    Last message repeated 4 times
[Parsed_fps_0 @ 0x7fb3e0001980] Read frame with in pts 28925, out pts 1157
[Parsed_fps_0 @ 0x7fb3e0001980] Writing frame with pts 1156 to pts 1156
bench:        1 user        0 sys        1 real decode_video 0:1 
    Last message repeated 1 times
[h264 @ 0x5569477d9300] nal_unit_type: 6(SEI), nal_ref_idc: 0
[h264 @ 0x5569477d9300] nal_unit_type: 1(Coded slice of a non-IDR picture), nal_ref_idc: 1
    Last message repeated 4 times
[Parsed_fps_0 @ 0x7fb3e0001980] Read frame with in pts 28950, out pts 1158
[Parsed_fps_0 @ 0x7fb3e0001980] Writing frame with pts 1157 to pts 1157
bench:        1 user        0 sys        2 real decode_video 0:1 
bench:        0 user        0 sys        0 real decode_video 0:1 
[h264 @ 0x5569477d9300] nal_unit_type: 6(SEI), nal_ref_idc: 0
[h264 @ 0x5569477d9300] nal_unit_type: 1(Coded slice of a non-IDR picture), nal_ref_idc: 1
    Last message repeated 4 times
[Parsed_fps_0 @ 0x7fb3e0001980] Read frame with in pts 28975, out pts 1159
[Parsed_fps_0 @ 0x7fb3e0001980] Writing frame with pts 1158 to pts 1158
bench:        1 user        0 sys        1 real decode_video 0:1 
bench:        0 user        0 sys        1 real decode_video 0:1 
[h264 @ 0x5569477d9300] nal_unit_type: 6(SEI), nal_ref_idc: 0
[h264 @ 0x5569477d9300] nal_unit_type: 1(Coded slice of a non-IDR picture), nal_ref_idc: 1
    Last message repeated 4 times
[Parsed_fps_0 @ 0x7fb3e0001980] Read frame with in pts 29000, out pts 1160
[Parsed_fps_0 @ 0x7fb3e0001980] Writing frame with pts 1159 to pts 1159
bench:        1 user        0 sys        1 real decode_video 0:1 
    Last message repeated 1 times
[h264 @ 0x5569477d9300] nal_unit_type: 6(SEI), nal_ref_idc: 0
[h264 @ 0x5569477d9300] nal_unit_type: 1(Coded slice of a non-IDR picture), nal_ref_idc: 1
    Last message repeated 4 times
[Parsed_fps_0 @ 0x7fb3e0001980] Read frame with in pts 29025, out pts 1161
[Parsed_fps_0 @ 0x7fb3e0001980] Writing frame with pts 1160 to pts 1160
bench:        1 user        0 sys        1 real decode_video 0:1 
bench:        0 user        0 sys        1 real decode_video 0:1 
[h264 @ 0x5569477d9300] nal_unit_type: 6(SEI), nal_ref_idc: 0
[h264 @ 0x5569477d9300] nal_unit_type: 1(Coded slice of a non-IDR picture), nal_ref_idc: 1
    Last message repeated 4 times
[Parsed_fps_0 @ 0x7fb3e0001980] Read frame with in pts 29050, out pts 1162
[Parsed_fps_0 @ 0x7fb3e0001980] Writing frame with pts 1161 to pts 1161
bench:        1 user        0 sys        1 real decode_video 0:1 
bench:        0 user        0 sys        1 real decode_video 0:1 
[h264 @ 0x5569477d9300] nal_unit_type: 6(SEI), nal_ref_idc: 0
[h264 @ 0x5569477d9300] nal_unit_type: 1(Coded slice of a non-IDR picture), nal_ref_idc: 1
    Last message repeated 4 times
[Parsed_fps_0 @ 0x7fb3e0001980] Read frame with in pts 29075, out pts 1163
[Parsed_fps_0 @ 0x7fb3e0001980] Writing frame with pts 1162 to pts 1162
bench:        1 user        0 sys        1 real decode_video 0:1 
bench:        1 user        0 sys        0 real decode_video 0:1 
[h264 @ 0x5569477d9300] nal_unit_type: 6(SEI), nal_ref_idc: 0
[h264 @ 0x5569477d9300] nal_unit_type: 1(Coded slice of a non-IDR picture), nal_ref_idc: 1
    Last message repeated 4 times
[Parsed_fps_0 @ 0x7fb3e0001980] Read frame with in pts 29100, out pts 1164
[Parsed_fps_0 @ 0x7fb3e0001980] Writing frame with pts 1163 to pts 1163
bench:        1 user        0 sys        1 real decode_video 0:1 
bench:        0 user        0 sys        1 real decode_video 0:1 
[h264 @ 0x5569477d9300] nal_unit_type: 6(SEI), nal_ref_idc: 0
[h264 @ 0x5569477d9300] nal_unit_type: 1(Coded slice of a non-IDR picture), nal_ref_idc: 1
    Last message repeated 4 times
[Parsed_fps_0 @ 0x7fb3e0001980] Read frame with in pts 29125, out pts 1165
[Parsed_fps_0 @ 0x7fb3e0001980] Writing frame with pts 1164 to pts 1164
bench:        0 user        0 sys        1 real decode_video 0:1 
bench:        1 user        0 sys        0 real decode_video 0:1 
[h264 @ 0x5569477d9300] nal_unit_type: 6(SEI), nal_ref_idc: 0
[h264 @ 0x5569477d9300] nal_unit_type: 1(Coded slice of a non-IDR picture), nal_ref_idc: 1
    Last message repeated 4 times
[Parsed_fps_0 @ 0x7fb3e0001980] Read frame with in pts 29150, out pts 1166
[Parsed_fps_0 @ 0x7fb3e0001980] Writing frame with pts 1165 to pts 1165
bench:        0 user        0 sys        1 real decode_video 0:1 
    Last message repeated 1 times
[h264 @ 0x5569477d9300] nal_unit_type: 6(SEI), nal_ref_idc: 0
[h264 @ 0x5569477d9300] nal_unit_type: 1(Coded slice of a non-IDR picture), nal_ref_idc: 1
    Last message repeated 4 times
[Parsed_fps_0 @ 0x7fb3e0001980] Read frame with in pts 29175, out pts 1167
[Parsed_fps_0 @ 0x7fb3e0001980] Writing frame with pts 1166 to pts 1166
bench:        1 user        0 sys        1 real decode_video 0:1 
bench:        0 user        0 sys        1 real decode_video 0:1 
[h264 @ 0x5569477d9300] nal_unit_type: 6(SEI), nal_ref_idc: 0
[h264 @ 0x5569477d9300] nal_unit_type: 1(Coded slice of a non-IDR picture), nal_ref_idc: 1
    Last message repeated 4 times
[Parsed_fps_0 @ 0x7fb3e0001980] Read frame with in pts 29200, out pts 1168
[Parsed_fps_0 @ 0x7fb3e0001980] Writing frame with pts 1167 to pts 1167
bench:        1 user        0 sys        1 real decode_video 0:1 
bench:        0 user        0 sys        1 real decode_video 0:1 
[h264 @ 0x5569477d9300] nal_unit_type: 6(SEI), nal_ref_idc: 0
[h264 @ 0x5569477d9300] nal_unit_type: 1(Coded slice of a non-IDR picture), nal_ref_idc: 1
    Last message repeated 4 times
[Parsed_fps_0 @ 0x7fb3e0001980] Read frame with in pts 29225, out pts 1169
[Parsed_fps_0 @ 0x7fb3e0001980] Writing frame with pts 1168 to pts 1168
bench:        1 user        0 sys        1 real decode_video 0:1 
bench:        0 user        0 sys        1 real decode_video 0:1 
[h264 @ 0x5569477d9300] nal_unit_type: 6(SEI), nal_ref_idc: 0
[h264 @ 0x5569477d9300] nal_unit_type: 1(Coded slice of a non-IDR picture), nal_ref_idc: 1
    Last message repeated 4 times
[Parsed_fps_0 @ 0x7fb3e0001980] Read frame with in pts 29250, out pts 1170
[Parsed_fps_0 @ 0x7fb3e0001980] Writing frame with pts 1169 to pts 1169
bench:        1 user        0 sys        1 real decode_video 0:1 
bench:        0 user        0 sys        1 real decode_video 0:1 
[h264 @ 0x5569477d9300] nal_unit_type: 6(SEI), nal_ref_idc: 0
[h264 @ 0x5569477d9300] nal_unit_type: 1(Coded slice of a non-IDR picture), nal_ref_idc: 1
    Last message repeated 4 times
[Parsed_fps_0 @ 0x7fb3e0001980] Read frame with in pts 29275, out pts 1171
[Parsed_fps_0 @ 0x7fb3e0001980] Writing frame with pts 1170 to pts 1170
bench:        1 user        0 sys        1 real decode_video 0:1 
bench:        0 user        0 sys        0 real decode_video 0:1 
[h264 @ 0x5569477d9300] nal_unit_type: 6(SEI), nal_ref_idc: 0
[h264 @ 0x5569477d9300] nal_unit_type: 1(Coded slice of a non-IDR picture), nal_ref_idc: 1
    Last message repeated 4 times
[Parsed_fps_0 @ 0x7fb3e0001980] Read frame with in pts 29300, out pts 1172
[Parsed_fps_0 @ 0x7fb3e0001980] Writing frame with pts 1171 to pts 1171
bench:        1 user        0 sys        1 real decode_video 0:1 
bench:        0 user        0 sys        1 real decode_video 0:1 
[h264 @ 0x5569477d9300] nal_unit_type: 6(SEI), nal_ref_idc: 0
[h264 @ 0x5569477d9300] nal_unit_type: 1(Coded slice of a non-IDR picture), nal_ref_idc: 1
    Last message repeated 4 times
[Parsed_fps_0 @ 0x7fb3e0001980] Read frame with in pts 29325, out pts 1173
[Parsed_fps_0 @ 0x7fb3e0001980] Writing frame with pts 1172 to pts 1172
bench:        1 user        0 sys        4 real decode_video 0:1 
bench:        1 user        0 sys        0 real decode_video 0:1 
[h264 @ 0x5569477d9300] nal_unit_type: 6(SEI), nal_ref_idc: 0
[h264 @ 0x5569477d9300] nal_unit_type: 1(Coded slice of a non-IDR picture), nal_ref_idc: 1
    Last message repeated 4 times
[Parsed_fps_0 @ 0x7fb3e0001980] Read frame with in pts 29350, out pts 1174
[Parsed_fps_0 @ 0x7fb3e0001980] Writing frame with pts 1173 to pts 1173
bench:        2 user        0 sys        4 real decode_video 0:1 
bench:        1 user        0 sys        1 real decode_video 0:1 
[h264 @ 0x5569477d9300] nal_unit_type: 6(SEI), nal_ref_idc: 0
[h264 @ 0x5569477d9300] nal_unit_type: 1(Coded slice of a non-IDR picture), nal_ref_idc: 1
    Last message repeated 4 times
[Parsed_fps_0 @ 0x7fb3e0001980] Read frame with in pts 29375, out pts 1175
[Parsed_fps_0 @ 0x7fb3e0001980] Writing frame with pts 1174 to pts 1174
bench:        3 user        0 sys        5 real decode_video 0:1 
bench:        2 user        0 sys        2 real decode_video 0:1 
[h264 @ 0x5569477d9300] nal_unit_type: 6(SEI), nal_ref_idc: 0
[h264 @ 0x5569477d9300] nal_unit_type: 1(Coded slice of a non-IDR picture), nal_ref_idc: 1
    Last message repeated 4 times
[Parsed_fps_0 @ 0x7fb3e0001980] Read frame with in pts 29400, out pts 1176
[Parsed_fps_0 @ 0x7fb3e0001980] Writing frame with pts 1175 to pts 1175
bench:        2 user        0 sys        4 real decode_video 0:1 
bench:        1 user        0 sys        1 real decode_video 0:1 
[Parsed_fps_0 @ 0x7fb3e0001980] Read frame with in pts 29425, out pts 1177
[h264 @ 0x5569477d9300] nal_unit_type: 6(SEI), nal_ref_idc: 0
[h264 @ 0x5569477d9300] nal_unit_type: 1(Coded slice of a non-IDR picture), nal_ref_idc: 1
    Last message repeated 4 times
[Parsed_fps_0 @ 0x7fb3e0001980] Writing frame with pts 1176 to pts 1176
bench:        2 user        0 sys        2 real decode_video 0:1 
bench:        1 user        0 sys        1 real decode_video 0:1 
[Parsed_fps_0 @ 0x7fb3e0001980] Read frame with in pts 29450, out pts 1178
[Parsed_fps_0 @ 0x7fb3e0001980] Writing frame with pts 1177 to pts 1177
[h264 @ 0x5569477d9300] nal_unit_type: 6(SEI), nal_ref_idc: 0
[h264 @ 0x5569477d9300] nal_unit_type: 1(Coded slice of a non-IDR picture), nal_ref_idc: 1
    Last message repeated 4 times
bench:        1 user        0 sys        1 real decode_video 0:1 
bench:        0 user        0 sys        0 real decode_video 0:1 
[h264 @ 0x5569477d9300] nal_unit_type: 6(SEI), nal_ref_idc: 0
[h264 @ 0x5569477d9300] nal_unit_type: 1(Coded slice of a non-IDR picture), nal_ref_idc: 1
    Last message repeated 4 times
[Parsed_fps_0 @ 0x7fb3e0001980] Read frame with in pts 29475, out pts 1179
[Parsed_fps_0 @ 0x7fb3e0001980] Writing frame with pts 1178 to pts 1178
bench:        1 user        0 sys        1 real decode_video 0:1 
    Last message repeated 1 times
[h264 @ 0x5569477d9300] nal_unit_type: 6(SEI), nal_ref_idc: 0
[h264 @ 0x5569477d9300] nal_unit_type: 1(Coded slice of a non-IDR picture), nal_ref_idc: 1
    Last message repeated 4 times
[Parsed_fps_0 @ 0x7fb3e0001980] Read frame with in pts 29500, out pts 1180
[Parsed_fps_0 @ 0x7fb3e0001980] Writing frame with pts 1179 to pts 1179
bench:        1 user        0 sys        1 real decode_video 0:1 
    Last message repeated 1 times
[h264 @ 0x5569477d9300] nal_unit_type: 6(SEI), nal_ref_idc: 0
[h264 @ 0x5569477d9300] nal_unit_type: 1(Coded slice of a non-IDR picture), nal_ref_idc: 1
[Parsed_fps_0 @ 0x7fb3e0001980] Read frame with in pts 29525, out pts 1181
[Parsed_fps_0 @ 0x7fb3e0001980] Writing frame with pts 1180 to pts 1180
[h264 @ 0x5569477d9300] nal_unit_type: 1(Coded slice of a non-IDR picture), nal_ref_idc: 1
    Last message repeated 3 times
bench:        1 user        0 sys        1 real decode_video 0:1 
    Last message repeated 1 times
[h264 @ 0x5569477d9300] nal_unit_type: 6(SEI), nal_ref_idc: 0
[h264 @ 0x5569477d9300] nal_unit_type: 1(Coded slice of a non-IDR picture), nal_ref_idc: 1
    Last message repeated 4 times
[Parsed_fps_0 @ 0x7fb3e0001980] Read frame with in pts 29550, out pts 1182
[Parsed_fps_0 @ 0x7fb3e0001980] Writing frame with pts 1181 to pts 1181
bench:        3 user        0 sys        4 real decode_video 0:1 
bench:        1 user        0 sys        1 real decode_video 0:1 
[h264 @ 0x5569477d9300] nal_unit_type: 6(SEI), nal_ref_idc: 0
[Parsed_fps_0 @ 0x7fb3e0001980] Read frame with in pts 29575, out pts 1183
[Parsed_fps_0 @ 0x7fb3e0001980] Writing frame with pts 1182 to pts 1182
[h264 @ 0x5569477d9300] nal_unit_type: 1(Coded slice of a non-IDR picture), nal_ref_idc: 1
    Last message repeated 4 times
bench:        2 user        0 sys        4 real decode_video 0:1 
bench:        1 user        0 sys        1 real decode_video 0:1 
[h264 @ 0x5569477d9300] nal_unit_type: 6(SEI), nal_ref_idc: 0
[h264 @ 0x5569477d9300] nal_unit_type: 1(Coded slice of a non-IDR picture), nal_ref_idc: 1
    Last message repeated 4 times
[Parsed_fps_0 @ 0x7fb3e0001980] Read frame with in pts 29600, out pts 1184
[Parsed_fps_0 @ 0x7fb3e0001980] Writing frame with pts 1183 to pts 1183
bench:        2 user        0 sys        4 real decode_video 0:1 
bench:        1 user        0 sys        1 real decode_video 0:1 
[h264 @ 0x5569477d9300] nal_unit_type: 6(SEI), nal_ref_idc: 0
[h264 @ 0x5569477d9300] nal_unit_type: 1(Coded slice of a non-IDR picture), nal_ref_idc: 1
    Last message repeated 4 times
[Parsed_fps_0 @ 0x7fb3e0001980] Read frame with in pts 29625, out pts 1185
[Parsed_fps_0 @ 0x7fb3e0001980] Writing frame with pts 1184 to pts 1184
bench:        0 user        0 sys        1 real decode_video 0:1 
bench:        1 user        0 sys        1 real decode_video 0:1 
[h264 @ 0x5569477d9300] nal_unit_type: 6(SEI), nal_ref_idc: 0
[h264 @ 0x5569477d9300] nal_unit_type: 1(Coded slice of a non-IDR picture), nal_ref_idc: 1
    Last message repeated 4 times
[Parsed_fps_0 @ 0x7fb3e0001980] Read frame with in pts 29650, out pts 1186
[Parsed_fps_0 @ 0x7fb3e0001980] Writing frame with pts 1185 to pts 1185
bench:        1 user        0 sys        2 real decode_video 0:1 
bench:        1 user        0 sys        1 real decode_video 0:1 
[h264 @ 0x5569477d9300] nal_unit_type: 6(SEI), nal_ref_idc: 0
[h264 @ 0x5569477d9300] nal_unit_type: 1(Coded slice of a non-IDR picture), nal_ref_idc: 1
    Last message repeated 4 times
[Parsed_fps_0 @ 0x7fb3e0001980] Read frame with in pts 29675, out pts 1187
[Parsed_fps_0 @ 0x7fb3e0001980] Writing frame with pts 1186 to pts 1186
bench:        1 user        0 sys        2 real decode_video 0:1 
bench:        1 user        0 sys        1 real decode_video 0:1 
[h264 @ 0x5569477d9300] nal_unit_type: 6(SEI), nal_ref_idc: 0
[h264 @ 0x5569477d9300] nal_unit_type: 1(Coded slice of a non-IDR picture), nal_ref_idc: 1
    Last message repeated 4 times
[Parsed_fps_0 @ 0x7fb3e0001980] Read frame with in pts 29700, out pts 1188
[Parsed_fps_0 @ 0x7fb3e0001980] Writing frame with pts 1187 to pts 1187
bench:        1 user        0 sys        1 real decode_video 0:1 
bench:        1 user        0 sys        0 real decode_video 0:1 
[h264 @ 0x5569477d9300] nal_unit_type: 6(SEI), nal_ref_idc: 0
[h264 @ 0x5569477d9300] nal_unit_type: 1(Coded slice of a non-IDR picture), nal_ref_idc: 1
    Last message repeated 4 times
[Parsed_fps_0 @ 0x7fb3e0001980] Read frame with in pts 29725, out pts 1189
[Parsed_fps_0 @ 0x7fb3e0001980] Writing frame with pts 1188 to pts 1188
bench:        1 user        0 sys        2 real decode_video 0:1 
bench:        0 user        0 sys        1 real decode_video 0:1 
[h264 @ 0x5569477d9300] nal_unit_type: 6(SEI), nal_ref_idc: 0
[h264 @ 0x5569477d9300] nal_unit_type: 1(Coded slice of a non-IDR picture), nal_ref_idc: 1
    Last message repeated 4 times
[Parsed_fps_0 @ 0x7fb3e0001980] Read frame with in pts 29750, out pts 1190
[Parsed_fps_0 @ 0x7fb3e0001980] Writing frame with pts 1189 to pts 1189
bench:        0 user        0 sys        1 real decode_video 0:1 
    Last message repeated 1 times
[h264 @ 0x5569477d9300] nal_unit_type: 6(SEI), nal_ref_idc: 0
[h264 @ 0x5569477d9300] nal_unit_type: 1(Coded slice of a non-IDR picture), nal_ref_idc: 1
    Last message repeated 4 times
[Parsed_fps_0 @ 0x7fb3e0001980] Read frame with in pts 29775, out pts 1191
[Parsed_fps_0 @ 0x7fb3e0001980] Writing frame with pts 1190 to pts 1190
bench:        2 user        0 sys        4 real decode_video 0:1 
bench:        0 user        0 sys        1 real decode_video 0:1 
[h264 @ 0x5569477d9300] nal_unit_type: 6(SEI), nal_ref_idc: 0
[h264 @ 0x5569477d9300] nal_unit_type: 1(Coded slice of a non-IDR picture), nal_ref_idc: 1
    Last message repeated 4 times
[Parsed_fps_0 @ 0x7fb3e0001980] Read frame with in pts 29800, out pts 1192
[Parsed_fps_0 @ 0x7fb3e0001980] Writing frame with pts 1191 to pts 1191
bench:        1 user        0 sys        4 real decode_video 0:1 
bench:        1 user        0 sys        1 real decode_video 0:1 
[h264 @ 0x5569477d9300] nal_unit_type: 6(SEI), nal_ref_idc: 0
[h264 @ 0x5569477d9300] nal_unit_type: 1(Coded slice of a non-IDR picture), nal_ref_idc: 1
    Last message repeated 4 times
[Parsed_fps_0 @ 0x7fb3e0001980] Read frame with in pts 29825, out pts 1193
[Parsed_fps_0 @ 0x7fb3e0001980] Writing frame with pts 1192 to pts 1192
bench:        2 user        0 sys        4 real decode_video 0:1 
bench:        1 user        0 sys        0 real decode_video 0:1 
[h264 @ 0x5569477d9300] nal_unit_type: 6(SEI), nal_ref_idc: 0
[h264 @ 0x5569477d9300] nal_unit_type: 1(Coded slice of a non-IDR picture), nal_ref_idc: 1
    Last message repeated 4 times
[Parsed_fps_0 @ 0x7fb3e0001980] Read frame with in pts 29850, out pts 1194
[Parsed_fps_0 @ 0x7fb3e0001980] Writing frame with pts 1193 to pts 1193
bench:        1 user        0 sys        1 real decode_video 0:1 
bench:        1 user        0 sys        2 real decode_video 0:1 
[h264 @ 0x5569477d9300] nal_unit_type: 6(SEI), nal_ref_idc: 0
[h264 @ 0x5569477d9300] nal_unit_type: 1(Coded slice of a non-IDR picture), nal_ref_idc: 1
    Last message repeated 4 times
[Parsed_fps_0 @ 0x7fb3e0001980] Read frame with in pts 29875, out pts 1195
[Parsed_fps_0 @ 0x7fb3e0001980] Writing frame with pts 1194 to pts 1194
bench:        1 user        0 sys        1 real decode_video 0:1 
    Last message repeated 1 times
[h264 @ 0x5569477d9300] nal_unit_type: 6(SEI), nal_ref_idc: 0
[Parsed_fps_0 @ 0x7fb3e0001980] Read frame with in pts 29900, out pts 1196
[Parsed_fps_0 @ 0x7fb3e0001980] Writing frame with pts 1195 to pts 1195
[h264 @ 0x5569477d9300] nal_unit_type: 1(Coded slice of a non-IDR picture), nal_ref_idc: 1
    Last message repeated 4 times
bench:        1 user        0 sys        1 real decode_video 0:1 
bench:        0 user        0 sys        1 real decode_video 0:1 
[h264 @ 0x5569477d9300] nal_unit_type: 6(SEI), nal_ref_idc: 0
[h264 @ 0x5569477d9300] nal_unit_type: 1(Coded slice of a non-IDR picture), nal_ref_idc: 1
    Last message repeated 4 times
[Parsed_fps_0 @ 0x7fb3e0001980] Read frame with in pts 29925, out pts 1197
[Parsed_fps_0 @ 0x7fb3e0001980] Writing frame with pts 1196 to pts 1196
bench:        1 user        0 sys        2 real decode_video 0:1 
bench:        0 user        0 sys        1 real decode_video 0:1 
[h264 @ 0x5569477d9300] nal_unit_type: 6(SEI), nal_ref_idc: 0
[h264 @ 0x5569477d9300] nal_unit_type: 1(Coded slice of a non-IDR picture), nal_ref_idc: 1
    Last message repeated 4 times
[Parsed_fps_0 @ 0x7fb3e0001980] Read frame with in pts 29950, out pts 1198
[Parsed_fps_0 @ 0x7fb3e0001980] Writing frame with pts 1197 to pts 1197
bench:        1 user        0 sys        2 real decode_video 0:1 
bench:        1 user        0 sys        1 real decode_video 0:1 
[h264 @ 0x5569477d9300] nal_unit_type: 6(SEI), nal_ref_idc: 0
[h264 @ 0x5569477d9300] nal_unit_type: 1(Coded slice of a non-IDR picture), nal_ref_idc: 1
    Last message repeated 4 times
[Parsed_fps_0 @ 0x7fb3e0001980] Read frame with in pts 29975, out pts 1199
[Parsed_fps_0 @ 0x7fb3e0001980] Writing frame with pts 1198 to pts 1198
bench:        1 user        0 sys        4 real decode_video 0:1 
bench:        1 user        0 sys        1 real decode_video 0:1 
[h264 @ 0x5569477d9300] nal_unit_type: 6(SEI), nal_ref_idc: 0
[h264 @ 0x5569477d9300] nal_unit_type: 1(Coded slice of a non-IDR picture), nal_ref_idc: 1
    Last message repeated 4 times
[Parsed_fps_0 @ 0x7fb3e0001980] Read frame with in pts 30000, out pts 1200
[Parsed_fps_0 @ 0x7fb3e0001980] Writing frame with pts 1199 to pts 1199
bench:        1 user        0 sys        1 real decode_video 0:1 
    Last message repeated 1 times
[h264 @ 0x5569477d9300] nal_unit_type: 6(SEI), nal_ref_idc: 0
[h264 @ 0x5569477d9300] nal_unit_type: 1(Coded slice of a non-IDR picture), nal_ref_idc: 1
    Last message repeated 4 times
[Parsed_fps_0 @ 0x7fb3e0001980] Read frame with in pts 30025, out pts 1201
[Parsed_fps_0 @ 0x7fb3e0001980] Writing frame with pts 1200 to pts 1200
bench:        0 user        0 sys        1 real decode_video 0:1 
    Last message repeated 1 times
[h264 @ 0x5569477d9300] nal_unit_type: 6(SEI), nal_ref_idc: 0
[h264 @ 0x5569477d9300] nal_unit_type: 1(Coded slice of a non-IDR picture), nal_ref_idc: 1
    Last message repeated 4 times
[Parsed_fps_0 @ 0x7fb3e0001980] Read frame with in pts 30050, out pts 1202
[Parsed_fps_0 @ 0x7fb3e0001980] Writing frame with pts 1201 to pts 1201
bench:        1 user        0 sys        2 real decode_video 0:1 
bench:        1 user        0 sys        1 real decode_video 0:1 
[h264 @ 0x5569477d9300] nal_unit_type: 6(SEI), nal_ref_idc: 0
[h264 @ 0x5569477d9300] nal_unit_type: 1(Coded slice of a non-IDR picture), nal_ref_idc: 1
    Last message repeated 4 times
[Parsed_fps_0 @ 0x7fb3e0001980] Read frame with in pts 30075, out pts 1203
[Parsed_fps_0 @ 0x7fb3e0001980] Writing frame with pts 1202 to pts 1202
bench:        1 user        0 sys        2 real decode_video 0:1 
bench:        1 user        0 sys        1 real decode_video 0:1 
[h264 @ 0x5569477d9300] nal_unit_type: 6(SEI), nal_ref_idc: 0
[h264 @ 0x5569477d9300] nal_unit_type: 1(Coded slice of a non-IDR picture), nal_ref_idc: 1
    Last message repeated 4 times
[Parsed_fps_0 @ 0x7fb3e0001980] Read frame with in pts 30100, out pts 1204
[Parsed_fps_0 @ 0x7fb3e0001980] Writing frame with pts 1203 to pts 1203
bench:        1 user        0 sys        2 real decode_video 0:1 
bench:        1 user        0 sys        1 real decode_video 0:1 
[h264 @ 0x5569477d9300] nal_unit_type: 6(SEI), nal_ref_idc: 0
[h264 @ 0x5569477d9300] nal_unit_type: 1(Coded slice of a non-IDR picture), nal_ref_idc: 1
    Last message repeated 4 times
[Parsed_fps_0 @ 0x7fb3e0001980] Read frame with in pts 30125, out pts 1205
[Parsed_fps_0 @ 0x7fb3e0001980] Writing frame with pts 1204 to pts 1204
bench:        1 user        0 sys        1 real decode_video 0:1 
bench:        0 user        0 sys        1 real decode_video 0:1 
[h264 @ 0x5569477d9300] nal_unit_type: 6(SEI), nal_ref_idc: 0
[h264 @ 0x5569477d9300] nal_unit_type: 1(Coded slice of a non-IDR picture), nal_ref_idc: 1
    Last message repeated 4 times
[Parsed_fps_0 @ 0x7fb3e0001980] Read frame with in pts 30150, out pts 1206
[Parsed_fps_0 @ 0x7fb3e0001980] Writing frame with pts 1205 to pts 1205
bench:        2 user        0 sys        1 real decode_video 0:1 
bench:        1 user        0 sys        1 real decode_video 0:1 
[h264 @ 0x5569477d9300] nal_unit_type: 6(SEI), nal_ref_idc: 0
[h264 @ 0x5569477d9300] nal_unit_type: 1(Coded slice of a non-IDR picture), nal_ref_idc: 1
    Last message repeated 4 times
[Parsed_fps_0 @ 0x7fb3e0001980] Read frame with in pts 30175, out pts 1207
[Parsed_fps_0 @ 0x7fb3e0001980] Writing frame with pts 1206 to pts 1206
bench:        0 user        0 sys        1 real decode_video 0:1 
bench:        0 user        0 sys        0 real decode_video 0:1 
[h264 @ 0x5569477d9300] nal_unit_type: 6(SEI), nal_ref_idc: 0
[h264 @ 0x5569477d9300] nal_unit_type: 1(Coded slice of a non-IDR picture), nal_ref_idc: 1
    Last message repeated 4 times
[Parsed_fps_0 @ 0x7fb3e0001980] Read frame with in pts 30200, out pts 1208
[Parsed_fps_0 @ 0x7fb3e0001980] Writing frame with pts 1207 to pts 1207
bench:        1 user        0 sys        3 real decode_video 0:1 
bench:        1 user        0 sys        1 real decode_video 0:1 
[h264 @ 0x5569477d9300] nal_unit_type: 6(SEI), nal_ref_idc: 0
[h264 @ 0x5569477d9300] nal_unit_type: 1(Coded slice of a non-IDR picture), nal_ref_idc: 1
    Last message repeated 4 times
[Parsed_fps_0 @ 0x7fb3e0001980] Read frame with in pts 30225, out pts 1209
[Parsed_fps_0 @ 0x7fb3e0001980] Writing frame with pts 1208 to pts 1208
bench:        0 user        0 sys        1 real decode_video 0:1 
bench:        1 user        0 sys        0 real decode_video 0:1 
[h264 @ 0x5569477d9300] nal_unit_type: 6(SEI), nal_ref_idc: 0
[h264 @ 0x5569477d9300] nal_unit_type: 1(Coded slice of a non-IDR picture), nal_ref_idc: 1
    Last message repeated 4 times
[Parsed_fps_0 @ 0x7fb3e0001980] Read frame with in pts 30250, out pts 1210
[Parsed_fps_0 @ 0x7fb3e0001980] Writing frame with pts 1209 to pts 1209
bench:        1 user        0 sys        1 real decode_video 0:1 
bench:        0 user        0 sys        0 real decode_video 0:1 
[h264 @ 0x5569477d9300] nal_unit_type: 6(SEI), nal_ref_idc: 0
[h264 @ 0x5569477d9300] nal_unit_type: 1(Coded slice of a non-IDR picture), nal_ref_idc: 1
    Last message repeated 4 times
[Parsed_fps_0 @ 0x7fb3e0001980] Read frame with in pts 30275, out pts 1211
[Parsed_fps_0 @ 0x7fb3e0001980] Writing frame with pts 1210 to pts 1210
bench:        1 user        0 sys        1 real decode_video 0:1 
bench:        0 user        0 sys        1 real decode_video 0:1 
[h264 @ 0x5569477d9300] nal_unit_type: 6(SEI), nal_ref_idc: 0
[h264 @ 0x5569477d9300] nal_unit_type: 1(Coded slice of a non-IDR picture), nal_ref_idc: 1
    Last message repeated 4 times
[Parsed_fps_0 @ 0x7fb3e0001980] Read frame with in pts 30300, out pts 1212
[Parsed_fps_0 @ 0x7fb3e0001980] Writing frame with pts 1211 to pts 1211
bench:        1 user        0 sys        2 real decode_video 0:1 
bench:        0 user        0 sys        1 real decode_video 0:1 
[h264 @ 0x5569477d9300] nal_unit_type: 6(SEI), nal_ref_idc: 0
[h264 @ 0x5569477d9300] nal_unit_type: 1(Coded slice of a non-IDR picture), nal_ref_idc: 1
    Last message repeated 4 times
[Parsed_fps_0 @ 0x7fb3e0001980] Read frame with in pts 30325, out pts 1213
[Parsed_fps_0 @ 0x7fb3e0001980] Writing frame with pts 1212 to pts 1212
bench:        1 user        0 sys        1 real decode_video 0:1 
    Last message repeated 1 times
[h264 @ 0x5569477d9300] nal_unit_type: 6(SEI), nal_ref_idc: 0
[h264 @ 0x5569477d9300] nal_unit_type: 1(Coded slice of a non-IDR picture), nal_ref_idc: 1
    Last message repeated 2 times
[Parsed_fps_0 @ 0x7fb3e0001980] Read frame with in pts 30350, out pts 1214
[Parsed_fps_0 @ 0x7fb3e0001980] Writing frame with pts 1213 to pts 1213
[h264 @ 0x5569477d9300] nal_unit_type: 1(Coded slice of a non-IDR picture), nal_ref_idc: 1
    Last message repeated 1 times
bench:        1 user        0 sys        2 real decode_video 0:1 
bench:        1 user        0 sys        0 real decode_video 0:1 
[h264 @ 0x5569477d9300] nal_unit_type: 6(SEI), nal_ref_idc: 0
[h264 @ 0x5569477d9300] nal_unit_type: 5(IDR), nal_ref_idc: 1
    Last message repeated 2 times
[Parsed_fps_0 @ 0x7fb3e0001980] Read frame with in pts 30375, out pts 1215
[Parsed_fps_0 @ 0x7fb3e0001980] Writing frame with pts 1214 to pts 1214
[h264 @ 0x5569477d9300] nal_unit_type: 5(IDR), nal_ref_idc: 1
    Last message repeated 1 times
bench:        2 user        0 sys        4 real decode_video 0:1 
bench:        0 user        0 sys        1 real decode_video 0:1 
[h264 @ 0x5569477d9300] nal_unit_type: 6(SEI), nal_ref_idc: 0
[h264 @ 0x5569477d9300] nal_unit_type: 1(Coded slice of a non-IDR picture), nal_ref_idc: 1
    Last message repeated 4 times
[Parsed_fps_0 @ 0x7fb3e0001980] Read frame with in pts 30400, out pts 1216
[Parsed_fps_0 @ 0x7fb3e0001980] Writing frame with pts 1215 to pts 1215
bench:        1 user        0 sys        1 real decode_video 0:1 
bench:        0 user        0 sys        0 real decode_video 0:1 
[h264 @ 0x5569477d9300] nal_unit_type: 6(SEI), nal_ref_idc: 0
[h264 @ 0x5569477d9300] nal_unit_type: 1(Coded slice of a non-IDR picture), nal_ref_idc: 1
    Last message repeated 4 times
[Parsed_fps_0 @ 0x7fb3e0001980] Read frame with in pts 30425, out pts 1217
[Parsed_fps_0 @ 0x7fb3e0001980] Writing frame with pts 1216 to pts 1216
bench:        1 user        0 sys        2 real decode_video 0:1 
bench:        0 user        0 sys        0 real decode_video 0:1 
[h264 @ 0x5569477d9300] nal_unit_type: 6(SEI), nal_ref_idc: 0
[h264 @ 0x5569477d9300] nal_unit_type: 1(Coded slice of a non-IDR picture), nal_ref_idc: 1
    Last message repeated 4 times
[Parsed_fps_0 @ 0x7fb3e0001980] Read frame with in pts 30450, out pts 1218
[Parsed_fps_0 @ 0x7fb3e0001980] Writing frame with pts 1217 to pts 1217
bench:        1 user        0 sys        1 real decode_video 0:1 
bench:        1 user        0 sys        0 real decode_video 0:1 
[h264 @ 0x5569477d9300] nal_unit_type: 6(SEI), nal_ref_idc: 0
[h264 @ 0x5569477d9300] nal_unit_type: 1(Coded slice of a non-IDR picture), nal_ref_idc: 1
    Last message repeated 4 times
[Parsed_fps_0 @ 0x7fb3e0001980] Read frame with in pts 30475, out pts 1219
[Parsed_fps_0 @ 0x7fb3e0001980] Writing frame with pts 1218 to pts 1218
bench:        1 user        0 sys        1 real decode_video 0:1 
bench:        1 user        0 sys        0 real decode_video 0:1 
[h264 @ 0x5569477d9300] nal_unit_type: 6(SEI), nal_ref_idc: 0
[h264 @ 0x5569477d9300] nal_unit_type: 1(Coded slice of a non-IDR picture), nal_ref_idc: 1
    Last message repeated 4 times
[Parsed_fps_0 @ 0x7fb3e0001980] Read frame with in pts 30500, out pts 1220
[Parsed_fps_0 @ 0x7fb3e0001980] Writing frame with pts 1219 to pts 1219
bench:        1 user        0 sys        2 real decode_video 0:1 
bench:        0 user        0 sys        0 real decode_video 0:1 
[h264 @ 0x5569477d9300] nal_unit_type: 6(SEI), nal_ref_idc: 0
[h264 @ 0x5569477d9300] nal_unit_type: 1(Coded slice of a non-IDR picture), nal_ref_idc: 1
    Last message repeated 4 times
[Parsed_fps_0 @ 0x7fb3e0001980] Read frame with in pts 30525, out pts 1221
[Parsed_fps_0 @ 0x7fb3e0001980] Writing frame with pts 1220 to pts 1220
bench:        1 user        0 sys        1 real decode_video 0:1 
bench:        0 user        0 sys        0 real decode_video 0:1 
[h264 @ 0x5569477d9300] nal_unit_type: 6(SEI), nal_ref_idc: 0
[h264 @ 0x5569477d9300] nal_unit_type: 1(Coded slice of a non-IDR picture), nal_ref_idc: 1
    Last message repeated 4 times
[Parsed_fps_0 @ 0x7fb3e0001980] Read frame with in pts 30550, out pts 1222
[Parsed_fps_0 @ 0x7fb3e0001980] Writing frame with pts 1221 to pts 1221
bench:        2 user        0 sys        4 real decode_video 0:1 
bench:        1 user        0 sys        1 real decode_video 0:1 
[h264 @ 0x5569477d9300] nal_unit_type: 6(SEI), nal_ref_idc: 0
[h264 @ 0x5569477d9300] nal_unit_type: 1(Coded slice of a non-IDR picture), nal_ref_idc: 1
    Last message repeated 4 times
[Parsed_fps_0 @ 0x7fb3e0001980] Read frame with in pts 30575, out pts 1223
[Parsed_fps_0 @ 0x7fb3e0001980] Writing frame with pts 1222 to pts 1222
bench:        2 user        0 sys        4 real decode_video 0:1 
bench:        1 user        0 sys        1 real decode_video 0:1 
[h264 @ 0x5569477d9300] nal_unit_type: 6(SEI), nal_ref_idc: 0
[h264 @ 0x5569477d9300] nal_unit_type: 1(Coded slice of a non-IDR picture), nal_ref_idc: 1
    Last message repeated 4 times
[Parsed_fps_0 @ 0x7fb3e0001980] Read frame with in pts 30600, out pts 1224
[Parsed_fps_0 @ 0x7fb3e0001980] Writing frame with pts 1223 to pts 1223
bench:        1 user        0 sys        1 real decode_video 0:1 
bench:        0 user        0 sys        0 real decode_video 0:1 
[h264 @ 0x5569477d9300] nal_unit_type: 6(SEI), nal_ref_idc: 0
[h264 @ 0x5569477d9300] nal_unit_type: 1(Coded slice of a non-IDR picture), nal_ref_idc: 1
    Last message repeated 4 times
[Parsed_fps_0 @ 0x7fb3e0001980] Read frame with in pts 30625, out pts 1225
[Parsed_fps_0 @ 0x7fb3e0001980] Writing frame with pts 1224 to pts 1224
bench:        1 user        0 sys        2 real decode_video 0:1 
bench:        1 user        0 sys        1 real decode_video 0:1 
[h264 @ 0x5569477d9300] nal_unit_type: 6(SEI), nal_ref_idc: 0
[h264 @ 0x5569477d9300] nal_unit_type: 1(Coded slice of a non-IDR picture), nal_ref_idc: 1
    Last message repeated 4 times
[Parsed_fps_0 @ 0x7fb3e0001980] Read frame with in pts 30650, out pts 1226
[Parsed_fps_0 @ 0x7fb3e0001980] Writing frame with pts 1225 to pts 1225
bench:        1 user        0 sys        1 real decode_video 0:1 
bench:        0 user        0 sys        1 real decode_video 0:1 
[h264 @ 0x5569477d9300] nal_unit_type: 6(SEI), nal_ref_idc: 0
[h264 @ 0x5569477d9300] nal_unit_type: 1(Coded slice of a non-IDR picture), nal_ref_idc: 1
    Last message repeated 4 times
[Parsed_fps_0 @ 0x7fb3e0001980] Read frame with in pts 30675, out pts 1227
[Parsed_fps_0 @ 0x7fb3e0001980] Writing frame with pts 1226 to pts 1226
bench:        1 user        0 sys        4 real decode_video 0:1 
bench:        1 user        0 sys        1 real decode_video 0:1 
[h264 @ 0x5569477d9300] nal_unit_type: 6(SEI), nal_ref_idc: 0
[h264 @ 0x5569477d9300] nal_unit_type: 1(Coded slice of a non-IDR picture), nal_ref_idc: 1
    Last message repeated 4 times
[Parsed_fps_0 @ 0x7fb3e0001980] Read frame with in pts 30700, out pts 1228
[Parsed_fps_0 @ 0x7fb3e0001980] Writing frame with pts 1227 to pts 1227
bench:        1 user        0 sys        4 real decode_video 0:1 
bench:        1 user        0 sys        1 real decode_video 0:1 
[h264 @ 0x5569477d9300] nal_unit_type: 6(SEI), nal_ref_idc: 0
[h264 @ 0x5569477d9300] nal_unit_type: 1(Coded slice of a non-IDR picture), nal_ref_idc: 1
    Last message repeated 4 times
[Parsed_fps_0 @ 0x7fb3e0001980] Read frame with in pts 30725, out pts 1229
[Parsed_fps_0 @ 0x7fb3e0001980] Writing frame with pts 1228 to pts 1228
bench:        0 user        0 sys        1 real decode_video 0:1 
bench:        1 user        0 sys        1 real decode_video 0:1 
[h264 @ 0x5569477d9300] nal_unit_type: 6(SEI), nal_ref_idc: 0
[h264 @ 0x5569477d9300] nal_unit_type: 1(Coded slice of a non-IDR picture), nal_ref_idc: 1
    Last message repeated 4 times
[Parsed_fps_0 @ 0x7fb3e0001980] Read frame with in pts 30750, out pts 1230
[Parsed_fps_0 @ 0x7fb3e0001980] Writing frame with pts 1229 to pts 1229
bench:        2 user        0 sys        2 real decode_video 0:1 
bench:        1 user        0 sys        1 real decode_video 0:1 
[h264 @ 0x5569477d9300] nal_unit_type: 6(SEI), nal_ref_idc: 0
[h264 @ 0x5569477d9300] nal_unit_type: 1(Coded slice of a non-IDR picture), nal_ref_idc: 1
    Last message repeated 4 times
[Parsed_fps_0 @ 0x7fb3e0001980] Read frame with in pts 30775, out pts 1231
[Parsed_fps_0 @ 0x7fb3e0001980] Writing frame with pts 1230 to pts 1230
bench:        1 user        0 sys        2 real decode_video 0:1 
bench:        0 user        0 sys        1 real decode_video 0:1 
[h264 @ 0x5569477d9300] nal_unit_type: 6(SEI), nal_ref_idc: 0
[h264 @ 0x5569477d9300] nal_unit_type: 1(Coded slice of a non-IDR picture), nal_ref_idc: 1
    Last message repeated 4 times
[Parsed_fps_0 @ 0x7fb3e0001980] Read frame with in pts 30800, out pts 1232
[Parsed_fps_0 @ 0x7fb3e0001980] Writing frame with pts 1231 to pts 1231
bench:        1 user        0 sys       19 real decode_video 0:1 
bench:        1 user        0 sys        1 real decode_video 0:1 
[h264 @ 0x5569477d9300] nal_unit_type: 6(SEI), nal_ref_idc: 0
[h264 @ 0x5569477d9300] nal_unit_type: 1(Coded slice of a non-IDR picture), nal_ref_idc: 1
    Last message repeated 4 times
[Parsed_fps_0 @ 0x7fb3e0001980] Read frame with in pts 30825, out pts 1233
[Parsed_fps_0 @ 0x7fb3e0001980] Writing frame with pts 1232 to pts 1232
bench:        0 user        0 sys        1 real decode_video 0:1 
bench:        1 user        0 sys        1 real decode_video 0:1 
[h264 @ 0x5569477d9300] nal_unit_type: 6(SEI), nal_ref_idc: 0
[h264 @ 0x5569477d9300] nal_unit_type: 1(Coded slice of a non-IDR picture), nal_ref_idc: 1
    Last message repeated 4 times
[Parsed_fps_0 @ 0x7fb3e0001980] Read frame with in pts 30850, out pts 1234
[Parsed_fps_0 @ 0x7fb3e0001980] Writing frame with pts 1233 to pts 1233
bench:        1 user        0 sys        1 real decode_video 0:1 
bench:        0 user        0 sys        1 real decode_video 0:1 
[h264 @ 0x5569477d9300] nal_unit_type: 6(SEI), nal_ref_idc: 0
[h264 @ 0x5569477d9300] nal_unit_type: 1(Coded slice of a non-IDR picture), nal_ref_idc: 1
    Last message repeated 4 times
[Parsed_fps_0 @ 0x7fb3e0001980] Read frame with in pts 30875, out pts 1235
[Parsed_fps_0 @ 0x7fb3e0001980] Writing frame with pts 1234 to pts 1234
bench:        1 user        0 sys        4 real decode_video 0:1 
bench:        1 user        0 sys        1 real decode_video 0:1 
[h264 @ 0x5569477d9300] nal_unit_type: 6(SEI), nal_ref_idc: 0
[h264 @ 0x5569477d9300] nal_unit_type: 1(Coded slice of a non-IDR picture), nal_ref_idc: 1
    Last message repeated 4 times
[Parsed_fps_0 @ 0x7fb3e0001980] Read frame with in pts 30900, out pts 1236
[Parsed_fps_0 @ 0x7fb3e0001980] Writing frame with pts 1235 to pts 1235
bench:        1 user        0 sys        1 real decode_video 0:1 
bench:        1 user        0 sys        0 real decode_video 0:1 
[h264 @ 0x5569477d9300] nal_unit_type: 6(SEI), nal_ref_idc: 0
[h264 @ 0x5569477d9300] nal_unit_type: 1(Coded slice of a non-IDR picture), nal_ref_idc: 1
    Last message repeated 4 times
[Parsed_fps_0 @ 0x7fb3e0001980] Read frame with in pts 30925, out pts 1237
[Parsed_fps_0 @ 0x7fb3e0001980] Writing frame with pts 1236 to pts 1236
bench:        1 user        0 sys        2 real decode_video 0:1 
bench:        0 user        0 sys        1 real decode_video 0:1 
[h264 @ 0x5569477d9300] nal_unit_type: 6(SEI), nal_ref_idc: 0
[h264 @ 0x5569477d9300] nal_unit_type: 1(Coded slice of a non-IDR picture), nal_ref_idc: 1
    Last message repeated 4 times
[Parsed_fps_0 @ 0x7fb3e0001980] Read frame with in pts 30950, out pts 1238
[Parsed_fps_0 @ 0x7fb3e0001980] Writing frame with pts 1237 to pts 1237
bench:        0 user        0 sys        1 real decode_video 0:1 
    Last message repeated 1 times
[h264 @ 0x5569477d9300] nal_unit_type: 6(SEI), nal_ref_idc: 0
[h264 @ 0x5569477d9300] nal_unit_type: 1(Coded slice of a non-IDR picture), nal_ref_idc: 1
    Last message repeated 4 times
[Parsed_fps_0 @ 0x7fb3e0001980] Read frame with in pts 30975, out pts 1239
[Parsed_fps_0 @ 0x7fb3e0001980] Writing frame with pts 1238 to pts 1238
bench:        2 user        0 sys        2 real decode_video 0:1 
bench:        1 user        0 sys        1 real decode_video 0:1 
[h264 @ 0x5569477d9300] nal_unit_type: 6(SEI), nal_ref_idc: 0
[h264 @ 0x5569477d9300] nal_unit_type: 1(Coded slice of a non-IDR picture), nal_ref_idc: 1
    Last message repeated 4 times
[Parsed_fps_0 @ 0x7fb3e0001980] Read frame with in pts 31000, out pts 1240
[Parsed_fps_0 @ 0x7fb3e0001980] Writing frame with pts 1239 to pts 1239
bench:        1 user        0 sys        1 real decode_video 0:1 
bench:        0 user        0 sys        0 real decode_video 0:1 
[h264 @ 0x5569477d9300] nal_unit_type: 6(SEI), nal_ref_idc: 0
[Parsed_fps_0 @ 0x7fb3e0001980] Read frame with in pts 31025, out pts 1241
[Parsed_fps_0 @ 0x7fb3e0001980] Writing frame with pts 1240 to pts 1240
[h264 @ 0x5569477d9300] nal_unit_type: 1(Coded slice of a non-IDR picture), nal_ref_idc: 1
    Last message repeated 4 times
bench:        1 user        0 sys        1 real decode_video 0:1 
    Last message repeated 1 times
[h264 @ 0x5569477d9300] nal_unit_type: 6(SEI), nal_ref_idc: 0
[h264 @ 0x5569477d9300] nal_unit_type: 1(Coded slice of a non-IDR picture), nal_ref_idc: 1
    Last message repeated 4 times
[Parsed_fps_0 @ 0x7fb3e0001980] Read frame with in pts 31050, out pts 1242
[Parsed_fps_0 @ 0x7fb3e0001980] Writing frame with pts 1241 to pts 1241
bench:        1 user        0 sys        1 real decode_video 0:1 
    Last message repeated 1 times
[h264 @ 0x5569477d9300] nal_unit_type: 6(SEI), nal_ref_idc: 0
[h264 @ 0x5569477d9300] nal_unit_type: 1(Coded slice of a non-IDR picture), nal_ref_idc: 1
    Last message repeated 4 times
[Parsed_fps_0 @ 0x7fb3e0001980] Read frame with in pts 31075, out pts 1243
[Parsed_fps_0 @ 0x7fb3e0001980] Writing frame with pts 1242 to pts 1242
bench:        2 user        0 sys        3 real decode_video 0:1 
bench:        0 user        0 sys        1 real decode_video 0:1 
[h264 @ 0x5569477d9300] nal_unit_type: 6(SEI), nal_ref_idc: 0
[h264 @ 0x5569477d9300] nal_unit_type: 1(Coded slice of a non-IDR picture), nal_ref_idc: 1
    Last message repeated 4 times
[Parsed_fps_0 @ 0x7fb3e0001980] Read frame with in pts 31100, out pts 1244
[Parsed_fps_0 @ 0x7fb3e0001980] Writing frame with pts 1243 to pts 1243
bench:        1 user        0 sys        1 real decode_video 0:1 
    Last message repeated 1 times
[h264 @ 0x5569477d9300] nal_unit_type: 6(SEI), nal_ref_idc: 0
[h264 @ 0x5569477d9300] nal_unit_type: 1(Coded slice of a non-IDR picture), nal_ref_idc: 1
    Last message repeated 4 times
[Parsed_fps_0 @ 0x7fb3e0001980] Read frame with in pts 31125, out pts 1245
[Parsed_fps_0 @ 0x7fb3e0001980] Writing frame with pts 1244 to pts 1244
bench:        1 user        0 sys        1 real decode_video 0:1 
    Last message repeated 1 times
[h264 @ 0x5569477d9300] nal_unit_type: 6(SEI), nal_ref_idc: 0
[h264 @ 0x5569477d9300] nal_unit_type: 1(Coded slice of a non-IDR picture), nal_ref_idc: 1
    Last message repeated 4 times
[Parsed_fps_0 @ 0x7fb3e0001980] Read frame with in pts 31150, out pts 1246
[Parsed_fps_0 @ 0x7fb3e0001980] Writing frame with pts 1245 to pts 1245
bench:        1 user        0 sys        2 real decode_video 0:1 
bench:        0 user        0 sys        0 real decode_video 0:1 
[h264 @ 0x5569477d9300] nal_unit_type: 6(SEI), nal_ref_idc: 0
[h264 @ 0x5569477d9300] nal_unit_type: 1(Coded slice of a non-IDR picture), nal_ref_idc: 1
    Last message repeated 4 times
[Parsed_fps_0 @ 0x7fb3e0001980] Read frame with in pts 31175, out pts 1247
[Parsed_fps_0 @ 0x7fb3e0001980] Writing frame with pts 1246 to pts 1246
bench:        1 user        0 sys        1 real decode_video 0:1 
bench:        0 user        0 sys        1 real decode_video 0:1 
[h264 @ 0x5569477d9300] nal_unit_type: 6(SEI), nal_ref_idc: 0
[h264 @ 0x5569477d9300] nal_unit_type: 1(Coded slice of a non-IDR picture), nal_ref_idc: 1
    Last message repeated 4 times
[Parsed_fps_0 @ 0x7fb3e0001980] Read frame with in pts 31200, out pts 1248
[Parsed_fps_0 @ 0x7fb3e0001980] Writing frame with pts 1247 to pts 1247
bench:        1 user        0 sys        1 real decode_video 0:1 
bench:        0 user        0 sys        1 real decode_video 0:1 
[h264 @ 0x5569477d9300] nal_unit_type: 6(SEI), nal_ref_idc: 0
[h264 @ 0x5569477d9300] nal_unit_type: 1(Coded slice of a non-IDR picture), nal_ref_idc: 1
    Last message repeated 4 times
[Parsed_fps_0 @ 0x7fb3e0001980] Read frame with in pts 31225, out pts 1249
[Parsed_fps_0 @ 0x7fb3e0001980] Writing frame with pts 1248 to pts 1248
bench:        1 user        0 sys        2 real decode_video 0:1 
bench:        1 user        0 sys        0 real decode_video 0:1 
[h264 @ 0x5569477d9300] nal_unit_type: 6(SEI), nal_ref_idc: 0
[h264 @ 0x5569477d9300] nal_unit_type: 1(Coded slice of a non-IDR picture), nal_ref_idc: 1
    Last message repeated 4 times
[Parsed_fps_0 @ 0x7fb3e0001980] Read frame with in pts 31250, out pts 1250
[Parsed_fps_0 @ 0x7fb3e0001980] Writing frame with pts 1249 to pts 1249
bench:        1 user        0 sys        1 real decode_video 0:1 
    Last message repeated 1 times
[h264 @ 0x5569477d9300] nal_unit_type: 6(SEI), nal_ref_idc: 0
[h264 @ 0x5569477d9300] nal_unit_type: 1(Coded slice of a non-IDR picture), nal_ref_idc: 1
    Last message repeated 4 times
[Parsed_fps_0 @ 0x7fb3e0001980] Read frame with in pts 31275, out pts 1251
[Parsed_fps_0 @ 0x7fb3e0001980] Writing frame with pts 1250 to pts 1250
bench:        2 user        0 sys        4 real decode_video 0:1 
bench:        1 user        0 sys        1 real decode_video 0:1 
[h264 @ 0x5569477d9300] nal_unit_type: 6(SEI), nal_ref_idc: 0
[h264 @ 0x5569477d9300] nal_unit_type: 1(Coded slice of a non-IDR picture), nal_ref_idc: 1
    Last message repeated 4 times
[Parsed_fps_0 @ 0x7fb3e0001980] Read frame with in pts 31300, out pts 1252
[Parsed_fps_0 @ 0x7fb3e0001980] Writing frame with pts 1251 to pts 1251
bench:        1 user        0 sys        2 real decode_video 0:1 
bench:        1 user        0 sys        0 real decode_video 0:1 
[h264 @ 0x5569477d9300] nal_unit_type: 6(SEI), nal_ref_idc: 0
[h264 @ 0x5569477d9300] nal_unit_type: 1(Coded slice of a non-IDR picture), nal_ref_idc: 1
    Last message repeated 4 times
[Parsed_fps_0 @ 0x7fb3e0001980] Read frame with in pts 31325, out pts 1253
[Parsed_fps_0 @ 0x7fb3e0001980] Writing frame with pts 1252 to pts 1252
bench:        1 user        0 sys        1 real decode_video 0:1 
bench:        0 user        0 sys        1 real decode_video 0:1 
[h264 @ 0x5569477d9300] nal_unit_type: 6(SEI), nal_ref_idc: 0
[h264 @ 0x5569477d9300] nal_unit_type: 1(Coded slice of a non-IDR picture), nal_ref_idc: 1
    Last message repeated 4 times
[Parsed_fps_0 @ 0x7fb3e0001980] Read frame with in pts 31350, out pts 1254
[Parsed_fps_0 @ 0x7fb3e0001980] Writing frame with pts 1253 to pts 1253
bench:        1 user        0 sys        2 real decode_video 0:1 
    Last message repeated 1 times
[h264 @ 0x5569477d9300] nal_unit_type: 6(SEI), nal_ref_idc: 0
[h264 @ 0x5569477d9300] nal_unit_type: 1(Coded slice of a non-IDR picture), nal_ref_idc: 1
    Last message repeated 4 times
[Parsed_fps_0 @ 0x7fb3e0001980] Read frame with in pts 31375, out pts 1255
[Parsed_fps_0 @ 0x7fb3e0001980] Writing frame with pts 1254 to pts 1254
bench:        1 user        0 sys        1 real decode_video 0:1 
    Last message repeated 1 times
[h264 @ 0x5569477d9300] nal_unit_type: 6(SEI), nal_ref_idc: 0
[h264 @ 0x5569477d9300] nal_unit_type: 1(Coded slice of a non-IDR picture), nal_ref_idc: 1
    Last message repeated 4 times
[Parsed_fps_0 @ 0x7fb3e0001980] Read frame with in pts 31400, out pts 1256
[Parsed_fps_0 @ 0x7fb3e0001980] Writing frame with pts 1255 to pts 1255
bench:        1 user        0 sys        2 real decode_video 0:1 
bench:        0 user        0 sys        0 real decode_video 0:1 
[h264 @ 0x5569477d9300] nal_unit_type: 6(SEI), nal_ref_idc: 0
[h264 @ 0x5569477d9300] nal_unit_type: 1(Coded slice of a non-IDR picture), nal_ref_idc: 1
    Last message repeated 4 times
[Parsed_fps_0 @ 0x7fb3e0001980] Read frame with in pts 31425, out pts 1257
[Parsed_fps_0 @ 0x7fb3e0001980] Writing frame with pts 1256 to pts 1256
bench:        1 user        0 sys        1 real decode_video 0:1 
bench:        1 user        0 sys        0 real decode_video 0:1 
[h264 @ 0x5569477d9300] nal_unit_type: 6(SEI), nal_ref_idc: 0
[h264 @ 0x5569477d9300] nal_unit_type: 1(Coded slice of a non-IDR picture), nal_ref_idc: 1
    Last message repeated 4 times
[Parsed_fps_0 @ 0x7fb3e0001980] Read frame with in pts 31450, out pts 1258
[Parsed_fps_0 @ 0x7fb3e0001980] Writing frame with pts 1257 to pts 1257
bench:        1 user        0 sys        1 real decode_video 0:1 
bench:        0 user        0 sys        0 real decode_video 0:1 
[h264 @ 0x5569477d9300] nal_unit_type: 6(SEI), nal_ref_idc: 0
[h264 @ 0x5569477d9300] nal_unit_type: 1(Coded slice of a non-IDR picture), nal_ref_idc: 1
    Last message repeated 4 times
[Parsed_fps_0 @ 0x7fb3e0001980] Read frame with in pts 31475, out pts 1259
[Parsed_fps_0 @ 0x7fb3e0001980] Writing frame with pts 1258 to pts 1258
bench:        1 user        0 sys        1 real decode_video 0:1 
    Last message repeated 1 times
[h264 @ 0x5569477d9300] nal_unit_type: 6(SEI), nal_ref_idc: 0
[h264 @ 0x5569477d9300] nal_unit_type: 1(Coded slice of a non-IDR picture), nal_ref_idc: 1
    Last message repeated 4 times
[Parsed_fps_0 @ 0x7fb3e0001980] Read frame with in pts 31500, out pts 1260
[Parsed_fps_0 @ 0x7fb3e0001980] Writing frame with pts 1259 to pts 1259
bench:        1 user        0 sys        1 real decode_video 0:1 
bench:        0 user        0 sys        0 real decode_video 0:1 
[h264 @ 0x5569477d9300] nal_unit_type: 6(SEI), nal_ref_idc: 0
[h264 @ 0x5569477d9300] nal_unit_type: 1(Coded slice of a non-IDR picture), nal_ref_idc: 1
    Last message repeated 4 times
[Parsed_fps_0 @ 0x7fb3e0001980] Read frame with in pts 31525, out pts 1261
[Parsed_fps_0 @ 0x7fb3e0001980] Writing frame with pts 1260 to pts 1260
bench:        0 user        0 sys        2 real decode_video 0:1 
bench:        1 user        0 sys        0 real decode_video 0:1 
[h264 @ 0x5569477d9300] nal_unit_type: 6(SEI), nal_ref_idc: 0
[h264 @ 0x5569477d9300] nal_unit_type: 1(Coded slice of a non-IDR picture), nal_ref_idc: 1
    Last message repeated 4 times
[Parsed_fps_0 @ 0x7fb3e0001980] Read frame with in pts 31550, out pts 1262
[Parsed_fps_0 @ 0x7fb3e0001980] Writing frame with pts 1261 to pts 1261
bench:        1 user        0 sys        1 real decode_video 0:1 
    Last message repeated 1 times
[h264 @ 0x5569477d9300] nal_unit_type: 6(SEI), nal_ref_idc: 0
[Parsed_fps_0 @ 0x7fb3e0001980] Read frame with in pts 31575, out pts 1263
[h264 @ 0x5569477d9300] nal_unit_type: 1(Coded slice of a non-IDR picture), nal_ref_idc: 1
    Last message repeated 4 times
[Parsed_fps_0 @ 0x7fb3e0001980] Writing frame with pts 1262 to pts 1262
bench:        1 user        0 sys        1 real decode_video 0:1 
bench:        0 user        0 sys        1 real decode_video 0:1 
[h264 @ 0x5569477d9300] nal_unit_type: 6(SEI), nal_ref_idc: 0
[h264 @ 0x5569477d9300] nal_unit_type: 1(Coded slice of a non-IDR picture), nal_ref_idc: 1
    Last message repeated 4 times
[Parsed_fps_0 @ 0x7fb3e0001980] Read frame with in pts 31600, out pts 1264
[Parsed_fps_0 @ 0x7fb3e0001980] Writing frame with pts 1263 to pts 1263
bench:        2 user        0 sys        2 real decode_video 0:1 
bench:        1 user        0 sys        1 real decode_video 0:1 
[h264 @ 0x5569477d9300] nal_unit_type: 6(SEI), nal_ref_idc: 0
[h264 @ 0x5569477d9300] nal_unit_type: 1(Coded slice of a non-IDR picture), nal_ref_idc: 1
    Last message repeated 4 times
[Parsed_fps_0 @ 0x7fb3e0001980] Read frame with in pts 31625, out pts 1265
[Parsed_fps_0 @ 0x7fb3e0001980] Writing frame with pts 1264 to pts 1264
bench:        0 user        0 sys        1 real decode_video 0:1 
bench:        1 user        0 sys        1 real decode_video 0:1 
[h264 @ 0x5569477d9300] nal_unit_type: 6(SEI), nal_ref_idc: 0
[h264 @ 0x5569477d9300] nal_unit_type: 1(Coded slice of a non-IDR picture), nal_ref_idc: 1
    Last message repeated 4 times
[Parsed_fps_0 @ 0x7fb3e0001980] Read frame with in pts 31650, out pts 1266
[Parsed_fps_0 @ 0x7fb3e0001980] Writing frame with pts 1265 to pts 1265
bench:        1 user        0 sys       21 real decode_video 0:1 
bench:        1 user        0 sys        1 real decode_video 0:1 
[h264 @ 0x5569477d9300] nal_unit_type: 6(SEI), nal_ref_idc: 0
[h264 @ 0x5569477d9300] nal_unit_type: 1(Coded slice of a non-IDR picture), nal_ref_idc: 1
    Last message repeated 4 times
[Parsed_fps_0 @ 0x7fb3e0001980] Read frame with in pts 31675, out pts 1267
[Parsed_fps_0 @ 0x7fb3e0001980] Writing frame with pts 1266 to pts 1266
bench:        1 user        0 sys        1 real decode_video 0:1 
bench:        0 user        0 sys        0 real decode_video 0:1 
[h264 @ 0x5569477d9300] nal_unit_type: 6(SEI), nal_ref_idc: 0
[h264 @ 0x5569477d9300] nal_unit_type: 1(Coded slice of a non-IDR picture), nal_ref_idc: 1
    Last message repeated 4 times
[Parsed_fps_0 @ 0x7fb3e0001980] Read frame with in pts 31700, out pts 1268
[Parsed_fps_0 @ 0x7fb3e0001980] Writing frame with pts 1267 to pts 1267
bench:        1 user        0 sys        1 real decode_video 0:1 
    Last message repeated 1 times
[h264 @ 0x5569477d9300] nal_unit_type: 6(SEI), nal_ref_idc: 0
[h264 @ 0x5569477d9300] nal_unit_type: 1(Coded slice of a non-IDR picture), nal_ref_idc: 1
    Last message repeated 4 times
[Parsed_fps_0 @ 0x7fb3e0001980] Read frame with in pts 31725, out pts 1269
[Parsed_fps_0 @ 0x7fb3e0001980] Writing frame with pts 1268 to pts 1268
bench:        1 user        0 sys        1 real decode_video 0:1 
bench:        0 user        0 sys        1 real decode_video 0:1 
[h264 @ 0x5569477d9300] nal_unit_type: 6(SEI), nal_ref_idc: 0
[h264 @ 0x5569477d9300] nal_unit_type: 1(Coded slice of a non-IDR picture), nal_ref_idc: 1
    Last message repeated 4 times
[Parsed_fps_0 @ 0x7fb3e0001980] Read frame with in pts 31750, out pts 1270
[Parsed_fps_0 @ 0x7fb3e0001980] Writing frame with pts 1269 to pts 1269
bench:        1 user        0 sys        1 real decode_video 0:1 
    Last message repeated 1 times
[h264 @ 0x5569477d9300] nal_unit_type: 6(SEI), nal_ref_idc: 0
[h264 @ 0x5569477d9300] nal_unit_type: 1(Coded slice of a non-IDR picture), nal_ref_idc: 1
    Last message repeated 4 times
[Parsed_fps_0 @ 0x7fb3e0001980] Read frame with in pts 31775, out pts 1271
[Parsed_fps_0 @ 0x7fb3e0001980] Writing frame with pts 1270 to pts 1270
bench:        1 user        0 sys        1 real decode_video 0:1 
bench:        0 user        0 sys        1 real decode_video 0:1 
[h264 @ 0x5569477d9300] nal_unit_type: 6(SEI), nal_ref_idc: 0
[h264 @ 0x5569477d9300] nal_unit_type: 1(Coded slice of a non-IDR picture), nal_ref_idc: 1
    Last message repeated 4 times
[Parsed_fps_0 @ 0x7fb3e0001980] Read frame with in pts 31800, out pts 1272
[Parsed_fps_0 @ 0x7fb3e0001980] Writing frame with pts 1271 to pts 1271
bench:        0 user        0 sys        1 real decode_video 0:1 
bench:        1 user        0 sys        2 real decode_video 0:1 
[h264 @ 0x5569477d9300] nal_unit_type: 6(SEI), nal_ref_idc: 0
[h264 @ 0x5569477d9300] nal_unit_type: 1(Coded slice of a non-IDR picture), nal_ref_idc: 1
    Last message repeated 1 times
[Parsed_fps_0 @ 0x7fb3e0001980] Read frame with in pts 31825, out pts 1273
[Parsed_fps_0 @ 0x7fb3e0001980] Writing frame with pts 1272 to pts 1272
[h264 @ 0x5569477d9300] nal_unit_type: 1(Coded slice of a non-IDR picture), nal_ref_idc: 1
    Last message repeated 2 times
bench:        1 user        0 sys        1 real decode_video 0:1 
bench:        1 user        0 sys        0 real decode_video 0:1 
[h264 @ 0x5569477d9300] nal_unit_type: 6(SEI), nal_ref_idc: 0
[h264 @ 0x5569477d9300] nal_unit_type: 1(Coded slice of a non-IDR picture), nal_ref_idc: 1
    Last message repeated 4 times
[Parsed_fps_0 @ 0x7fb3e0001980] Read frame with in pts 31850, out pts 1274
[Parsed_fps_0 @ 0x7fb3e0001980] Writing frame with pts 1273 to pts 1273
bench:        1 user        0 sys        2 real decode_video 0:1 
bench:        1 user        0 sys        1 real decode_video 0:1 
[h264 @ 0x5569477d9300] nal_unit_type: 6(SEI), nal_ref_idc: 0
[h264 @ 0x5569477d9300] nal_unit_type: 1(Coded slice of a non-IDR picture), nal_ref_idc: 1
    Last message repeated 4 times
[Parsed_fps_0 @ 0x7fb3e0001980] Read frame with in pts 31875, out pts 1275
[Parsed_fps_0 @ 0x7fb3e0001980] Writing frame with pts 1274 to pts 1274
bench:        1 user        0 sys        1 real decode_video 0:1 
    Last message repeated 1 times
[h264 @ 0x5569477d9300] nal_unit_type: 6(SEI), nal_ref_idc: 0
[h264 @ 0x5569477d9300] nal_unit_type: 1(Coded slice of a non-IDR picture), nal_ref_idc: 1
    Last message repeated 4 times
bench:        1 user        0 sys        1 real decode_video 0:1 
bench:        0 user        0 sys        0 real decode_video 0:1 
[h264 @ 0x5569477d9300] nal_unit_type: 6(SEI), nal_ref_idc: 0
[h264 @ 0x5569477d9300] nal_unit_type: 1(Coded slice of a non-IDR picture), nal_ref_idc: 1
    Last message repeated 4 times
bench:        2 user        0 sys        2 real decode_video 0:1 
bench:        1 user        0 sys        1 real decode_video 0:1 
[h264 @ 0x5569477d9300] nal_unit_type: 6(SEI), nal_ref_idc: 0
[h264 @ 0x5569477d9300] nal_unit_type: 1(Coded slice of a non-IDR picture), nal_ref_idc: 1
    Last message repeated 4 times
[Parsed_fps_0 @ 0x7fb3e0001980] Read frame with in pts 31900, out pts 1276
[Parsed_fps_0 @ 0x7fb3e0001980] Writing frame with pts 1275 to pts 1275
[Parsed_fps_0 @ 0x7fb3e0001980] Read frame with in pts 31925, out pts 1277
[Parsed_fps_0 @ 0x7fb3e0001980] Writing frame with pts 1276 to pts 1276
[Parsed_fps_0 @ 0x7fb3e0001980] Read frame with in pts 31950, out pts 1278
[Parsed_fps_0 @ 0x7fb3e0001980] Writing frame with pts 1277 to pts 1277
bench:        1 user        0 sys        1 real decode_video 0:1 
    Last message repeated 1 times
[Parsed_fps_0 @ 0x7fb3e0001980] Read frame with in pts 31975, out pts 1279
[Parsed_fps_0 @ 0x7fb3e0001980] Writing frame with pts 1278 to pts 1278
[h264 @ 0x5569477d9300] nal_unit_type: 6(SEI), nal_ref_idc: 0
[h264 @ 0x5569477d9300] nal_unit_type: 5(IDR), nal_ref_idc: 1
    Last message repeated 4 times
bench:        1 user        0 sys        2 real decode_video 0:1 
bench:        0 user        0 sys        1 real decode_video 0:1 
[h264 @ 0x5569477d9300] nal_unit_type: 6(SEI), nal_ref_idc: 0
[h264 @ 0x5569477d9300] nal_unit_type: 1(Coded slice of a non-IDR picture), nal_ref_idc: 1
    Last message repeated 4 times
[Parsed_fps_0 @ 0x7fb3e0001980] Read frame with in pts 32000, out pts 1280
[Parsed_fps_0 @ 0x7fb3e0001980] Writing frame with pts 1279 to pts 1279
bench:        0 user        0 sys        1 real decode_video 0:1 
bench:        1 user        0 sys        0 real decode_video 0:1 
[h264 @ 0x5569477d9300] nal_unit_type: 6(SEI), nal_ref_idc: 0
[h264 @ 0x5569477d9300] nal_unit_type: 1(Coded slice of a non-IDR picture), nal_ref_idc: 1
    Last message repeated 4 times
[Parsed_fps_0 @ 0x7fb3e0001980] Read frame with in pts 32025, out pts 1281
[Parsed_fps_0 @ 0x7fb3e0001980] Writing frame with pts 1280 to pts 1280
bench:        1 user        0 sys        1 real decode_video 0:1 
bench:        1 user        0 sys        0 real decode_video 0:1 
[h264 @ 0x5569477d9300] nal_unit_type: 6(SEI), nal_ref_idc: 0
[h264 @ 0x5569477d9300] nal_unit_type: 1(Coded slice of a non-IDR picture), nal_ref_idc: 1
    Last message repeated 4 times
[Parsed_fps_0 @ 0x7fb3e0001980] Read frame with in pts 32050, out pts 1282
[Parsed_fps_0 @ 0x7fb3e0001980] Writing frame with pts 1281 to pts 1281
bench:        0 user        0 sys        1 real decode_video 0:1 
bench:        1 user        0 sys        1 real decode_video 0:1 
[h264 @ 0x5569477d9300] nal_unit_type: 6(SEI), nal_ref_idc: 0
[h264 @ 0x5569477d9300] nal_unit_type: 1(Coded slice of a non-IDR picture), nal_ref_idc: 1
    Last message repeated 4 times
[Parsed_fps_0 @ 0x7fb3e0001980] Read frame with in pts 32075, out pts 1283
[Parsed_fps_0 @ 0x7fb3e0001980] Writing frame with pts 1282 to pts 1282
bench:        2 user        0 sys        3 real decode_video 0:1 
bench:        1 user        0 sys        1 real decode_video 0:1 
[h264 @ 0x5569477d9300] nal_unit_type: 6(SEI), nal_ref_idc: 0
[h264 @ 0x5569477d9300] nal_unit_type: 1(Coded slice of a non-IDR picture), nal_ref_idc: 1
    Last message repeated 4 times
[Parsed_fps_0 @ 0x7fb3e0001980] Read frame with in pts 32100, out pts 1284
[Parsed_fps_0 @ 0x7fb3e0001980] Writing frame with pts 1283 to pts 1283
bench:        1 user        0 sys        2 real decode_video 0:1 
bench:        1 user        0 sys        1 real decode_video 0:1 
[h264 @ 0x5569477d9300] nal_unit_type: 6(SEI), nal_ref_idc: 0
[h264 @ 0x5569477d9300] nal_unit_type: 1(Coded slice of a non-IDR picture), nal_ref_idc: 1
    Last message repeated 4 times
[Parsed_fps_0 @ 0x7fb3e0001980] Read frame with in pts 32125, out pts 1285
[Parsed_fps_0 @ 0x7fb3e0001980] Writing frame with pts 1284 to pts 1284
bench:        0 user        0 sys        0 real decode_video 0:1 
bench:        1 user        0 sys        1 real decode_video 0:1 
[h264 @ 0x5569477d9300] nal_unit_type: 6(SEI), nal_ref_idc: 0
[h264 @ 0x5569477d9300] nal_unit_type: 1(Coded slice of a non-IDR picture), nal_ref_idc: 1
    Last message repeated 4 times
[Parsed_fps_0 @ 0x7fb3e0001980] Read frame with in pts 32150, out pts 1286
[Parsed_fps_0 @ 0x7fb3e0001980] Writing frame with pts 1285 to pts 1285
bench:        0 user        0 sys        1 real decode_video 0:1 
bench:        0 user        0 sys        0 real decode_video 0:1 
[h264 @ 0x5569477d9300] nal_unit_type: 6(SEI), nal_ref_idc: 0
[h264 @ 0x5569477d9300] nal_unit_type: 1(Coded slice of a non-IDR picture), nal_ref_idc: 1
    Last message repeated 4 times
[Parsed_fps_0 @ 0x7fb3e0001980] Read frame with in pts 32175, out pts 1287
[Parsed_fps_0 @ 0x7fb3e0001980] Writing frame with pts 1286 to pts 1286
bench:        1 user        0 sys        1 real decode_video 0:1 
bench:        0 user        0 sys        1 real decode_video 0:1 
[h264 @ 0x5569477d9300] nal_unit_type: 6(SEI), nal_ref_idc: 0
[Parsed_fps_0 @ 0x7fb3e0001980] Read frame with in pts 32200, out pts 1288
[Parsed_fps_0 @ 0x7fb3e0001980] Writing frame with pts 1287 to pts 1287
[h264 @ 0x5569477d9300] nal_unit_type: 1(Coded slice of a non-IDR picture), nal_ref_idc: 1
    Last message repeated 4 times
bench:        2 user        0 sys        4 real decode_video 0:1 
bench:        1 user        0 sys        1 real decode_video 0:1 
[h264 @ 0x5569477d9300] nal_unit_type: 6(SEI), nal_ref_idc: 0
[h264 @ 0x5569477d9300] nal_unit_type: 1(Coded slice of a non-IDR picture), nal_ref_idc: 1
    Last message repeated 4 times
[Parsed_fps_0 @ 0x7fb3e0001980] Read frame with in pts 32225, out pts 1289
[Parsed_fps_0 @ 0x7fb3e0001980] Writing frame with pts 1288 to pts 1288
bench:        1 user        0 sys        1 real decode_video 0:1 
bench:        1 user        0 sys        0 real decode_video 0:1 
[h264 @ 0x5569477d9300] nal_unit_type: 6(SEI), nal_ref_idc: 0
[h264 @ 0x5569477d9300] nal_unit_type: 1(Coded slice of a non-IDR picture), nal_ref_idc: 1
    Last message repeated 4 times
[Parsed_fps_0 @ 0x7fb3e0001980] Read frame with in pts 32250, out pts 1290
[Parsed_fps_0 @ 0x7fb3e0001980] Writing frame with pts 1289 to pts 1289
bench:        1 user        0 sys        1 real decode_video 0:1 
bench:        1 user        0 sys        0 real decode_video 0:1 
[h264 @ 0x5569477d9300] nal_unit_type: 6(SEI), nal_ref_idc: 0
[h264 @ 0x5569477d9300] nal_unit_type: 1(Coded slice of a non-IDR picture), nal_ref_idc: 1
    Last message repeated 4 times
[Parsed_fps_0 @ 0x7fb3e0001980] Read frame with in pts 32275, out pts 1291
[Parsed_fps_0 @ 0x7fb3e0001980] Writing frame with pts 1290 to pts 1290
bench:        1 user        0 sys        1 real decode_video 0:1 
bench:        0 user        0 sys        1 real decode_video 0:1 
[h264 @ 0x5569477d9300] nal_unit_type: 6(SEI), nal_ref_idc: 0
[h264 @ 0x5569477d9300] nal_unit_type: 1(Coded slice of a non-IDR picture), nal_ref_idc: 1
    Last message repeated 4 times
[Parsed_fps_0 @ 0x7fb3e0001980] Read frame with in pts 32300, out pts 1292
[Parsed_fps_0 @ 0x7fb3e0001980] Writing frame with pts 1291 to pts 1291
bench:        2 user        0 sys       22 real decode_video 0:1 
bench:        0 user        0 sys        0 real decode_video 0:1 
[h264 @ 0x5569477d9300] nal_unit_type: 6(SEI), nal_ref_idc: 0
[h264 @ 0x5569477d9300] nal_unit_type: 1(Coded slice of a non-IDR picture), nal_ref_idc: 1
    Last message repeated 4 times
[Parsed_fps_0 @ 0x7fb3e0001980] Read frame with in pts 32325, out pts 1293
[Parsed_fps_0 @ 0x7fb3e0001980] Writing frame with pts 1292 to pts 1292
bench:        2 user        0 sys        3 real decode_video 0:1 
bench:        1 user        0 sys        1 real decode_video 0:1 
[h264 @ 0x5569477d9300] nal_unit_type: 6(SEI), nal_ref_idc: 0
[h264 @ 0x5569477d9300] nal_unit_type: 1(Coded slice of a non-IDR picture), nal_ref_idc: 1
    Last message repeated 4 times
[Parsed_fps_0 @ 0x7fb3e0001980] Read frame with in pts 32350, out pts 1294
[Parsed_fps_0 @ 0x7fb3e0001980] Writing frame with pts 1293 to pts 1293
bench:        1 user        0 sys        1 real decode_video 0:1 
bench:        1 user        0 sys        0 real decode_video 0:1 
[h264 @ 0x5569477d9300] nal_unit_type: 6(SEI), nal_ref_idc: 0
[h264 @ 0x5569477d9300] nal_unit_type: 1(Coded slice of a non-IDR picture), nal_ref_idc: 1
    Last message repeated 4 times
[Parsed_fps_0 @ 0x7fb3e0001980] Read frame with in pts 32375, out pts 1295
[Parsed_fps_0 @ 0x7fb3e0001980] Writing frame with pts 1294 to pts 1294
bench:        1 user        0 sys        1 real decode_video 0:1 
    Last message repeated 1 times
[h264 @ 0x5569477d9300] nal_unit_type: 6(SEI), nal_ref_idc: 0
[h264 @ 0x5569477d9300] nal_unit_type: 1(Coded slice of a non-IDR picture), nal_ref_idc: 1
    Last message repeated 4 times
[Parsed_fps_0 @ 0x7fb3e0001980] Read frame with in pts 32400, out pts 1296
[Parsed_fps_0 @ 0x7fb3e0001980] Writing frame with pts 1295 to pts 1295
bench:        0 user        0 sys        1 real decode_video 0:1 
bench:        1 user        0 sys        1 real decode_video 0:1 
[Parsed_fps_0 @ 0x7fb3e0001980] Read frame with in pts 32425, out pts 1297
[Parsed_fps_0 @ 0x7fb3e0001980] Writing frame with pts 1296 to pts 1296
[h264 @ 0x5569477d9300] nal_unit_type: 6(SEI), nal_ref_idc: 0
[h264 @ 0x5569477d9300] nal_unit_type: 1(Coded slice of a non-IDR picture), nal_ref_idc: 1
    Last message repeated 4 times
bench:        1 user        0 sys        2 real decode_video 0:1 
bench:        1 user        0 sys        1 real decode_video 0:1 
[h264 @ 0x5569477d9300] nal_unit_type: 6(SEI), nal_ref_idc: 0
[h264 @ 0x5569477d9300] nal_unit_type: 1(Coded slice of a non-IDR picture), nal_ref_idc: 1
    Last message repeated 4 times
[Parsed_fps_0 @ 0x7fb3e0001980] Read frame with in pts 32450, out pts 1298
[Parsed_fps_0 @ 0x7fb3e0001980] Writing frame with pts 1297 to pts 1297
bench:        1 user        0 sys        1 real decode_video 0:1 
bench:        1 user        0 sys        0 real decode_video 0:1 
[h264 @ 0x5569477d9300] nal_unit_type: 6(SEI), nal_ref_idc: 0
[h264 @ 0x5569477d9300] nal_unit_type: 1(Coded slice of a non-IDR picture), nal_ref_idc: 1
    Last message repeated 4 times
[Parsed_fps_0 @ 0x7fb3e0001980] Read frame with in pts 32475, out pts 1299
[Parsed_fps_0 @ 0x7fb3e0001980] Writing frame with pts 1298 to pts 1298
bench:        1 user        0 sys        1 real decode_video 0:1 
bench:        0 user        0 sys        1 real decode_video 0:1 
[h264 @ 0x5569477d9300] nal_unit_type: 6(SEI), nal_ref_idc: 0
[h264 @ 0x5569477d9300] nal_unit_type: 1(Coded slice of a non-IDR picture), nal_ref_idc: 1
    Last message repeated 4 times
[Parsed_fps_0 @ 0x7fb3e0001980] Read frame with in pts 32500, out pts 1300
[Parsed_fps_0 @ 0x7fb3e0001980] Writing frame with pts 1299 to pts 1299
bench:        1 user        0 sys        1 real decode_video 0:1 
    Last message repeated 1 times
[h264 @ 0x5569477d9300] nal_unit_type: 6(SEI), nal_ref_idc: 0
[h264 @ 0x5569477d9300] nal_unit_type: 1(Coded slice of a non-IDR picture), nal_ref_idc: 1
    Last message repeated 4 times
[Parsed_fps_0 @ 0x7fb3e0001980] Read frame with in pts 32525, out pts 1301
[Parsed_fps_0 @ 0x7fb3e0001980] Writing frame with pts 1300 to pts 1300
bench:        1 user        0 sys        1 real decode_video 0:1 
    Last message repeated 1 times
[h264 @ 0x5569477d9300] nal_unit_type: 6(SEI), nal_ref_idc: 0
[Parsed_fps_0 @ 0x7fb3e0001980] Read frame with in pts 32550, out pts 1302
[Parsed_fps_0 @ 0x7fb3e0001980] Writing frame with pts 1301 to pts 1301
[h264 @ 0x5569477d9300] nal_unit_type: 1(Coded slice of a non-IDR picture), nal_ref_idc: 1
    Last message repeated 4 times
bench:        1 user        0 sys        1 real decode_video 0:1 
    Last message repeated 1 times
[h264 @ 0x5569477d9300] nal_unit_type: 6(SEI), nal_ref_idc: 0
[h264 @ 0x5569477d9300] nal_unit_type: 1(Coded slice of a non-IDR picture), nal_ref_idc: 1
    Last message repeated 4 times
[Parsed_fps_0 @ 0x7fb3e0001980] Read frame with in pts 32575, out pts 1303
[Parsed_fps_0 @ 0x7fb3e0001980] Writing frame with pts 1302 to pts 1302
bench:        1 user        0 sys        1 real decode_video 0:1 
bench:        1 user        0 sys        0 real decode_video 0:1 
[h264 @ 0x5569477d9300] nal_unit_type: 6(SEI), nal_ref_idc: 0
[h264 @ 0x5569477d9300] nal_unit_type: 1(Coded slice of a non-IDR picture), nal_ref_idc: 1
    Last message repeated 4 times
[Parsed_fps_0 @ 0x7fb3e0001980] Read frame with in pts 32600, out pts 1304
[Parsed_fps_0 @ 0x7fb3e0001980] Writing frame with pts 1303 to pts 1303
bench:        1 user        0 sys        1 real decode_video 0:1 
bench:        0 user        0 sys        0 real decode_video 0:1 
[h264 @ 0x5569477d9300] nal_unit_type: 6(SEI), nal_ref_idc: 0
[h264 @ 0x5569477d9300] nal_unit_type: 1(Coded slice of a non-IDR picture), nal_ref_idc: 1
    Last message repeated 4 times
[Parsed_fps_0 @ 0x7fb3e0001980] Read frame with in pts 32625, out pts 1305
[Parsed_fps_0 @ 0x7fb3e0001980] Writing frame with pts 1304 to pts 1304
bench:        0 user        0 sys        1 real decode_video 0:1 
bench:        0 user        0 sys        0 real decode_video 0:1 
[h264 @ 0x5569477d9300] nal_unit_type: 6(SEI), nal_ref_idc: 0
[h264 @ 0x5569477d9300] nal_unit_type: 1(Coded slice of a non-IDR picture), nal_ref_idc: 1
    Last message repeated 4 times
[Parsed_fps_0 @ 0x7fb3e0001980] Read frame with in pts 32650, out pts 1306
[Parsed_fps_0 @ 0x7fb3e0001980] Writing frame with pts 1305 to pts 1305
bench:        1 user        0 sys        1 real decode_video 0:1 
    Last message repeated 1 times
[h264 @ 0x5569477d9300] nal_unit_type: 6(SEI), nal_ref_idc: 0
[h264 @ 0x5569477d9300] nal_unit_type: 1(Coded slice of a non-IDR picture), nal_ref_idc: 1
    Last message repeated 4 times
[Parsed_fps_0 @ 0x7fb3e0001980] Read frame with in pts 32675, out pts 1307
[Parsed_fps_0 @ 0x7fb3e0001980] Writing frame with pts 1306 to pts 1306
bench:        1 user        0 sys        1 real decode_video 0:1 
    Last message repeated 1 times
[h264 @ 0x5569477d9300] nal_unit_type: 6(SEI), nal_ref_idc: 0
[h264 @ 0x5569477d9300] nal_unit_type: 1(Coded slice of a non-IDR picture), nal_ref_idc: 1
    Last message repeated 4 times
[Parsed_fps_0 @ 0x7fb3e0001980] Read frame with in pts 32700, out pts 1308
[Parsed_fps_0 @ 0x7fb3e0001980] Writing frame with pts 1307 to pts 1307
bench:        0 user        0 sys        1 real decode_video 0:1 
    Last message repeated 1 times
[h264 @ 0x5569477d9300] nal_unit_type: 6(SEI), nal_ref_idc: 0
[h264 @ 0x5569477d9300] nal_unit_type: 1(Coded slice of a non-IDR picture), nal_ref_idc: 1
    Last message repeated 4 times
[Parsed_fps_0 @ 0x7fb3e0001980] Read frame with in pts 32725, out pts 1309
[Parsed_fps_0 @ 0x7fb3e0001980] Writing frame with pts 1308 to pts 1308
bench:        0 user        0 sys        2 real decode_video 0:1 
bench:        1 user        0 sys        1 real decode_video 0:1 
[h264 @ 0x5569477d9300] nal_unit_type: 6(SEI), nal_ref_idc: 0
[h264 @ 0x5569477d9300] nal_unit_type: 1(Coded slice of a non-IDR picture), nal_ref_idc: 1
    Last message repeated 4 times
[Parsed_fps_0 @ 0x7fb3e0001980] Read frame with in pts 32750, out pts 1310
[Parsed_fps_0 @ 0x7fb3e0001980] Writing frame with pts 1309 to pts 1309
bench:        1 user        0 sys        1 real decode_video 0:1 
bench:        0 user        0 sys        1 real decode_video 0:1 
[h264 @ 0x5569477d9300] nal_unit_type: 6(SEI), nal_ref_idc: 0
[h264 @ 0x5569477d9300] nal_unit_type: 1(Coded slice of a non-IDR picture), nal_ref_idc: 1
    Last message repeated 4 times
[Parsed_fps_0 @ 0x7fb3e0001980] Read frame with in pts 32775, out pts 1311
[Parsed_fps_0 @ 0x7fb3e0001980] Writing frame with pts 1310 to pts 1310
bench:        1 user        0 sys        1 real decode_video 0:1 
bench:        0 user        0 sys        1 real decode_video 0:1 
[h264 @ 0x5569477d9300] nal_unit_type: 6(SEI), nal_ref_idc: 0
[h264 @ 0x5569477d9300] nal_unit_type: 1(Coded slice of a non-IDR picture), nal_ref_idc: 1
    Last message repeated 4 times
[Parsed_fps_0 @ 0x7fb3e0001980] Read frame with in pts 32800, out pts 1312
[Parsed_fps_0 @ 0x7fb3e0001980] Writing frame with pts 1311 to pts 1311
bench:        1 user        0 sys        1 real decode_video 0:1 
bench:        0 user        0 sys        0 real decode_video 0:1 
[h264 @ 0x5569477d9300] nal_unit_type: 6(SEI), nal_ref_idc: 0
[h264 @ 0x5569477d9300] nal_unit_type: 1(Coded slice of a non-IDR picture), nal_ref_idc: 1
    Last message repeated 4 times
[Parsed_fps_0 @ 0x7fb3e0001980] Read frame with in pts 32825, out pts 1313
[Parsed_fps_0 @ 0x7fb3e0001980] Writing frame with pts 1312 to pts 1312
bench:        1 user        0 sys        1 real decode_video 0:1 
bench:        0 user        0 sys        1 real decode_video 0:1 
[h264 @ 0x5569477d9300] nal_unit_type: 6(SEI), nal_ref_idc: 0
[h264 @ 0x5569477d9300] nal_unit_type: 1(Coded slice of a non-IDR picture), nal_ref_idc: 1
    Last message repeated 4 times
[Parsed_fps_0 @ 0x7fb3e0001980] Read frame with in pts 32850, out pts 1314
[Parsed_fps_0 @ 0x7fb3e0001980] Writing frame with pts 1313 to pts 1313
bench:        1 user        0 sys        1 real decode_video 0:1 
    Last message repeated 1 times
[h264 @ 0x5569477d9300] nal_unit_type: 6(SEI), nal_ref_idc: 0
[h264 @ 0x5569477d9300] nal_unit_type: 1(Coded slice of a non-IDR picture), nal_ref_idc: 1
    Last message repeated 4 times
[Parsed_fps_0 @ 0x7fb3e0001980] Read frame with in pts 32875, out pts 1315
[Parsed_fps_0 @ 0x7fb3e0001980] Writing frame with pts 1314 to pts 1314
bench:        2 user        0 sys        4 real decode_video 0:1 
bench:        1 user        0 sys        1 real decode_video 0:1 
[h264 @ 0x5569477d9300] nal_unit_type: 6(SEI), nal_ref_idc: 0
[h264 @ 0x5569477d9300] nal_unit_type: 1(Coded slice of a non-IDR picture), nal_ref_idc: 1
    Last message repeated 4 times
[Parsed_fps_0 @ 0x7fb3e0001980] Read frame with in pts 32900, out pts 1316
[Parsed_fps_0 @ 0x7fb3e0001980] Writing frame with pts 1315 to pts 1315
bench:        1 user        0 sys        2 real decode_video 0:1 
bench:        1 user        0 sys        1 real decode_video 0:1 
[h264 @ 0x5569477d9300] nal_unit_type: 6(SEI), nal_ref_idc: 0
[h264 @ 0x5569477d9300] nal_unit_type: 1(Coded slice of a non-IDR picture), nal_ref_idc: 1
    Last message repeated 4 times
[Parsed_fps_0 @ 0x7fb3e0001980] Read frame with in pts 32925, out pts 1317
[Parsed_fps_0 @ 0x7fb3e0001980] Writing frame with pts 1316 to pts 1316
bench:        1 user        0 sys        1 real decode_video 0:1 
    Last message repeated 1 times
[h264 @ 0x5569477d9300] nal_unit_type: 6(SEI), nal_ref_idc: 0
[h264 @ 0x5569477d9300] nal_unit_type: 1(Coded slice of a non-IDR picture), nal_ref_idc: 1
    Last message repeated 4 times
[Parsed_fps_0 @ 0x7fb3e0001980] Read frame with in pts 32950, out pts 1318
[Parsed_fps_0 @ 0x7fb3e0001980] Writing frame with pts 1317 to pts 1317
bench:        1 user        0 sys        1 real decode_video 0:1 
bench:        1 user        0 sys        0 real decode_video 0:1 
[h264 @ 0x5569477d9300] nal_unit_type: 6(SEI), nal_ref_idc: 0
[h264 @ 0x5569477d9300] nal_unit_type: 1(Coded slice of a non-IDR picture), nal_ref_idc: 1
    Last message repeated 4 times
[Parsed_fps_0 @ 0x7fb3e0001980] Read frame with in pts 32975, out pts 1319
[Parsed_fps_0 @ 0x7fb3e0001980] Writing frame with pts 1318 to pts 1318
bench:        0 user        0 sys        1 real decode_video 0:1 
bench:        0 user        0 sys        0 real decode_video 0:1 
[h264 @ 0x5569477d9300] nal_unit_type: 6(SEI), nal_ref_idc: 0
[h264 @ 0x5569477d9300] nal_unit_type: 1(Coded slice of a non-IDR picture), nal_ref_idc: 1
    Last message repeated 4 times
[Parsed_fps_0 @ 0x7fb3e0001980] Read frame with in pts 33000, out pts 1320
[Parsed_fps_0 @ 0x7fb3e0001980] Writing frame with pts 1319 to pts 1319
bench:        0 user        0 sys        2 real decode_video 0:1 
bench:        1 user        0 sys        0 real decode_video 0:1 
[h264 @ 0x5569477d9300] nal_unit_type: 6(SEI), nal_ref_idc: 0
[h264 @ 0x5569477d9300] nal_unit_type: 1(Coded slice of a non-IDR picture), nal_ref_idc: 1
    Last message repeated 4 times
[Parsed_fps_0 @ 0x7fb3e0001980] Read frame with in pts 33025, out pts 1321
[Parsed_fps_0 @ 0x7fb3e0001980] Writing frame with pts 1320 to pts 1320
bench:        0 user        0 sys        1 real decode_video 0:1 
bench:        1 user        0 sys        0 real decode_video 0:1 
[h264 @ 0x5569477d9300] nal_unit_type: 6(SEI), nal_ref_idc: 0
[h264 @ 0x5569477d9300] nal_unit_type: 1(Coded slice of a non-IDR picture), nal_ref_idc: 1
    Last message repeated 4 times
[Parsed_fps_0 @ 0x7fb3e0001980] Read frame with in pts 33050, out pts 1322
[Parsed_fps_0 @ 0x7fb3e0001980] Writing frame with pts 1321 to pts 1321
bench:        0 user        0 sys        1 real decode_video 0:1 
bench:        1 user        0 sys        1 real decode_video 0:1 
[h264 @ 0x5569477d9300] nal_unit_type: 6(SEI), nal_ref_idc: 0
[h264 @ 0x5569477d9300] nal_unit_type: 1(Coded slice of a non-IDR picture), nal_ref_idc: 1
    Last message repeated 4 times
[Parsed_fps_0 @ 0x7fb3e0001980] Read frame with in pts 33075, out pts 1323
[Parsed_fps_0 @ 0x7fb3e0001980] Writing frame with pts 1322 to pts 1322
bench:        2 user        0 sys        4 real decode_video 0:1 
bench:        2 user        0 sys        1 real decode_video 0:1 
[h264 @ 0x5569477d9300] nal_unit_type: 6(SEI), nal_ref_idc: 0
[h264 @ 0x5569477d9300] nal_unit_type: 1(Coded slice of a non-IDR picture), nal_ref_idc: 1
    Last message repeated 4 times
[Parsed_fps_0 @ 0x7fb3e0001980] Read frame with in pts 33100, out pts 1324
[Parsed_fps_0 @ 0x7fb3e0001980] Writing frame with pts 1323 to pts 1323
bench:        1 user        0 sys        2 real decode_video 0:1 
bench:        1 user        0 sys        1 real decode_video 0:1 
[h264 @ 0x5569477d9300] nal_unit_type: 6(SEI), nal_ref_idc: 0
[h264 @ 0x5569477d9300] nal_unit_type: 1(Coded slice of a non-IDR picture), nal_ref_idc: 1
    Last message repeated 4 times
[Parsed_fps_0 @ 0x7fb3e0001980] Read frame with in pts 33125, out pts 1325
[Parsed_fps_0 @ 0x7fb3e0001980] Writing frame with pts 1324 to pts 1324
bench:        1 user        0 sys        1 real decode_video 0:1 
bench:        1 user        0 sys        0 real decode_video 0:1 
[h264 @ 0x5569477d9300] nal_unit_type: 6(SEI), nal_ref_idc: 0
[h264 @ 0x5569477d9300] nal_unit_type: 1(Coded slice of a non-IDR picture), nal_ref_idc: 1
    Last message repeated 4 times
[Parsed_fps_0 @ 0x7fb3e0001980] Read frame with in pts 33150, out pts 1326
[Parsed_fps_0 @ 0x7fb3e0001980] Writing frame with pts 1325 to pts 1325
bench:        1 user        0 sys        1 real decode_video 0:1 
    Last message repeated 1 times
[h264 @ 0x5569477d9300] nal_unit_type: 6(SEI), nal_ref_idc: 0
[h264 @ 0x5569477d9300] nal_unit_type: 1(Coded slice of a non-IDR picture), nal_ref_idc: 1
    Last message repeated 4 times
[Parsed_fps_0 @ 0x7fb3e0001980] Read frame with in pts 33175, out pts 1327
[Parsed_fps_0 @ 0x7fb3e0001980] Writing frame with pts 1326 to pts 1326
bench:        1 user        0 sys        1 real decode_video 0:1 
bench:        0 user        0 sys        0 real decode_video 0:1 
[h264 @ 0x5569477d9300] nal_unit_type: 6(SEI), nal_ref_idc: 0
[h264 @ 0x5569477d9300] nal_unit_type: 1(Coded slice of a non-IDR picture), nal_ref_idc: 1
    Last message repeated 4 times
[Parsed_fps_0 @ 0x7fb3e0001980] Read frame with in pts 33200, out pts 1328
[Parsed_fps_0 @ 0x7fb3e0001980] Writing frame with pts 1327 to pts 1327
bench:        1 user        0 sys        1 real decode_video 0:1 
bench:        0 user        0 sys        1 real decode_video 0:1 
[h264 @ 0x5569477d9300] nal_unit_type: 6(SEI), nal_ref_idc: 0
[h264 @ 0x5569477d9300] nal_unit_type: 1(Coded slice of a non-IDR picture), nal_ref_idc: 1
    Last message repeated 4 times
[Parsed_fps_0 @ 0x7fb3e0001980] Read frame with in pts 33225, out pts 1329
[Parsed_fps_0 @ 0x7fb3e0001980] Writing frame with pts 1328 to pts 1328
bench:        1 user        0 sys        1 real decode_video 0:1 
bench:        1 user        0 sys        0 real decode_video 0:1 
[h264 @ 0x5569477d9300] nal_unit_type: 6(SEI), nal_ref_idc: 0
[h264 @ 0x5569477d9300] nal_unit_type: 1(Coded slice of a non-IDR picture), nal_ref_idc: 1
    Last message repeated 4 times
[Parsed_fps_0 @ 0x7fb3e0001980] Read frame with in pts 33250, out pts 1330
[Parsed_fps_0 @ 0x7fb3e0001980] Writing frame with pts 1329 to pts 1329
bench:        0 user        0 sys        1 real decode_video 0:1 
bench:        1 user        0 sys        1 real decode_video 0:1 
[h264 @ 0x5569477d9300] nal_unit_type: 6(SEI), nal_ref_idc: 0
[h264 @ 0x5569477d9300] nal_unit_type: 1(Coded slice of a non-IDR picture), nal_ref_idc: 1
    Last message repeated 4 times
bench:        2 user        0 sys        2 real decode_video 0:1 
bench:        1 user        0 sys        0 real decode_video 0:1 
[h264 @ 0x5569477d9300] nal_unit_type: 6(SEI), nal_ref_idc: 0
[h264 @ 0x5569477d9300] nal_unit_type: 1(Coded slice of a non-IDR picture), nal_ref_idc: 1
    Last message repeated 4 times
bench:        1 user        0 sys        2 real decode_video 0:1 
bench:        0 user        0 sys        0 real decode_video 0:1 
[h264 @ 0x5569477d9300] nal_unit_type: 6(SEI), nal_ref_idc: 0
[h264 @ 0x5569477d9300] nal_unit_type: 1(Coded slice of a non-IDR picture), nal_ref_idc: 1
    Last message repeated 4 times
[Parsed_fps_0 @ 0x7fb3e0001980] Read frame with in pts 33275, out pts 1331
[Parsed_fps_0 @ 0x7fb3e0001980] Writing frame with pts 1330 to pts 1330
[Parsed_fps_0 @ 0x7fb3e0001980] Read frame with in pts 33300, out pts 1332
[Parsed_fps_0 @ 0x7fb3e0001980] Writing frame with pts 1331 to pts 1331
[Parsed_fps_0 @ 0x7fb3e0001980] Read frame with in pts 33325, out pts 1333
[Parsed_fps_0 @ 0x7fb3e0001980] Writing frame with pts 1332 to pts 1332
bench:        0 user        0 sys        1 real decode_video 0:1 
bench:        1 user        0 sys        1 real decode_video 0:1 
[h264 @ 0x5569477d9300] nal_unit_type: 6(SEI), nal_ref_idc: 0
[h264 @ 0x5569477d9300] nal_unit_type: 1(Coded slice of a non-IDR picture), nal_ref_idc: 1
    Last message repeated 4 times
[Parsed_fps_0 @ 0x7fb3e0001980] Read frame with in pts 33350, out pts 1334
[Parsed_fps_0 @ 0x7fb3e0001980] Writing frame with pts 1333 to pts 1333
bench:        1 user        0 sys        1 real decode_video 0:1 
    Last message repeated 1 times
[h264 @ 0x5569477d9300] nal_unit_type: 6(SEI), nal_ref_idc: 0
[h264 @ 0x5569477d9300] nal_unit_type: 1(Coded slice of a non-IDR picture), nal_ref_idc: 1
    Last message repeated 4 times
[Parsed_fps_0 @ 0x7fb3e0001980] Read frame with in pts 33375, out pts 1335
[Parsed_fps_0 @ 0x7fb3e0001980] Writing frame with pts 1334 to pts 1334
bench:        1 user        0 sys        1 real decode_video 0:1 
    Last message repeated 1 times
[h264 @ 0x5569477d9300] nal_unit_type: 6(SEI), nal_ref_idc: 0
[h264 @ 0x5569477d9300] nal_unit_type: 1(Coded slice of a non-IDR picture), nal_ref_idc: 1
    Last message repeated 4 times
[Parsed_fps_0 @ 0x7fb3e0001980] Read frame with in pts 33400, out pts 1336
[Parsed_fps_0 @ 0x7fb3e0001980] Writing frame with pts 1335 to pts 1335
bench:        1 user        0 sys        1 real decode_video 0:1 
bench:        0 user        0 sys        0 real decode_video 0:1 
[h264 @ 0x5569477d9300] nal_unit_type: 6(SEI), nal_ref_idc: 0
[h264 @ 0x5569477d9300] nal_unit_type: 1(Coded slice of a non-IDR picture), nal_ref_idc: 1
    Last message repeated 2 times
[Parsed_fps_0 @ 0x7fb3e0001980] Read frame with in pts 33425, out pts 1337
[Parsed_fps_0 @ 0x7fb3e0001980] Writing frame with pts 1336 to pts 1336
[h264 @ 0x5569477d9300] nal_unit_type: 1(Coded slice of a non-IDR picture), nal_ref_idc: 1
    Last message repeated 1 times
bench:        1 user        0 sys        1 real decode_video 0:1 
bench:        0 user        0 sys        0 real decode_video 0:1 
[h264 @ 0x5569477d9300] nal_unit_type: 6(SEI), nal_ref_idc: 0
[h264 @ 0x5569477d9300] nal_unit_type: 1(Coded slice of a non-IDR picture), nal_ref_idc: 1
    Last message repeated 4 times
[Parsed_fps_0 @ 0x7fb3e0001980] Read frame with in pts 33450, out pts 1338
[Parsed_fps_0 @ 0x7fb3e0001980] Writing frame with pts 1337 to pts 1337
bench:        1 user        0 sys        2 real decode_video 0:1 
bench:        0 user        0 sys        0 real decode_video 0:1 
[h264 @ 0x5569477d9300] nal_unit_type: 6(SEI), nal_ref_idc: 0
[h264 @ 0x5569477d9300] nal_unit_type: 1(Coded slice of a non-IDR picture), nal_ref_idc: 1
    Last message repeated 4 times
[Parsed_fps_0 @ 0x7fb3e0001980] Read frame with in pts 33475, out pts 1339
[Parsed_fps_0 @ 0x7fb3e0001980] Writing frame with pts 1338 to pts 1338
bench:        0 user        0 sys        1 real decode_video 0:1 
bench:        0 user        0 sys        0 real decode_video 0:1 
[h264 @ 0x5569477d9300] nal_unit_type: 6(SEI), nal_ref_idc: 0
[h264 @ 0x5569477d9300] nal_unit_type: 1(Coded slice of a non-IDR picture), nal_ref_idc: 1
    Last message repeated 4 times
[Parsed_fps_0 @ 0x7fb3e0001980] Read frame with in pts 33500, out pts 1340
[Parsed_fps_0 @ 0x7fb3e0001980] Writing frame with pts 1339 to pts 1339
bench:        1 user        0 sys        1 real decode_video 0:1 
bench:        0 user        0 sys        1 real decode_video 0:1 
[h264 @ 0x5569477d9300] nal_unit_type: 6(SEI), nal_ref_idc: 0
[h264 @ 0x5569477d9300] nal_unit_type: 1(Coded slice of a non-IDR picture), nal_ref_idc: 1
    Last message repeated 4 times
[Parsed_fps_0 @ 0x7fb3e0001980] Read frame with in pts 33525, out pts 1341
[Parsed_fps_0 @ 0x7fb3e0001980] Writing frame with pts 1340 to pts 1340
bench:        1 user        0 sys        1 real decode_video 0:1 
bench:        0 user        0 sys        1 real decode_video 0:1 
[h264 @ 0x5569477d9300] nal_unit_type: 6(SEI), nal_ref_idc: 0
[h264 @ 0x5569477d9300] nal_unit_type: 1(Coded slice of a non-IDR picture), nal_ref_idc: 1
    Last message repeated 4 times
[Parsed_fps_0 @ 0x7fb3e0001980] Read frame with in pts 33550, out pts 1342
[Parsed_fps_0 @ 0x7fb3e0001980] Writing frame with pts 1341 to pts 1341
bench:        1 user        0 sys        1 real decode_video 0:1 
bench:        0 user        0 sys        1 real decode_video 0:1 
[h264 @ 0x5569477d9300] nal_unit_type: 6(SEI), nal_ref_idc: 0
[h264 @ 0x5569477d9300] nal_unit_type: 5(IDR), nal_ref_idc: 1
    Last message repeated 3 times
[Parsed_fps_0 @ 0x7fb3e0001980] Read frame with in pts 33575, out pts 1343
[Parsed_fps_0 @ 0x7fb3e0001980] Writing frame with pts 1342 to pts 1342
[h264 @ 0x5569477d9300] nal_unit_type: 5(IDR), nal_ref_idc: 1
bench:        1 user        0 sys        1 real decode_video 0:1 
    Last message repeated 1 times
[h264 @ 0x5569477d9300] nal_unit_type: 6(SEI), nal_ref_idc: 0
[h264 @ 0x5569477d9300] nal_unit_type: 1(Coded slice of a non-IDR picture), nal_ref_idc: 1
    Last message repeated 4 times
[Parsed_fps_0 @ 0x7fb3e0001980] Read frame with in pts 33600, out pts 1344
[Parsed_fps_0 @ 0x7fb3e0001980] Writing frame with pts 1343 to pts 1343
bench:        1 user        0 sys        1 real decode_video 0:1 
    Last message repeated 1 times
[h264 @ 0x5569477d9300] nal_unit_type: 6(SEI), nal_ref_idc: 0
[h264 @ 0x5569477d9300] nal_unit_type: 1(Coded slice of a non-IDR picture), nal_ref_idc: 1
    Last message repeated 2 times
[Parsed_fps_0 @ 0x7fb3e0001980] Read frame with in pts 33625, out pts 1345
[Parsed_fps_0 @ 0x7fb3e0001980] Writing frame with pts 1344 to pts 1344
[h264 @ 0x5569477d9300] nal_unit_type: 1(Coded slice of a non-IDR picture), nal_ref_idc: 1
    Last message repeated 1 times
bench:        1 user        0 sys        1 real decode_video 0:1 
bench:        0 user        0 sys        1 real decode_video 0:1 
[h264 @ 0x5569477d9300] nal_unit_type: 6(SEI), nal_ref_idc: 0
[h264 @ 0x5569477d9300] nal_unit_type: 1(Coded slice of a non-IDR picture), nal_ref_idc: 1
    Last message repeated 4 times
[Parsed_fps_0 @ 0x7fb3e0001980] Read frame with in pts 33650, out pts 1346
[Parsed_fps_0 @ 0x7fb3e0001980] Writing frame with pts 1345 to pts 1345
bench:        1 user        0 sys        1 real decode_video 0:1 
bench:        1 user        0 sys        0 real decode_video 0:1 
[h264 @ 0x5569477d9300] nal_unit_type: 6(SEI), nal_ref_idc: 0
[h264 @ 0x5569477d9300] nal_unit_type: 1(Coded slice of a non-IDR picture), nal_ref_idc: 1
    Last message repeated 4 times
[Parsed_fps_0 @ 0x7fb3e0001980] Read frame with in pts 33675, out pts 1347
[Parsed_fps_0 @ 0x7fb3e0001980] Writing frame with pts 1346 to pts 1346
bench:        0 user        0 sys        1 real decode_video 0:1 
bench:        0 user        0 sys        0 real decode_video 0:1 
[h264 @ 0x5569477d9300] nal_unit_type: 6(SEI), nal_ref_idc: 0
[h264 @ 0x5569477d9300] nal_unit_type: 1(Coded slice of a non-IDR picture), nal_ref_idc: 1
    Last message repeated 4 times
[Parsed_fps_0 @ 0x7fb3e0001980] Read frame with in pts 33700, out pts 1348
[Parsed_fps_0 @ 0x7fb3e0001980] Writing frame with pts 1347 to pts 1347
bench:        1 user        0 sys        1 real decode_video 0:1 
bench:        0 user        0 sys        1 real decode_video 0:1 
[h264 @ 0x5569477d9300] nal_unit_type: 6(SEI), nal_ref_idc: 0
[h264 @ 0x5569477d9300] nal_unit_type: 1(Coded slice of a non-IDR picture), nal_ref_idc: 1
    Last message repeated 4 times
[Parsed_fps_0 @ 0x7fb3e0001980] Read frame with in pts 33725, out pts 1349
[Parsed_fps_0 @ 0x7fb3e0001980] Writing frame with pts 1348 to pts 1348
bench:        1 user        0 sys        1 real decode_video 0:1 
    Last message repeated 1 times
[h264 @ 0x5569477d9300] nal_unit_type: 6(SEI), nal_ref_idc: 0
[h264 @ 0x5569477d9300] nal_unit_type: 1(Coded slice of a non-IDR picture), nal_ref_idc: 1
    Last message repeated 4 times
[Parsed_fps_0 @ 0x7fb3e0001980] Read frame with in pts 33750, out pts 1350
[Parsed_fps_0 @ 0x7fb3e0001980] Writing frame with pts 1349 to pts 1349
bench:        1 user        0 sys        1 real decode_video 0:1 
    Last message repeated 1 times
[h264 @ 0x5569477d9300] nal_unit_type: 6(SEI), nal_ref_idc: 0
[h264 @ 0x5569477d9300] nal_unit_type: 1(Coded slice of a non-IDR picture), nal_ref_idc: 1
    Last message repeated 4 times
[Parsed_fps_0 @ 0x7fb3e0001980] Read frame with in pts 33775, out pts 1351
[Parsed_fps_0 @ 0x7fb3e0001980] Writing frame with pts 1350 to pts 1350
bench:        1 user        0 sys        1 real decode_video 0:1 
    Last message repeated 1 times
[h264 @ 0x5569477d9300] nal_unit_type: 6(SEI), nal_ref_idc: 0
[h264 @ 0x5569477d9300] nal_unit_type: 1(Coded slice of a non-IDR picture), nal_ref_idc: 1
    Last message repeated 4 times
[Parsed_fps_0 @ 0x7fb3e0001980] Read frame with in pts 33800, out pts 1352
[Parsed_fps_0 @ 0x7fb3e0001980] Writing frame with pts 1351 to pts 1351
bench:        1 user        0 sys        1 real decode_video 0:1 
bench:        0 user        0 sys        0 real decode_video 0:1 
[h264 @ 0x5569477d9300] nal_unit_type: 6(SEI), nal_ref_idc: 0
[h264 @ 0x5569477d9300] nal_unit_type: 1(Coded slice of a non-IDR picture), nal_ref_idc: 1
    Last message repeated 4 times
[Parsed_fps_0 @ 0x7fb3e0001980] Read frame with in pts 33825, out pts 1353
[Parsed_fps_0 @ 0x7fb3e0001980] Writing frame with pts 1352 to pts 1352
bench:        1 user        0 sys        1 real decode_video 0:1 
    Last message repeated 1 times
[h264 @ 0x5569477d9300] nal_unit_type: 6(SEI), nal_ref_idc: 0
[h264 @ 0x5569477d9300] nal_unit_type: 1(Coded slice of a non-IDR picture), nal_ref_idc: 1
    Last message repeated 4 times
[Parsed_fps_0 @ 0x7fb3e0001980] Read frame with in pts 33850, out pts 1354
[Parsed_fps_0 @ 0x7fb3e0001980] Writing frame with pts 1353 to pts 1353
bench:        1 user        0 sys        1 real decode_video 0:1 
bench:        0 user        0 sys        1 real decode_video 0:1 
[h264 @ 0x5569477d9300] nal_unit_type: 6(SEI), nal_ref_idc: 0
[h264 @ 0x5569477d9300] nal_unit_type: 1(Coded slice of a non-IDR picture), nal_ref_idc: 1
    Last message repeated 4 times
[Parsed_fps_0 @ 0x7fb3e0001980] Read frame with in pts 33875, out pts 1355
[Parsed_fps_0 @ 0x7fb3e0001980] Writing frame with pts 1354 to pts 1354
bench:        1 user        0 sys        1 real decode_video 0:1 
bench:        1 user        0 sys        0 real decode_video 0:1 
[h264 @ 0x5569477d9300] nal_unit_type: 6(SEI), nal_ref_idc: 0
[Parsed_fps_0 @ 0x7fb3e0001980] Read frame with in pts 33900, out pts 1356
[Parsed_fps_0 @ 0x7fb3e0001980] Writing frame with pts 1355 to pts 1355
[h264 @ 0x5569477d9300] nal_unit_type: 1(Coded slice of a non-IDR picture), nal_ref_idc: 1
    Last message repeated 4 times
bench:        0 user        0 sys        1 real decode_video 0:1 
bench:        1 user        0 sys        1 real decode_video 0:1 
[Parsed_fps_0 @ 0x7fb3e0001980] Read frame with in pts 33925, out pts 1357
[Parsed_fps_0 @ 0x7fb3e0001980] Writing frame with pts 1356 to pts 1356
[h264 @ 0x5569477d9300] nal_unit_type: 6(SEI), nal_ref_idc: 0
[h264 @ 0x5569477d9300] nal_unit_type: 1(Coded slice of a non-IDR picture), nal_ref_idc: 1
    Last message repeated 4 times
bench:        1 user        0 sys        1 real decode_video 0:1 
    Last message repeated 1 times
[h264 @ 0x5569477d9300] nal_unit_type: 6(SEI), nal_ref_idc: 0
[h264 @ 0x5569477d9300] nal_unit_type: 1(Coded slice of a non-IDR picture), nal_ref_idc: 1
    Last message repeated 4 times
[Parsed_fps_0 @ 0x7fb3e0001980] Read frame with in pts 33950, out pts 1358
[Parsed_fps_0 @ 0x7fb3e0001980] Writing frame with pts 1357 to pts 1357
bench:        1 user        0 sys        1 real decode_video 0:1 
    Last message repeated 1 times
[h264 @ 0x5569477d9300] nal_unit_type: 6(SEI), nal_ref_idc: 0
[h264 @ 0x5569477d9300] nal_unit_type: 1(Coded slice of a non-IDR picture), nal_ref_idc: 1
    Last message repeated 2 times
[Parsed_fps_0 @ 0x7fb3e0001980] Read frame with in pts 33975, out pts 1359
[Parsed_fps_0 @ 0x7fb3e0001980] Writing frame with pts 1358 to pts 1358
[h264 @ 0x5569477d9300] nal_unit_type: 1(Coded slice of a non-IDR picture), nal_ref_idc: 1
    Last message repeated 1 times
bench:        1 user        0 sys        1 real decode_video 0:1 
bench:        0 user        0 sys        1 real decode_video 0:1 
[h264 @ 0x5569477d9300] nal_unit_type: 6(SEI), nal_ref_idc: 0
[h264 @ 0x5569477d9300] nal_unit_type: 1(Coded slice of a non-IDR picture), nal_ref_idc: 1
    Last message repeated 4 times
[Parsed_fps_0 @ 0x7fb3e0001980] Read frame with in pts 34000, out pts 1360
[Parsed_fps_0 @ 0x7fb3e0001980] Writing frame with pts 1359 to pts 1359
bench:        0 user        0 sys        1 real decode_video 0:1 
bench:        1 user        0 sys        1 real decode_video 0:1 
[h264 @ 0x5569477d9300] nal_unit_type: 6(SEI), nal_ref_idc: 0
[h264 @ 0x5569477d9300] nal_unit_type: 1(Coded slice of a non-IDR picture), nal_ref_idc: 1
    Last message repeated 4 times
[Parsed_fps_0 @ 0x7fb3e0001980] Read frame with in pts 34025, out pts 1361
[Parsed_fps_0 @ 0x7fb3e0001980] Writing frame with pts 1360 to pts 1360
bench:        1 user        0 sys        4 real decode_video 0:1 
bench:        1 user        0 sys        1 real decode_video 0:1 
[h264 @ 0x5569477d9300] nal_unit_type: 6(SEI), nal_ref_idc: 0
[h264 @ 0x5569477d9300] nal_unit_type: 1(Coded slice of a non-IDR picture), nal_ref_idc: 1
    Last message repeated 4 times
[Parsed_fps_0 @ 0x7fb3e0001980] Read frame with in pts 34050, out pts 1362
[Parsed_fps_0 @ 0x7fb3e0001980] Writing frame with pts 1361 to pts 1361
bench:        1 user        0 sys        2 real decode_video 0:1 
bench:        0 user        0 sys        1 real decode_video 0:1 
[h264 @ 0x5569477d9300] nal_unit_type: 6(SEI), nal_ref_idc: 0
[h264 @ 0x5569477d9300] nal_unit_type: 1(Coded slice of a non-IDR picture), nal_ref_idc: 1
    Last message repeated 4 times
[Parsed_fps_0 @ 0x7fb3e0001980] Read frame with in pts 34075, out pts 1363
[Parsed_fps_0 @ 0x7fb3e0001980] Writing frame with pts 1362 to pts 1362
bench:        1 user        0 sys        1 real decode_video 0:1 
    Last message repeated 1 times
[h264 @ 0x5569477d9300] nal_unit_type: 6(SEI), nal_ref_idc: 0
[h264 @ 0x5569477d9300] nal_unit_type: 1(Coded slice of a non-IDR picture), nal_ref_idc: 1
    Last message repeated 4 times
[Parsed_fps_0 @ 0x7fb3e0001980] Read frame with in pts 34100, out pts 1364
[Parsed_fps_0 @ 0x7fb3e0001980] Writing frame with pts 1363 to pts 1363
bench:        1 user        0 sys        1 real decode_video 0:1 
bench:        0 user        0 sys        1 real decode_video 0:1 
[h264 @ 0x5569477d9300] nal_unit_type: 6(SEI), nal_ref_idc: 0
[h264 @ 0x5569477d9300] nal_unit_type: 1(Coded slice of a non-IDR picture), nal_ref_idc: 1
    Last message repeated 4 times
[Parsed_fps_0 @ 0x7fb3e0001980] Read frame with in pts 34125, out pts 1365
[Parsed_fps_0 @ 0x7fb3e0001980] Writing frame with pts 1364 to pts 1364
bench:        1 user        0 sys        1 real decode_video 0:1 
bench:        0 user        0 sys        0 real decode_video 0:1 
[h264 @ 0x5569477d9300] nal_unit_type: 6(SEI), nal_ref_idc: 0
[h264 @ 0x5569477d9300] nal_unit_type: 1(Coded slice of a non-IDR picture), nal_ref_idc: 1
    Last message repeated 4 times
[Parsed_fps_0 @ 0x7fb3e0001980] Read frame with in pts 34150, out pts 1366
[Parsed_fps_0 @ 0x7fb3e0001980] Writing frame with pts 1365 to pts 1365
bench:        0 user        0 sys        1 real decode_video 0:1 
bench:        0 user        0 sys        0 real decode_video 0:1 
[h264 @ 0x5569477d9300] nal_unit_type: 6(SEI), nal_ref_idc: 0
[Parsed_fps_0 @ 0x7fb3e0001980] Read frame with in pts 34175, out pts 1367
[Parsed_fps_0 @ 0x7fb3e0001980] Writing frame with pts 1366 to pts 1366
[h264 @ 0x5569477d9300] nal_unit_type: 1(Coded slice of a non-IDR picture), nal_ref_idc: 1
    Last message repeated 4 times
bench:        1 user        0 sys        1 real decode_video 0:1 
bench:        0 user        0 sys        0 real decode_video 0:1 
[h264 @ 0x5569477d9300] nal_unit_type: 6(SEI), nal_ref_idc: 0
[h264 @ 0x5569477d9300] nal_unit_type: 1(Coded slice of a non-IDR picture), nal_ref_idc: 1
    Last message repeated 2 times
[Parsed_fps_0 @ 0x7fb3e0001980] Read frame with in pts 34200, out pts 1368
[Parsed_fps_0 @ 0x7fb3e0001980] Writing frame with pts 1367 to pts 1367
[h264 @ 0x5569477d9300] nal_unit_type: 1(Coded slice of a non-IDR picture), nal_ref_idc: 1
    Last message repeated 1 times
bench:        1 user        0 sys        1 real decode_video 0:1 
    Last message repeated 1 times
[Parsed_fps_0 @ 0x7fb3e0001980] Read frame with in pts 34225, out pts 1369
[Parsed_fps_0 @ 0x7fb3e0001980] Writing frame with pts 1368 to pts 1368
[h264 @ 0x5569477d9300] nal_unit_type: 6(SEI), nal_ref_idc: 0
[h264 @ 0x5569477d9300] nal_unit_type: 1(Coded slice of a non-IDR picture), nal_ref_idc: 1
    Last message repeated 4 times
bench:        1 user        0 sys        1 real decode_video 0:1 
bench:        2 user        0 sys        3 real decode_video 0:1 
[Parsed_fps_0 @ 0x7fb3e0001980] Read frame with in pts 34250, out pts 1370
[h264 @ 0x5569477d9300] nal_unit_type: 6(SEI), nal_ref_idc: 0
[h264 @ 0x5569477d9300] nal_unit_type: 1(Coded slice of a non-IDR picture), nal_ref_idc: 1
    Last message repeated 4 times
[Parsed_fps_0 @ 0x7fb3e0001980] Writing frame with pts 1369 to pts 1369
bench:        1 user        0 sys        1 real decode_video 0:1 
bench:        1 user        0 sys        0 real decode_video 0:1 
[h264 @ 0x5569477d9300] nal_unit_type: 6(SEI), nal_ref_idc: 0
[h264 @ 0x5569477d9300] nal_unit_type: 1(Coded slice of a non-IDR picture), nal_ref_idc: 1
    Last message repeated 4 times
[Parsed_fps_0 @ 0x7fb3e0001980] Read frame with in pts 34275, out pts 1371
[Parsed_fps_0 @ 0x7fb3e0001980] Writing frame with pts 1370 to pts 1370
bench:        1 user        0 sys        1 real decode_video 0:1 
    Last message repeated 1 times
[h264 @ 0x5569477d9300] nal_unit_type: 6(SEI), nal_ref_idc: 0
[h264 @ 0x5569477d9300] nal_unit_type: 1(Coded slice of a non-IDR picture), nal_ref_idc: 1
    Last message repeated 1 times
[Parsed_fps_0 @ 0x7fb3e0001980] Read frame with in pts 34300, out pts 1372
[Parsed_fps_0 @ 0x7fb3e0001980] Writing frame with pts 1371 to pts 1371
[h264 @ 0x5569477d9300] nal_unit_type: 1(Coded slice of a non-IDR picture), nal_ref_idc: 1
    Last message repeated 2 times
bench:        1 user        0 sys        2 real decode_video 0:1 
bench:        0 user        0 sys        0 real decode_video 0:1 
[h264 @ 0x5569477d9300] nal_unit_type: 6(SEI), nal_ref_idc: 0
[h264 @ 0x5569477d9300] nal_unit_type: 1(Coded slice of a non-IDR picture), nal_ref_idc: 1
    Last message repeated 4 times
[Parsed_fps_0 @ 0x7fb3e0001980] Read frame with in pts 34325, out pts 1373
[Parsed_fps_0 @ 0x7fb3e0001980] Writing frame with pts 1372 to pts 1372
bench:        1 user        0 sys        1 real decode_video 0:1 
bench:        0 user        0 sys        0 real decode_video 0:1 
[h264 @ 0x5569477d9300] nal_unit_type: 6(SEI), nal_ref_idc: 0
[h264 @ 0x5569477d9300] nal_unit_type: 1(Coded slice of a non-IDR picture), nal_ref_idc: 1
    Last message repeated 4 times
[Parsed_fps_0 @ 0x7fb3e0001980] Read frame with in pts 34350, out pts 1374
[Parsed_fps_0 @ 0x7fb3e0001980] Writing frame with pts 1373 to pts 1373
bench:        1 user        0 sys        1 real decode_video 0:1 
    Last message repeated 1 times
[h264 @ 0x5569477d9300] nal_unit_type: 6(SEI), nal_ref_idc: 0
[h264 @ 0x5569477d9300] nal_unit_type: 1(Coded slice of a non-IDR picture), nal_ref_idc: 1
    Last message repeated 4 times
[Parsed_fps_0 @ 0x7fb3e0001980] Read frame with in pts 34375, out pts 1375
[Parsed_fps_0 @ 0x7fb3e0001980] Writing frame with pts 1374 to pts 1374
bench:        1 user        0 sys        2 real decode_video 0:1 
bench:        1 user        0 sys        1 real decode_video 0:1 
[h264 @ 0x5569477d9300] nal_unit_type: 6(SEI), nal_ref_idc: 0
[Parsed_fps_0 @ 0x7fb3e0001980] Read frame with in pts 34400, out pts 1376
[Parsed_fps_0 @ 0x7fb3e0001980] Writing frame with pts 1375 to pts 1375
[h264 @ 0x5569477d9300] nal_unit_type: 1(Coded slice of a non-IDR picture), nal_ref_idc: 1
    Last message repeated 4 times
bench:        1 user        0 sys        1 real decode_video 0:1 
    Last message repeated 1 times
[h264 @ 0x5569477d9300] nal_unit_type: 6(SEI), nal_ref_idc: 0
[h264 @ 0x5569477d9300] nal_unit_type: 1(Coded slice of a non-IDR picture), nal_ref_idc: 1
    Last message repeated 4 times
[Parsed_fps_0 @ 0x7fb3e0001980] Read frame with in pts 34425, out pts 1377
[Parsed_fps_0 @ 0x7fb3e0001980] Writing frame with pts 1376 to pts 1376
bench:        1 user        0 sys        1 real decode_video 0:1 
bench:        0 user        0 sys        1 real decode_video 0:1 
[h264 @ 0x5569477d9300] nal_unit_type: 6(SEI), nal_ref_idc: 0
[h264 @ 0x5569477d9300] nal_unit_type: 1(Coded slice of a non-IDR picture), nal_ref_idc: 1
    Last message repeated 4 times
[Parsed_fps_0 @ 0x7fb3e0001980] Read frame with in pts 34450, out pts 1378
[Parsed_fps_0 @ 0x7fb3e0001980] Writing frame with pts 1377 to pts 1377
bench:        1 user        0 sys        1 real decode_video 0:1 
    Last message repeated 1 times
[h264 @ 0x5569477d9300] nal_unit_type: 6(SEI), nal_ref_idc: 0
[h264 @ 0x5569477d9300] nal_unit_type: 1(Coded slice of a non-IDR picture), nal_ref_idc: 1
    Last message repeated 4 times
[Parsed_fps_0 @ 0x7fb3e0001980] Read frame with in pts 34475, out pts 1379
[Parsed_fps_0 @ 0x7fb3e0001980] Writing frame with pts 1378 to pts 1378
bench:        1 user        0 sys        1 real decode_video 0:1 
    Last message repeated 1 times
[Parsed_fps_0 @ 0x7fb3e0001980] Read frame with in pts 34500, out pts 1380
[Parsed_fps_0 @ 0x7fb3e0001980] Writing frame with pts 1379 to pts 1379
[h264 @ 0x5569477d9300] nal_unit_type: 6(SEI), nal_ref_idc: 0
[h264 @ 0x5569477d9300] nal_unit_type: 1(Coded slice of a non-IDR picture), nal_ref_idc: 1
    Last message repeated 4 times
bench:       20 user        0 sys        0 real decode_video 0:1 
bench:        1 user        0 sys        1 real decode_video 0:1 
[h264 @ 0x5569477d9300] nal_unit_type: 6(SEI), nal_ref_idc: 0
[h264 @ 0x5569477d9300] nal_unit_type: 1(Coded slice of a non-IDR picture), nal_ref_idc: 1
    Last message repeated 4 times
[Parsed_fps_0 @ 0x7fb3e0001980] Read frame with in pts 34525, out pts 1381
[Parsed_fps_0 @ 0x7fb3e0001980] Writing frame with pts 1380 to pts 1380
bench:        1 user        0 sys        1 real decode_video 0:1 
bench:        1 user        0 sys        0 real decode_video 0:1 
[h264 @ 0x5569477d9300] nal_unit_type: 6(SEI), nal_ref_idc: 0
[h264 @ 0x5569477d9300] nal_unit_type: 1(Coded slice of a non-IDR picture), nal_ref_idc: 1
    Last message repeated 4 times
[Parsed_fps_0 @ 0x7fb3e0001980] Read frame with in pts 34550, out pts 1382
[Parsed_fps_0 @ 0x7fb3e0001980] Writing frame with pts 1381 to pts 1381
bench:        1 user        0 sys        1 real decode_video 0:1 
    Last message repeated 1 times
[h264 @ 0x5569477d9300] nal_unit_type: 6(SEI), nal_ref_idc: 0
[h264 @ 0x5569477d9300] nal_unit_type: 1(Coded slice of a non-IDR picture), nal_ref_idc: 1
    Last message repeated 4 times
[Parsed_fps_0 @ 0x7fb3e0001980] Read frame with in pts 34575, out pts 1383
[Parsed_fps_0 @ 0x7fb3e0001980] Writing frame with pts 1382 to pts 1382
bench:        1 user        0 sys        1 real decode_video 0:1 
    Last message repeated 1 times
[h264 @ 0x5569477d9300] nal_unit_type: 6(SEI), nal_ref_idc: 0
[h264 @ 0x5569477d9300] nal_unit_type: 1(Coded slice of a non-IDR picture), nal_ref_idc: 1
    Last message repeated 4 times
[Parsed_fps_0 @ 0x7fb3e0001980] Read frame with in pts 34600, out pts 1384
[Parsed_fps_0 @ 0x7fb3e0001980] Writing frame with pts 1383 to pts 1383
bench:        0 user        0 sys        1 real decode_video 0:1 
bench:        1 user        0 sys        1 real decode_video 0:1 
[Parsed_fps_0 @ 0x7fb3e0001980] Read frame with in pts 34625, out pts 1385
[Parsed_fps_0 @ 0x7fb3e0001980] Writing frame with pts 1384 to pts 1384
[h264 @ 0x5569477d9300] nal_unit_type: 6(SEI), nal_ref_idc: 0
[h264 @ 0x5569477d9300] nal_unit_type: 1(Coded slice of a non-IDR picture), nal_ref_idc: 1
    Last message repeated 4 times
bench:        1 user        0 sys        1 real decode_video 0:1 
    Last message repeated 1 times
[h264 @ 0x5569477d9300] nal_unit_type: 6(SEI), nal_ref_idc: 0
[h264 @ 0x5569477d9300] nal_unit_type: 1(Coded slice of a non-IDR picture), nal_ref_idc: 1
    Last message repeated 4 times
[Parsed_fps_0 @ 0x7fb3e0001980] Read frame with in pts 34650, out pts 1386
[Parsed_fps_0 @ 0x7fb3e0001980] Writing frame with pts 1385 to pts 1385
bench:        0 user        0 sys        1 real decode_video 0:1 
bench:        1 user        0 sys        1 real decode_video 0:1 
[h264 @ 0x5569477d9300] nal_unit_type: 6(SEI), nal_ref_idc: 0
[h264 @ 0x5569477d9300] nal_unit_type: 1(Coded slice of a non-IDR picture), nal_ref_idc: 1
    Last message repeated 4 times
[Parsed_fps_0 @ 0x7fb3e0001980] Read frame with in pts 34675, out pts 1387
[Parsed_fps_0 @ 0x7fb3e0001980] Writing frame with pts 1386 to pts 1386
bench:        0 user        0 sys        1 real decode_video 0:1 
bench:        1 user        0 sys        1 real decode_video 0:1 
[h264 @ 0x5569477d9300] nal_unit_type: 6(SEI), nal_ref_idc: 0
[h264 @ 0x5569477d9300] nal_unit_type: 1(Coded slice of a non-IDR picture), nal_ref_idc: 1
    Last message repeated 4 times
[Parsed_fps_0 @ 0x7fb3e0001980] Read frame with in pts 34700, out pts 1388
[Parsed_fps_0 @ 0x7fb3e0001980] Writing frame with pts 1387 to pts 1387
bench:        1 user        0 sys        1 real decode_video 0:1 
bench:        1 user        0 sys        0 real decode_video 0:1 
[h264 @ 0x5569477d9300] nal_unit_type: 6(SEI), nal_ref_idc: 0
[h264 @ 0x5569477d9300] nal_unit_type: 1(Coded slice of a non-IDR picture), nal_ref_idc: 1
    Last message repeated 4 times
[Parsed_fps_0 @ 0x7fb3e0001980] Read frame with in pts 34725, out pts 1389
[Parsed_fps_0 @ 0x7fb3e0001980] Writing frame with pts 1388 to pts 1388
bench:        1 user        0 sys        1 real decode_video 0:1 
bench:        0 user        0 sys        1 real decode_video 0:1 
[h264 @ 0x5569477d9300] nal_unit_type: 6(SEI), nal_ref_idc: 0
[h264 @ 0x5569477d9300] nal_unit_type: 1(Coded slice of a non-IDR picture), nal_ref_idc: 1
    Last message repeated 4 times
[Parsed_fps_0 @ 0x7fb3e0001980] Read frame with in pts 34750, out pts 1390
[Parsed_fps_0 @ 0x7fb3e0001980] Writing frame with pts 1389 to pts 1389
bench:        0 user        0 sys        1 real decode_video 0:1 
bench:        1 user        0 sys        0 real decode_video 0:1 
[h264 @ 0x5569477d9300] nal_unit_type: 6(SEI), nal_ref_idc: 0
[h264 @ 0x5569477d9300] nal_unit_type: 1(Coded slice of a non-IDR picture), nal_ref_idc: 1
    Last message repeated 4 times
[Parsed_fps_0 @ 0x7fb3e0001980] Read frame with in pts 34775, out pts 1391
[Parsed_fps_0 @ 0x7fb3e0001980] Writing frame with pts 1390 to pts 1390
bench:        0 user        0 sys        1 real decode_video 0:1 
    Last message repeated 1 times
[h264 @ 0x5569477d9300] nal_unit_type: 6(SEI), nal_ref_idc: 0
[h264 @ 0x5569477d9300] nal_unit_type: 1(Coded slice of a non-IDR picture), nal_ref_idc: 1
    Last message repeated 4 times
[Parsed_fps_0 @ 0x7fb3e0001980] Read frame with in pts 34800, out pts 1392
[Parsed_fps_0 @ 0x7fb3e0001980] Writing frame with pts 1391 to pts 1391
bench:        0 user        0 sys        2 real decode_video 0:1 
bench:        0 user        0 sys        0 real decode_video 0:1 
[h264 @ 0x5569477d9300] nal_unit_type: 6(SEI), nal_ref_idc: 0
[h264 @ 0x5569477d9300] nal_unit_type: 1(Coded slice of a non-IDR picture), nal_ref_idc: 1
    Last message repeated 4 times
[Parsed_fps_0 @ 0x7fb3e0001980] Read frame with in pts 34825, out pts 1393
[Parsed_fps_0 @ 0x7fb3e0001980] Writing frame with pts 1392 to pts 1392
bench:        1 user        0 sys        1 real decode_video 0:1 
    Last message repeated 1 times
[Parsed_fps_0 @ 0x7fb3e0001980] Read frame with in pts 34850, out pts 1394
[h264 @ 0x5569477d9300] nal_unit_type: 6(SEI), nal_ref_idc: 0
[h264 @ 0x5569477d9300] nal_unit_type: 1(Coded slice of a non-IDR picture), nal_ref_idc: 1
    Last message repeated 4 times
[Parsed_fps_0 @ 0x7fb3e0001980] Writing frame with pts 1393 to pts 1393
bench:        1 user        0 sys        1 real decode_video 0:1 
bench:        0 user        0 sys        0 real decode_video 0:1 
[h264 @ 0x5569477d9300] nal_unit_type: 6(SEI), nal_ref_idc: 0
[h264 @ 0x5569477d9300] nal_unit_type: 1(Coded slice of a non-IDR picture), nal_ref_idc: 1
    Last message repeated 4 times
[Parsed_fps_0 @ 0x7fb3e0001980] Read frame with in pts 34875, out pts 1395
[Parsed_fps_0 @ 0x7fb3e0001980] Writing frame with pts 1394 to pts 1394
bench:        1 user        0 sys        1 real decode_video 0:1 
bench:        0 user        0 sys        0 real decode_video 0:1 
[h264 @ 0x5569477d9300] nal_unit_type: 6(SEI), nal_ref_idc: 0
[h264 @ 0x5569477d9300] nal_unit_type: 1(Coded slice of a non-IDR picture), nal_ref_idc: 1
    Last message repeated 4 times
[Parsed_fps_0 @ 0x7fb3e0001980] Read frame with in pts 34900, out pts 1396
[Parsed_fps_0 @ 0x7fb3e0001980] Writing frame with pts 1395 to pts 1395
bench:        1 user        0 sys        1 real decode_video 0:1 
    Last message repeated 1 times
[h264 @ 0x5569477d9300] nal_unit_type: 6(SEI), nal_ref_idc: 0
[h264 @ 0x5569477d9300] nal_unit_type: 1(Coded slice of a non-IDR picture), nal_ref_idc: 1
    Last message repeated 4 times
[Parsed_fps_0 @ 0x7fb3e0001980] Read frame with in pts 34925, out pts 1397
[Parsed_fps_0 @ 0x7fb3e0001980] Writing frame with pts 1396 to pts 1396
bench:        1 user        0 sys        2 real decode_video 0:1 
bench:        0 user        0 sys        1 real decode_video 0:1 
[h264 @ 0x5569477d9300] nal_unit_type: 6(SEI), nal_ref_idc: 0
[h264 @ 0x5569477d9300] nal_unit_type: 1(Coded slice of a non-IDR picture), nal_ref_idc: 1
    Last message repeated 4 times
[Parsed_fps_0 @ 0x7fb3e0001980] Read frame with in pts 34950, out pts 1398
[Parsed_fps_0 @ 0x7fb3e0001980] Writing frame with pts 1397 to pts 1397
bench:        0 user        0 sys        1 real decode_video 0:1 
bench:        0 user        0 sys        0 real decode_video 0:1 
[h264 @ 0x5569477d9300] nal_unit_type: 6(SEI), nal_ref_idc: 0
[h264 @ 0x5569477d9300] nal_unit_type: 1(Coded slice of a non-IDR picture), nal_ref_idc: 1
    Last message repeated 4 times
[Parsed_fps_0 @ 0x7fb3e0001980] Read frame with in pts 34975, out pts 1399
[Parsed_fps_0 @ 0x7fb3e0001980] Writing frame with pts 1398 to pts 1398
bench:        0 user        0 sys        1 real decode_video 0:1 
bench:        1 user        0 sys        1 real decode_video 0:1 
[h264 @ 0x5569477d9300] nal_unit_type: 6(SEI), nal_ref_idc: 0
[h264 @ 0x5569477d9300] nal_unit_type: 1(Coded slice of a non-IDR picture), nal_ref_idc: 1
    Last message repeated 4 times
[Parsed_fps_0 @ 0x7fb3e0001980] Read frame with in pts 35000, out pts 1400
[Parsed_fps_0 @ 0x7fb3e0001980] Writing frame with pts 1399 to pts 1399
bench:        1 user        0 sys        2 real decode_video 0:1 
bench:        1 user        0 sys        1 real decode_video 0:1 
[h264 @ 0x5569477d9300] nal_unit_type: 6(SEI), nal_ref_idc: 0
[h264 @ 0x5569477d9300] nal_unit_type: 1(Coded slice of a non-IDR picture), nal_ref_idc: 1
    Last message repeated 4 times
[Parsed_fps_0 @ 0x7fb3e0001980] Read frame with in pts 35025, out pts 1401
[Parsed_fps_0 @ 0x7fb3e0001980] Writing frame with pts 1400 to pts 1400
bench:        1 user        0 sys        1 real decode_video 0:1 
bench:        1 user        0 sys        0 real decode_video 0:1 
[h264 @ 0x5569477d9300] nal_unit_type: 6(SEI), nal_ref_idc: 0
[h264 @ 0x5569477d9300] nal_unit_type: 1(Coded slice of a non-IDR picture), nal_ref_idc: 1
    Last message repeated 4 times
[Parsed_fps_0 @ 0x7fb3e0001980] Read frame with in pts 35050, out pts 1402
[Parsed_fps_0 @ 0x7fb3e0001980] Writing frame with pts 1401 to pts 1401
bench:        1 user        0 sys        1 real decode_video 0:1 
    Last message repeated 1 times
[h264 @ 0x5569477d9300] nal_unit_type: 6(SEI), nal_ref_idc: 0
[h264 @ 0x5569477d9300] nal_unit_type: 1(Coded slice of a non-IDR picture), nal_ref_idc: 1
    Last message repeated 4 times
[Parsed_fps_0 @ 0x7fb3e0001980] Read frame with in pts 35075, out pts 1403
[Parsed_fps_0 @ 0x7fb3e0001980] Writing frame with pts 1402 to pts 1402
bench:        1 user        0 sys        1 real decode_video 0:1 
    Last message repeated 1 times
[h264 @ 0x5569477d9300] nal_unit_type: 6(SEI), nal_ref_idc: 0
[h264 @ 0x5569477d9300] nal_unit_type: 1(Coded slice of a non-IDR picture), nal_ref_idc: 1
    Last message repeated 4 times
[Parsed_fps_0 @ 0x7fb3e0001980] Read frame with in pts 35100, out pts 1404
[Parsed_fps_0 @ 0x7fb3e0001980] Writing frame with pts 1403 to pts 1403
bench:        1 user        0 sys        1 real decode_video 0:1 
    Last message repeated 1 times
[h264 @ 0x5569477d9300] nal_unit_type: 6(SEI), nal_ref_idc: 0
[h264 @ 0x5569477d9300] nal_unit_type: 1(Coded slice of a non-IDR picture), nal_ref_idc: 1
    Last message repeated 4 times
[Parsed_fps_0 @ 0x7fb3e0001980] Read frame with in pts 35125, out pts 1405
[Parsed_fps_0 @ 0x7fb3e0001980] Writing frame with pts 1404 to pts 1404
bench:        1 user        0 sys        1 real decode_video 0:1 
bench:        1 user        0 sys        0 real decode_video 0:1 
[h264 @ 0x5569477d9300] nal_unit_type: 6(SEI), nal_ref_idc: 0
[h264 @ 0x5569477d9300] nal_unit_type: 1(Coded slice of a non-IDR picture), nal_ref_idc: 1
    Last message repeated 4 times
[Parsed_fps_0 @ 0x7fb3e0001980] Read frame with in pts 35150, out pts 1406
[Parsed_fps_0 @ 0x7fb3e0001980] Writing frame with pts 1405 to pts 1405
bench:        2 user        0 sys        2 real decode_video 0:1 
bench:        0 user        0 sys        0 real decode_video 0:1 
[h264 @ 0x5569477d9300] nal_unit_type: 6(SEI), nal_ref_idc: 0
[h264 @ 0x5569477d9300] nal_unit_type: 5(IDR), nal_ref_idc: 1
[Parsed_fps_0 @ 0x7fb3e0001980] Read frame with in pts 35175, out pts 1407
[Parsed_fps_0 @ 0x7fb3e0001980] Writing frame with pts 1406 to pts 1406
[h264 @ 0x5569477d9300] nal_unit_type: 5(IDR), nal_ref_idc: 1
    Last message repeated 3 times
bench:        1 user        0 sys        1 real decode_video 0:1 
bench:        0 user        0 sys        0 real decode_video 0:1 
[h264 @ 0x5569477d9300] nal_unit_type: 6(SEI), nal_ref_idc: 0
[h264 @ 0x5569477d9300] nal_unit_type: 1(Coded slice of a non-IDR picture), nal_ref_idc: 1
    Last message repeated 4 times
[Parsed_fps_0 @ 0x7fb3e0001980] Read frame with in pts 35200, out pts 1408
[Parsed_fps_0 @ 0x7fb3e0001980] Writing frame with pts 1407 to pts 1407
bench:        1 user        0 sys        1 real decode_video 0:1 
    Last message repeated 1 times
[h264 @ 0x5569477d9300] nal_unit_type: 6(SEI), nal_ref_idc: 0
[h264 @ 0x5569477d9300] nal_unit_type: 1(Coded slice of a non-IDR picture), nal_ref_idc: 1
    Last message repeated 4 times
[Parsed_fps_0 @ 0x7fb3e0001980] Read frame with in pts 35225, out pts 1409
[Parsed_fps_0 @ 0x7fb3e0001980] Writing frame with pts 1408 to pts 1408
bench:        2 user        0 sys        3 real decode_video 0:1 
bench:        1 user        0 sys        1 real decode_video 0:1 
[h264 @ 0x5569477d9300] nal_unit_type: 6(SEI), nal_ref_idc: 0
[h264 @ 0x5569477d9300] nal_unit_type: 1(Coded slice of a non-IDR picture), nal_ref_idc: 1
    Last message repeated 4 times
[Parsed_fps_0 @ 0x7fb3e0001980] Read frame with in pts 35250, out pts 1410
[Parsed_fps_0 @ 0x7fb3e0001980] Writing frame with pts 1409 to pts 1409
bench:        2 user        0 sys        3 real decode_video 0:1 
bench:        1 user        0 sys        1 real decode_video 0:1 
[Parsed_fps_0 @ 0x7fb3e0001980] Read frame with in pts 35275, out pts 1411
[Parsed_fps_0 @ 0x7fb3e0001980] Writing frame with pts 1410 to pts 1410
[h264 @ 0x5569477d9300] nal_unit_type: 6(SEI), nal_ref_idc: 0
[h264 @ 0x5569477d9300] nal_unit_type: 1(Coded slice of a non-IDR picture), nal_ref_idc: 1
    Last message repeated 4 times
bench:        1 user        0 sys        2 real decode_video 0:1 
bench:        1 user        0 sys        1 real decode_video 0:1 
[h264 @ 0x5569477d9300] nal_unit_type: 6(SEI), nal_ref_idc: 0
[h264 @ 0x5569477d9300] nal_unit_type: 1(Coded slice of a non-IDR picture), nal_ref_idc: 1
    Last message repeated 4 times
[Parsed_fps_0 @ 0x7fb3e0001980] Read frame with in pts 35300, out pts 1412
[Parsed_fps_0 @ 0x7fb3e0001980] Writing frame with pts 1411 to pts 1411
bench:        2 user        0 sys        4 real decode_video 0:1 
bench:        1 user        0 sys        1 real decode_video 0:1 
[h264 @ 0x5569477d9300] nal_unit_type: 6(SEI), nal_ref_idc: 0
[h264 @ 0x5569477d9300] nal_unit_type: 1(Coded slice of a non-IDR picture), nal_ref_idc: 1
    Last message repeated 4 times
[Parsed_fps_0 @ 0x7fb3e0001980] Read frame with in pts 35325, out pts 1413
[Parsed_fps_0 @ 0x7fb3e0001980] Writing frame with pts 1412 to pts 1412
bench:        1 user        0 sys        2 real decode_video 0:1 
bench:        1 user        0 sys        1 real decode_video 0:1 
[h264 @ 0x5569477d9300] nal_unit_type: 6(SEI), nal_ref_idc: 0
[h264 @ 0x5569477d9300] nal_unit_type: 1(Coded slice of a non-IDR picture), nal_ref_idc: 1
    Last message repeated 4 times
[Parsed_fps_0 @ 0x7fb3e0001980] Read frame with in pts 35350, out pts 1414
[Parsed_fps_0 @ 0x7fb3e0001980] Writing frame with pts 1413 to pts 1413
bench:        1 user        0 sys        1 real decode_video 0:1 
bench:        1 user        0 sys        0 real decode_video 0:1 
[h264 @ 0x5569477d9300] nal_unit_type: 6(SEI), nal_ref_idc: 0
[h264 @ 0x5569477d9300] nal_unit_type: 1(Coded slice of a non-IDR picture), nal_ref_idc: 1
    Last message repeated 4 times
[Parsed_fps_0 @ 0x7fb3e0001980] Read frame with in pts 35375, out pts 1415
[Parsed_fps_0 @ 0x7fb3e0001980] Writing frame with pts 1414 to pts 1414
bench:        1 user        0 sys        1 real decode_video 0:1 
bench:        0 user        0 sys        1 real decode_video 0:1 
[h264 @ 0x5569477d9300] nal_unit_type: 6(SEI), nal_ref_idc: 0
[h264 @ 0x5569477d9300] nal_unit_type: 1(Coded slice of a non-IDR picture), nal_ref_idc: 1
    Last message repeated 4 times
[Parsed_fps_0 @ 0x7fb3e0001980] Read frame with in pts 35400, out pts 1416
[Parsed_fps_0 @ 0x7fb3e0001980] Writing frame with pts 1415 to pts 1415
bench:        1 user        0 sys        1 real decode_video 0:1 
    Last message repeated 1 times
[h264 @ 0x5569477d9300] nal_unit_type: 6(SEI), nal_ref_idc: 0
[h264 @ 0x5569477d9300] nal_unit_type: 1(Coded slice of a non-IDR picture), nal_ref_idc: 1
    Last message repeated 4 times
[Parsed_fps_0 @ 0x7fb3e0001980] Read frame with in pts 35425, out pts 1417
[Parsed_fps_0 @ 0x7fb3e0001980] Writing frame with pts 1416 to pts 1416
bench:        1 user        0 sys        3 real decode_video 0:1 
bench:        0 user        0 sys        1 real decode_video 0:1 
[h264 @ 0x5569477d9300] nal_unit_type: 6(SEI), nal_ref_idc: 0
[h264 @ 0x5569477d9300] nal_unit_type: 1(Coded slice of a non-IDR picture), nal_ref_idc: 1
    Last message repeated 4 times
[Parsed_fps_0 @ 0x7fb3e0001980] Read frame with in pts 35450, out pts 1418
[Parsed_fps_0 @ 0x7fb3e0001980] Writing frame with pts 1417 to pts 1417
bench:        0 user        0 sys        1 real decode_video 0:1 
bench:        0 user        0 sys        0 real decode_video 0:1 
[h264 @ 0x5569477d9300] nal_unit_type: 6(SEI), nal_ref_idc: 0
[h264 @ 0x5569477d9300] nal_unit_type: 1(Coded slice of a non-IDR picture), nal_ref_idc: 1
    Last message repeated 4 times
[Parsed_fps_0 @ 0x7fb3e0001980] Read frame with in pts 35475, out pts 1419
[Parsed_fps_0 @ 0x7fb3e0001980] Writing frame with pts 1418 to pts 1418
bench:        1 user        0 sys        2 real decode_video 0:1 
bench:        1 user        0 sys        1 real decode_video 0:1 
[h264 @ 0x5569477d9300] nal_unit_type: 6(SEI), nal_ref_idc: 0
[h264 @ 0x5569477d9300] nal_unit_type: 1(Coded slice of a non-IDR picture), nal_ref_idc: 1
    Last message repeated 4 times
[Parsed_fps_0 @ 0x7fb3e0001980] Read frame with in pts 35500, out pts 1420
[Parsed_fps_0 @ 0x7fb3e0001980] Writing frame with pts 1419 to pts 1419
bench:        1 user        0 sys        1 real decode_video 0:1 
bench:        0 user        0 sys        0 real decode_video 0:1 
[h264 @ 0x5569477d9300] nal_unit_type: 6(SEI), nal_ref_idc: 0
[h264 @ 0x5569477d9300] nal_unit_type: 1(Coded slice of a non-IDR picture), nal_ref_idc: 1
    Last message repeated 4 times
[Parsed_fps_0 @ 0x7fb3e0001980] Read frame with in pts 35525, out pts 1421
[Parsed_fps_0 @ 0x7fb3e0001980] Writing frame with pts 1420 to pts 1420
bench:        1 user        0 sys        1 real decode_video 0:1 
bench:        0 user        0 sys        0 real decode_video 0:1 
[h264 @ 0x5569477d9300] nal_unit_type: 6(SEI), nal_ref_idc: 0
[h264 @ 0x5569477d9300] nal_unit_type: 1(Coded slice of a non-IDR picture), nal_ref_idc: 1
    Last message repeated 4 times
[Parsed_fps_0 @ 0x7fb3e0001980] Read frame with in pts 35550, out pts 1422
[Parsed_fps_0 @ 0x7fb3e0001980] Writing frame with pts 1421 to pts 1421
bench:        1 user        0 sys        1 real decode_video 0:1 
    Last message repeated 1 times
[h264 @ 0x5569477d9300] nal_unit_type: 6(SEI), nal_ref_idc: 0
[h264 @ 0x5569477d9300] nal_unit_type: 1(Coded slice of a non-IDR picture), nal_ref_idc: 1
    Last message repeated 4 times
[Parsed_fps_0 @ 0x7fb3e0001980] Read frame with in pts 35575, out pts 1423
[Parsed_fps_0 @ 0x7fb3e0001980] Writing frame with pts 1422 to pts 1422
bench:        2 user        0 sys        4 real decode_video 0:1 
bench:        1 user        0 sys        1 real decode_video 0:1 
[h264 @ 0x5569477d9300] nal_unit_type: 6(SEI), nal_ref_idc: 0
[h264 @ 0x5569477d9300] nal_unit_type: 1(Coded slice of a non-IDR picture), nal_ref_idc: 1
    Last message repeated 4 times
[Parsed_fps_0 @ 0x7fb3e0001980] Read frame with in pts 35600, out pts 1424
[Parsed_fps_0 @ 0x7fb3e0001980] Writing frame with pts 1423 to pts 1423
bench:        1 user        0 sys        1 real decode_video 0:1 
    Last message repeated 1 times
[h264 @ 0x5569477d9300] nal_unit_type: 6(SEI), nal_ref_idc: 0
[h264 @ 0x5569477d9300] nal_unit_type: 1(Coded slice of a non-IDR picture), nal_ref_idc: 1
    Last message repeated 4 times
[Parsed_fps_0 @ 0x7fb3e0001980] Read frame with in pts 35625, out pts 1425
[Parsed_fps_0 @ 0x7fb3e0001980] Writing frame with pts 1424 to pts 1424
bench:        1 user        0 sys        2 real decode_video 0:1 
bench:        1 user        0 sys        1 real decode_video 0:1 
[h264 @ 0x5569477d9300] nal_unit_type: 6(SEI), nal_ref_idc: 0
[h264 @ 0x5569477d9300] nal_unit_type: 1(Coded slice of a non-IDR picture), nal_ref_idc: 1
    Last message repeated 4 times
bench:        1 user        0 sys        2 real decode_video 0:1 
bench:        1 user        0 sys        1 real decode_video 0:1 
[h264 @ 0x5569477d9300] nal_unit_type: 6(SEI), nal_ref_idc: 0
[h264 @ 0x5569477d9300] nal_unit_type: 1(Coded slice of a non-IDR picture), nal_ref_idc: 1
    Last message repeated 4 times
[Parsed_fps_0 @ 0x7fb3e0001980] Read frame with in pts 35650, out pts 1426
[Parsed_fps_0 @ 0x7fb3e0001980] Writing frame with pts 1425 to pts 1425
[Parsed_fps_0 @ 0x7fb3e0001980] Read frame with in pts 35675, out pts 1427
[Parsed_fps_0 @ 0x7fb3e0001980] Writing frame with pts 1426 to pts 1426
bench:        1 user        0 sys        2 real decode_video 0:1 
bench:        0 user        0 sys        0 real decode_video 0:1 
[h264 @ 0x5569477d9300] nal_unit_type: 6(SEI), nal_ref_idc: 0
[h264 @ 0x5569477d9300] nal_unit_type: 1(Coded slice of a non-IDR picture), nal_ref_idc: 1
    Last message repeated 4 times
[Parsed_fps_0 @ 0x7fb3e0001980] Read frame with in pts 35700, out pts 1428
[Parsed_fps_0 @ 0x7fb3e0001980] Writing frame with pts 1427 to pts 1427
bench:        1 user        0 sys        2 real decode_video 0:1 
bench:        1 user        0 sys        1 real decode_video 0:1 
[h264 @ 0x5569477d9300] nal_unit_type: 6(SEI), nal_ref_idc: 0
[h264 @ 0x5569477d9300] nal_unit_type: 1(Coded slice of a non-IDR picture), nal_ref_idc: 1
    Last message repeated 3 times
[Parsed_fps_0 @ 0x7fb3e0001980] Read frame with in pts 35725, out pts 1429
[Parsed_fps_0 @ 0x7fb3e0001980] Writing frame with pts 1428 to pts 1428
[h264 @ 0x5569477d9300] nal_unit_type: 1(Coded slice of a non-IDR picture), nal_ref_idc: 1
bench:        1 user        0 sys        1 real decode_video 0:1 
    Last message repeated 1 times
[h264 @ 0x5569477d9300] nal_unit_type: 6(SEI), nal_ref_idc: 0
[h264 @ 0x5569477d9300] nal_unit_type: 1(Coded slice of a non-IDR picture), nal_ref_idc: 1
    Last message repeated 4 times
[Parsed_fps_0 @ 0x7fb3e0001980] Read frame with in pts 35750, out pts 1430
[Parsed_fps_0 @ 0x7fb3e0001980] Writing frame with pts 1429 to pts 1429
[in#0/mov,mp4,m4a,3gp,3g2,mj2 @ 0x55694770a580] EOF while reading input
[in#0/mov,mp4,m4a,3gp,3g2,mj2 @ 0x55694770a580] Terminating thread with return code 0 (success)
bench:        1 user        0 sys        2 real decode_video 0:1 
bench:        0 user        0 sys        1 real decode_video 0:1 
[h264 @ 0x5569477d9300] nal_unit_type: 6(SEI), nal_ref_idc: 0
[h264 @ 0x5569477d9300] nal_unit_type: 1(Coded slice of a non-IDR picture), nal_ref_idc: 1
    Last message repeated 4 times
[Parsed_fps_0 @ 0x7fb3e0001980] Read frame with in pts 35775, out pts 1431
[Parsed_fps_0 @ 0x7fb3e0001980] Writing frame with pts 1430 to pts 1430
bench:        1 user        0 sys        1 real decode_video 0:1 
bench:        0 user        0 sys        0 real decode_video 0:1 
[h264 @ 0x5569477d9300] nal_unit_type: 6(SEI), nal_ref_idc: 0
[h264 @ 0x5569477d9300] nal_unit_type: 1(Coded slice of a non-IDR picture), nal_ref_idc: 1
    Last message repeated 4 times
[Parsed_fps_0 @ 0x7fb3e0001980] Read frame with in pts 35800, out pts 1432
[Parsed_fps_0 @ 0x7fb3e0001980] Writing frame with pts 1431 to pts 1431
bench:        0 user        0 sys        0 real decode_video 0:1 
bench:        1 user        0 sys        1 real decode_video 0:1 
[h264 @ 0x5569477d9300] nal_unit_type: 6(SEI), nal_ref_idc: 0
[h264 @ 0x5569477d9300] nal_unit_type: 1(Coded slice of a non-IDR picture), nal_ref_idc: 1
    Last message repeated 4 times
[Parsed_fps_0 @ 0x7fb3e0001980] Read frame with in pts 35825, out pts 1433
[Parsed_fps_0 @ 0x7fb3e0001980] Writing frame with pts 1432 to pts 1432
bench:        1 user        0 sys        0 real decode_video 0:1 
    Last message repeated 1 times
[h264 @ 0x5569477d9300] nal_unit_type: 6(SEI), nal_ref_idc: 0
[h264 @ 0x5569477d9300] nal_unit_type: 1(Coded slice of a non-IDR picture), nal_ref_idc: 1
    Last message repeated 4 times
[Parsed_fps_0 @ 0x7fb3e0001980] Read frame with in pts 35850, out pts 1434
[Parsed_fps_0 @ 0x7fb3e0001980] Writing frame with pts 1433 to pts 1433
bench:        1 user        0 sys        1 real decode_video 0:1 
bench:        0 user        0 sys        1 real decode_video 0:1 
[h264 @ 0x5569477d9300] nal_unit_type: 6(SEI), nal_ref_idc: 0
[h264 @ 0x5569477d9300] nal_unit_type: 1(Coded slice of a non-IDR picture), nal_ref_idc: 1
    Last message repeated 4 times
[Parsed_fps_0 @ 0x7fb3e0001980] Read frame with in pts 35875, out pts 1435
[Parsed_fps_0 @ 0x7fb3e0001980] Writing frame with pts 1434 to pts 1434
bench:        1 user        0 sys        1 real decode_video 0:1 
    Last message repeated 1 times
[h264 @ 0x5569477d9300] nal_unit_type: 6(SEI), nal_ref_idc: 0
[h264 @ 0x5569477d9300] nal_unit_type: 1(Coded slice of a non-IDR picture), nal_ref_idc: 1
    Last message repeated 4 times
[Parsed_fps_0 @ 0x7fb3e0001980] Read frame with in pts 35900, out pts 1436
[Parsed_fps_0 @ 0x7fb3e0001980] Writing frame with pts 1435 to pts 1435
bench:        1 user        0 sys        1 real decode_video 0:1 
bench:        1 user        0 sys        0 real decode_video 0:1 
[h264 @ 0x5569477d9300] nal_unit_type: 6(SEI), nal_ref_idc: 0
[h264 @ 0x5569477d9300] nal_unit_type: 1(Coded slice of a non-IDR picture), nal_ref_idc: 1
    Last message repeated 4 times
[Parsed_fps_0 @ 0x7fb3e0001980] Read frame with in pts 35925, out pts 1437
[Parsed_fps_0 @ 0x7fb3e0001980] Writing frame with pts 1436 to pts 1436
bench:        0 user        0 sys        1 real decode_video 0:1 
bench:        1 user        0 sys        1 real decode_video 0:1 
[h264 @ 0x5569477d9300] nal_unit_type: 6(SEI), nal_ref_idc: 0
[h264 @ 0x5569477d9300] nal_unit_type: 1(Coded slice of a non-IDR picture), nal_ref_idc: 1
    Last message repeated 4 times
[Parsed_fps_0 @ 0x7fb3e0001980] Read frame with in pts 35950, out pts 1438
[Parsed_fps_0 @ 0x7fb3e0001980] Writing frame with pts 1437 to pts 1437
bench:        1 user        0 sys        1 real decode_video 0:1 
bench:        0 user        0 sys        0 real decode_video 0:1 
[vist#0:1/h264 @ 0x556947720480] [dec:h264 @ 0x5569477d6340] Decoder thread received EOF packet
bench:        1 user        0 sys        1 real decode_video 0:1 
[vist#0:1/h264 @ 0x556947720480] [dec:h264 @ 0x5569477d6340] Decoder returned EOF, finishing
[vist#0:1/h264 @ 0x556947720480] [dec:h264 @ 0x5569477d6340] Terminating thread with return code 0 (success)
[Parsed_fps_0 @ 0x7fb3e0001980] Read frame with in pts 35975, out pts 1439
[Parsed_fps_0 @ 0x7fb3e0001980] Writing frame with pts 1438 to pts 1438
[Parsed_fps_0 @ 0x7fb3e0001980] EOF is at pts 1442
[Parsed_fps_0 @ 0x7fb3e0001980] Writing frame with pts 1439 to pts 1439
[Parsed_fps_0 @ 0x7fb3e0001980] Writing frame with pts 1439 to pts 1440
[Parsed_fps_0 @ 0x7fb3e0001980] Writing frame with pts 1439 to pts 1441
[Parsed_fps_0 @ 0x7fb3e0001980] Duplicated frame with pts 1439 2 times
[libx264 @ 0x55694770d240] using cpu capabilities: MMX2 SSE2Fast SSSE3 SSE4.2 AVX FMA3 BMI2 AVX2 AVX512
[libx264 @ 0x55694770d240] profile High, level 3.0, 4:2:0, 8-bit
[libx264 @ 0x55694770d240] 264 - core 164 r3108 31e19f9 - H.264/MPEG-4 AVC codec - Copyleft 2003-2023 - http://www.videolan.org/x264.html - options: cabac=1 ref=3 deblock=1:0:0 analyse=0x3:0x113 me=hex subme=7 psy=1 psy_rd=1.00:0.00 mixed_ref=1 me_range=16 chroma_me=1 trellis=1 8x8dct=1 cqm=0 deadzone=21,11 fast_pskip=1 chroma_qp_offset=-2 threads=1 lookahead_threads=1 sliced_threads=0 nr=0 decimate=1 interlaced=0 bluray_compat=0 constrained_intra=0 bframes=3 b_pyramid=2 b_adapt=1 b_bias=0 direct=1 weightb=1 open_gop=0 weightp=2 keyint=250 keyint_min=1 scenecut=40 intra_refresh=0 rc_lookahead=40 rc=crf mbtree=1 crf=23.0 qcomp=0.60 qpmin=0 qpmax=69 qpstep=4 ip_ratio=1.40 aq=1:1.00
Output #0, mp4, to '/workspace/video-export-size-estimation/artifacts/decoder-cost-study-2026-10-03/bunny-fps24-segment30-original-debug.mp4':
  Metadata:
    encoder         : Lavf61.7.103
  Stream #0:0, 0, 1/12288: Video: h264, 1 reference frame (avc1 / 0x31637661), yuv420p(tv, smpte170m/smpte170m/bt709, progressive, topleft), 640x360, 0/1, q=2-31, 24 fps, 12288 tbn (default)
      Metadata:
        encoder         : Lavc61.19.101 libx264
      Side data:
        cpb: bitrate max/min/avg: 0/0/0 buffer size: 0 vbv_delay: N/A
[out#0/mp4 @ 0x556947720600] Starting thread...
[out_#0:0 @ 0x7fb3e0002ac0] EOF on sink link out_#0:0:default.
[vf#0:0 @ 0x55694775b580] Filtergraph returned EOF, finishing
[vf#0:0 @ 0x55694775b580] All consumers returned EOF
[Parsed_fps_0 @ 0x7fb3e0001980] 1440 frames in, 1442 frames out; 0 frames dropped, 2 frames duplicated.
[vf#0:0 @ 0x55694775b580] Terminating thread with return code 0 (success)
bench:      715 user        0 sys      714 real encode_video 0.0 
bench:      748 user        0 sys      747 real encode_video 0.0 
[vost#0:0/libx264 @ 0x55694772c640] Encoder thread received EOF
[libx264 @ 0x55694770d240] frame=   0 QP=22.80 NAL=3 Slice:I Poc:0   I:920  P:0    SKIP:0    size=11280 bytes
bench:    16363 user        0 sys    16361 real flush_video 0.0 
[libx264 @ 0x55694770d240] frame=   1 QP=22.45 NAL=2 Slice:P Poc:2   I:4    P:59   SKIP:857  size=142 bytes
bench:     3966 user        0 sys     3903 real flush_video 0.0 
bench:      227 user        0 sys      220 real flush_video 0.0 
[vost#0:0/libx264 @ 0x55694772c640] Terminating thread with return code 0 (success)
[out#0/mp4 @ 0x556947720600] All streams finished
[out#0/mp4 @ 0x556947720600] Terminating thread with return code 0 (success)
[mp4 @ 0x55694772d380] Starting second pass: moving the moov atom to the beginning of the file
[mp4 @ 0x55694772d380] Opening '/workspace/video-export-size-estimation/artifacts/decoder-cost-study-2026-10-03/bunny-fps24-segment30-original-debug.mp4' for reading
[file @ 0x5569477d4100] Setting default whitelist 'file,crypto,data'
[AVIOContext @ 0x55694779e380] Statistics: 12159 bytes read, 0 seeks
[AVIOContext @ 0x5569477d7800] Statistics: 25115 bytes written, 4 seeks, 5 writeouts
[out#0/mp4 @ 0x556947720600] Output file #0 (/workspace/video-export-size-estimation/artifacts/decoder-cost-study-2026-10-03/bunny-fps24-segment30-original-debug.mp4):
[out#0/mp4 @ 0x556947720600]   Output stream #0:0 (video): 2 frames encoded; 2 packets muxed (12110 bytes); 
[out#0/mp4 @ 0x556947720600]   Total: 2 packets (12110 bytes) muxed
[out#0/mp4 @ 0x556947720600] video:12KiB audio:0KiB subtitle:0KiB other streams:0KiB global headers:0KiB muxing overhead: 7.217176%
frame=    2 fps=0.0 q=28.0 Lsize=      13KiB time=00:00:00.08 bitrate=1246.5kbits/s speed=0.128x    
bench: utime=0.629s stime=0.074s rtime=0.650s
bench: maxrss=47120KiB
[libx264 @ 0x55694770d240] frame I:1     Avg QP:22.80  size: 11280
[libx264 @ 0x55694770d240] frame P:1     Avg QP:22.45  size:   142
[libx264 @ 0x55694770d240] mb I  I16..4: 25.4% 55.9% 18.7%
[libx264 @ 0x55694770d240] mb P  I16..4:  0.4%  0.0%  0.0%  P16..4:  5.8%  0.7%  0.0%  0.0%  0.0%    skip:93.2%
[libx264 @ 0x55694770d240] 8x8 transform intra:55.6%
[libx264 @ 0x55694770d240] coded y,uvDC,uvAC intra: 47.9% 76.0% 22.9% inter: 0.0% 0.5% 0.0%
[libx264 @ 0x55694770d240] i16 v,h,dc,p:  8% 37%  7% 48%
[libx264 @ 0x55694770d240] i8 v,h,dc,ddl,ddr,vr,hd,vl,hu: 19% 27% 21%  6%  6%  5%  6%  5%  5%
[libx264 @ 0x55694770d240] i4 v,h,dc,ddl,ddr,vr,hd,vl,hu: 23% 14% 16%  7% 10%  8%  7%  8%  7%
[libx264 @ 0x55694770d240] i8c dc,h,v,p: 43% 32% 18%  7%
[libx264 @ 0x55694770d240] Weighted P-Frames: Y:0.0% UV:0.0%
[libx264 @ 0x55694770d240] kb/s:1096.51
[in#0/mov,mp4,m4a,3gp,3g2,mj2 @ 0x55694770a580] Input file #0 (/tmp/video-estimation-research/bunny.mp4):
[in#0/mov,mp4,m4a,3gp,3g2,mj2 @ 0x55694770a580]   Input stream #0:1 (video): 1440 packets read (4598601 bytes); 1440 frames decoded; 0 decode errors; 
[in#0/mov,mp4,m4a,3gp,3g2,mj2 @ 0x55694770a580]   Total: 1440 packets (4598601 bytes) demuxed
[AVIOContext @ 0x556947712f00] Statistics: 5510872 bytes read, 0 seeks
